id,name,yomi,former_shrine_rank,shikinaisha_type,ichinomiya_name,province,county,prefecture,city,address,lat,lng,gmap_url,main_god_ids,sub_god_ids,description,source_key,source_id,db_tier
T2S181734_1,(下立松原神社の合祀)天神社,,,小,,,朝夷郡,,,,34.9153250,139.8678500,"https://maps.google.com/?q=34.9153250,139.8678500",,,延喜式内社データベースの現社候補,KOKUGAKUIN_SHIKINAI,181734:1,2
T2S181749_1,(合祀)健田須賀神社,,,小,,,結城郡,,,,36.3024972,139.8749583,"https://maps.google.com/?q=36.3024972,139.8749583",,,延喜式内社データベースの現社候補,KOKUGAKUIN_SHIKINAI,181749:1,2
T2S183085_2,(旧地？)元百射山神社,,,小,,,窪屋郡,,,,34.6502556,133.7577222,"https://maps.google.com/?q=34.6502556,133.7577222",,,延喜式内社データベースの現社候補,KOKUGAKUIN_SHIKINAI,183085:2,2
T2S181715_2,(旧社地)不動寺(大里郡寄居町富田),,,小,,,男衾郡,,,,36.1023250,139.2363361,"https://maps.google.com/?q=36.1023250,139.2363361",,,延喜式内社データベースの現社候補,KOKUGAKUIN_SHIKINAI,181715:2,2
T2S181728_2,(旧社地)元森神社・八坂神社,,,名大,,,児玉郡,,,,36.1845389,139.0775833,"https://maps.google.com/?q=36.1845389,139.0775833",,,延喜式内社データベースの現社候補,KOKUGAKUIN_SHIKINAI,181728:2,2
T2S181451_2,(旧社地)天神社,,,小,,,愛智郡,,,,35.0814778,136.9514583,"https://maps.google.com/?q=35.0814778,136.9514583",,,延喜式内社データベースの現社候補,KOKUGAKUIN_SHIKINAI,181451:2,2
T2S181722_3,(旧社地)水天宮石碑,,,小,,,賀美郡,,,,36.2401944,139.1021028,"https://maps.google.com/?q=36.2401944,139.1021028",,,延喜式内社データベースの現社候補,KOKUGAKUIN_SHIKINAI,181722:3,2
T2S181730_1,(現社地)伊古乃速御玉比売神社,,,小,,,比企郡,,,,36.0742111,139.3395917,"https://maps.google.com/?q=36.0742111,139.3395917",,,延喜式内社データベースの現社候補,KOKUGAKUIN_SHIKINAI,181730:1,2
T2S181706_1,(現社地)伊波比神社,,,小,,,横見郡,,,,36.0545111,139.4427056,"https://maps.google.com/?q=36.0545111,139.4427056",,,延喜式内社データベースの現社候補,KOKUGAKUIN_SHIKINAI,181706:1,2
T2S181715_1,(現社地)小被神社,,,小,,,男衾郡,,,,36.1103722,139.2401806,"https://maps.google.com/?q=36.1103722,139.2401806",,,延喜式内社データベースの現社候補,KOKUGAKUIN_SHIKINAI,181715:1,2
T2S181728_1,(現社地)金鑚神社,,,名大,,,児玉郡,,,,36.1804167,139.0729167,"https://maps.google.com/?q=36.1804167,139.0729167",,,延喜式内社データベースの現社候補,KOKUGAKUIN_SHIKINAI,181728:1,2
T2S181722_1,(現社地)長幡部神社,,,小,,,賀美郡,,,,36.2434222,139.1108222,"https://maps.google.com/?q=36.2434222,139.1108222",,,延喜式内社データベースの現社候補,KOKUGAKUIN_SHIKINAI,181722:1,2
T2S181737_1,(現社地)高家神社,,,小,,,朝夷郡,,,,34.9625694,139.9496500,"https://maps.google.com/?q=34.9625694,139.9496500",,,延喜式内社データベースの現社候補,KOKUGAKUIN_SHIKINAI,181737:1,2
T2S181708_2,(論)中氷川神社(所沢市三ヶ島),,,小,,,入間郡,,,,35.7895694,139.3975722,"https://maps.google.com/?q=35.7895694,139.3975722",,,延喜式内社データベースの現社候補,KOKUGAKUIN_SHIKINAI,181708:2,2
T2S181708_1,(論)中氷川神社(所沢市山口),,,小,,,入間郡,,,,35.7789111,139.4301361,"https://maps.google.com/?q=35.7789111,139.4301361",,,延喜式内社データベースの現社候補,KOKUGAKUIN_SHIKINAI,181708:1,2
T2S181719_2,(論)八幡神社(三ヶ尻),,,小,,,播羅郡,,,,36.1595583,139.3196361,"https://maps.google.com/?q=36.1595583,139.3196361",,,延喜式内社データベースの現社候補,KOKUGAKUIN_SHIKINAI,181719:2,2
T2S181716_1,(論)出雲乃伊波比神社(大里郡寄居町),,,小,,,男衾郡,,,,36.1124417,139.2420750,"https://maps.google.com/?q=36.1124417,139.2420750",,,延喜式内社データベースの現社候補,KOKUGAKUIN_SHIKINAI,181716:1,2
T2S181716_2,(論)出雲乃伊波比神社(熊谷市板井),,,小,,,男衾郡,,,,36.1065111,139.3177556,"https://maps.google.com/?q=36.1065111,139.3177556",,,延喜式内社データベースの現社候補,KOKUGAKUIN_SHIKINAI,181716:2,2
T2S181707_2,(論)出雲伊波比神社,,,小,,,入間郡,,,,35.9428472,139.3113167,"https://maps.google.com/?q=35.9428472,139.3113167",,,延喜式内社データベースの現社候補,KOKUGAKUIN_SHIKINAI,181707:2,2
T2S181707_1,(論)出雲祝神社,,,小,,,入間郡,,,,35.7877361,139.3764167,"https://maps.google.com/?q=35.7877361,139.3764167",,,延喜式内社データベースの現社候補,KOKUGAKUIN_SHIKINAI,181707:1,2
T2S181700_5,(論)加茂神社(さいたま市),,,小,,,足立郡,,,,35.9456417,139.6089000,"https://maps.google.com/?q=35.9456417,139.6089000",,,延喜式内社データベースの現社候補,KOKUGAKUIN_SHIKINAI,181700:5,2
T2S181711_2,(論)国渭地祇神社(坂戸市森戸),,,小,,,入間郡,,,,35.9324944,139.3565361,"https://maps.google.com/?q=35.9324944,139.3565361",,,延喜式内社データベースの現社候補,KOKUGAKUIN_SHIKINAI,181711:2,2
T2S181717_2,(論)塚田三嶋神社,,,小,,,男衾郡,,,,36.1125306,139.2608194,"https://maps.google.com/?q=36.1125306,139.2608194",,,延喜式内社データベースの現社候補,KOKUGAKUIN_SHIKINAI,181717:2,2
T2S181718_2,(論)大我井神社,,,小,,,播羅郡,,,,36.2281750,139.3786250,"https://maps.google.com/?q=36.2281750,139.3786250",,,延喜式内社データベースの現社候補,KOKUGAKUIN_SHIKINAI,181718:2,2
T2S181695_1,(論)大麻止乃豆乃天神社,,,小,,,多磨郡,,,,35.6461722,139.4919889,"https://maps.google.com/?q=35.6461722,139.4919889",,,延喜式内社データベースの現社候補,KOKUGAKUIN_SHIKINAI,181695:1,2
T2S181721_1,(論)奈良神社,,,小,,,播羅郡,,,,36.1872639,139.3660278,"https://maps.google.com/?q=36.1872639,139.3660278",,,延喜式内社データベースの現社候補,KOKUGAKUIN_SHIKINAI,181721:1,2
T2S181714_1,(論)宮目神社(玉敷神社の境内社),,,小,,,埼玉郡,,,,36.1072639,139.5695500,"https://maps.google.com/?q=36.1072639,139.5695500",,,延喜式内社データベースの現社候補,KOKUGAKUIN_SHIKINAI,181714:1,2
T2S181700_3,(論)慈眼寺(水判土),,,小,,,足立郡,,,,35.8993583,139.5927639,"https://maps.google.com/?q=35.8993583,139.5927639",,,延喜式内社データベースの現社候補,KOKUGAKUIN_SHIKINAI,181700:3,2
T2S181691_1,(論)杉山神社(武蔵国六之宮),,,小,,,都筑郡,,,,35.5284806,139.5270722,"https://maps.google.com/?q=35.5284806,139.5270722",,,延喜式内社データベースの現社候補,KOKUGAKUIN_SHIKINAI,181691:1,2
T2S181700_2,(論)植田谷本の楠(足立神社 旧社地),,,小,,,足立郡,,,,35.8928556,139.5941306,"https://maps.google.com/?q=35.8928556,139.5941306",,,延喜式内社データベースの現社候補,KOKUGAKUIN_SHIKINAI,181700:2,2
T2S181720_1,(論)楡山神社,,,小,,,播羅郡,,,,36.2044444,139.2984417,"https://maps.google.com/?q=36.2044444,139.2984417",,,延喜式内社データベースの現社候補,KOKUGAKUIN_SHIKINAI,181720:1,2
T2S181718_3,(論)歓喜院(妻沼院),,,小,,,播羅郡,,,,36.2284333,139.3745028,"https://maps.google.com/?q=36.2284333,139.3745028",,,延喜式内社データベースの現社候補,KOKUGAKUIN_SHIKINAI,181718:3,2
T2S181695_2,(論)武蔵御嶽神社,,,小,,,多磨郡,,,,35.7831111,139.1500750,"https://maps.google.com/?q=35.7831111,139.1500750",,,延喜式内社データベースの現社候補,KOKUGAKUIN_SHIKINAI,181695:2,2
T2S181710_1,(論)物部天神社・國渭地祇神社・天満天神(北野天神社),,,小,,,入間郡,,,,35.7906944,139.4288333,"https://maps.google.com/?q=35.7906944,139.4288333",,,延喜式内社データベースの現社候補,KOKUGAKUIN_SHIKINAI,181710:1,2
T2S181707_3,(論)物部天神社・國渭地祇神社・天満天神(北野天神社)か？,,,小,,,入間郡,,,,35.7906944,139.4288333,"https://maps.google.com/?q=35.7906944,139.4288333",,,延喜式内社データベースの現社候補,KOKUGAKUIN_SHIKINAI,181707:3,2
T2S181711_1,(論)物部天神社・國渭地祇神社・天満天神(北野天神社)の合祀,,,小,,,入間郡,,,,35.7906944,139.4288333,"https://maps.google.com/?q=35.7906944,139.4288333",,,延喜式内社データベースの現社候補,KOKUGAKUIN_SHIKINAI,181711:1,2
T2S181713_1,(論)玉敷神社,,,小,,,埼玉郡,,,,36.1074722,139.5696000,"https://maps.google.com/?q=36.1074722,139.5696000",,,延喜式内社データベースの現社候補,KOKUGAKUIN_SHIKINAI,181713:1,2
T2S181719_1,(論)田中神社,,,小,,,播羅郡,,,,36.1494000,139.3217972,"https://maps.google.com/?q=36.1494000,139.3217972",,,延喜式内社データベースの現社候補,KOKUGAKUIN_SHIKINAI,181719:1,2
T2S181718_1,(論)白髪神社(熊谷市妻沼),,,小,,,播羅郡,,,,36.2318639,139.3798333,"https://maps.google.com/?q=36.2318639,139.3798333",,,延喜式内社データベースの現社候補,KOKUGAKUIN_SHIKINAI,181718:1,2
T2S181717_1,(論)稲乃比売神社,,,小,,,男衾郡,,,,36.1058472,139.2006861,"https://maps.google.com/?q=36.1058472,139.2006861",,,延喜式内社データベースの現社候補,KOKUGAKUIN_SHIKINAI,181717:1,2
T2S181689_1,(論)薭田神社,,,小,,,荏原郡,,,,35.5644889,139.7226139,"https://maps.google.com/?q=35.5644889,139.7226139",,,延喜式内社データベースの現社候補,KOKUGAKUIN_SHIKINAI,181689:1,2
T2S181698_2,(論)虎柏神社,,,小,,,多磨郡,,,,35.8028167,139.2671000,"https://maps.google.com/?q=35.8028167,139.2671000",,,延喜式内社データベースの現社候補,KOKUGAKUIN_SHIKINAI,181698:2,2
T2S181698_1,(論)虎狛神社,,,小,,,多磨郡,,,,35.6615056,139.5503667,"https://maps.google.com/?q=35.6615056,139.5503667",,,延喜式内社データベースの現社候補,KOKUGAKUIN_SHIKINAI,181698:1,2
T2S181700_1,(論)足立神社(上木埼),,,小,,,足立郡,,,,35.8891639,139.6463417,"https://maps.google.com/?q=35.8891639,139.6463417",,,延喜式内社データベースの現社候補,KOKUGAKUIN_SHIKINAI,181700:1,2
T2S181699_2,(論)青渭神社(稲城),,,小,,,多磨郡,,,,35.6428083,139.5012444,"https://maps.google.com/?q=35.6428083,139.5012444",,,延喜式内社データベースの現社候補,KOKUGAKUIN_SHIKINAI,181699:2,2
T2S181699_1,(論)青渭神社(調布),,,小,,,多磨郡,,,,35.6673861,139.5528194,"https://maps.google.com/?q=35.6673861,139.5528194",,,延喜式内社データベースの現社候補,KOKUGAKUIN_SHIKINAI,181699:1,2
T2S181699_3,(論)青渭神社奥宮,,,小,,,多磨郡,,,,35.8191028,139.1776694,"https://maps.google.com/?q=35.8191028,139.1776694",,,延喜式内社データベースの現社候補,KOKUGAKUIN_SHIKINAI,181699:3,2
T2S181713_2,(論)騎西城址,,,小,,,埼玉郡,,,,36.1043167,139.5833778,"https://maps.google.com/?q=36.1043167,139.5833778",,,延喜式内社データベースの現社候補,KOKUGAKUIN_SHIKINAI,181713:2,2
T2S181705_1,(論)高負彦根神社,,,小,,,横見郡,,,,36.0688361,139.4385194,"https://maps.google.com/?q=36.0688361,139.4385194",,,延喜式内社データベースの現社候補,KOKUGAKUIN_SHIKINAI,181705:1,2
T2S181724_2,(論社・合祀)榛名宮神社,,,小,,,賀美郡,,,,36.2362028,139.1399528,"https://maps.google.com/?q=36.2362028,139.1399528",,,延喜式内社データベースの現社候補（論社）,KOKUGAKUIN_SHIKINAI,181724:2,2
T2S181729_2,(論社・旧社地)高城神社跡地,,,小,,,大里郡,,,,36.0949222,139.4117194,"https://maps.google.com/?q=36.0949222,139.4117194",,,延喜式内社データベースの現社候補（論社）,KOKUGAKUIN_SHIKINAI,181729:2,2
T2S180847_1,"34.483343, 135.790103",,,小,,,高市郡,,,,34.4833417,135.7901028,"https://maps.google.com/?q=34.4833417,135.7901028",,,延喜式内社データベースの現社候補,KOKUGAKUIN_SHIKINAI,180847:1,2
T2S183025_1,"34.727393, 134.408187",,,小,,,赤穂郡,,,,34.7273917,134.4081861,"https://maps.google.com/?q=34.7273917,134.4081861",,,延喜式内社データベースの現社候補,KOKUGAKUIN_SHIKINAI,183025:1,2
T2S183026_1,"34.871703, 134.305953",,,小,,,赤穂郡,,,,34.8717028,134.3059528,"https://maps.google.com/?q=34.8717028,134.3059528",,,延喜式内社データベースの現社候補,KOKUGAKUIN_SHIKINAI,183026:1,2
T2S180588_1,"34.919942, 135.702505",,,小,,,乙訓郡,,,,34.9199417,135.7025056,"https://maps.google.com/?q=34.9199417,135.7025056",,,延喜式内社データベースの現社候補,KOKUGAKUIN_SHIKINAI,180588:1,2
T2S182796_1,A)佐為神社,,,小,,,意宇郡,,,,35.3972444,132.9144889,"https://maps.google.com/?q=35.3972444,132.9144889",,,延喜式内社データベースの現社候補,KOKUGAKUIN_SHIKINAI,182796:1,2
T2S182797_1,A)佐為高守神社,,,小,,,意宇郡,,,,35.3972444,132.9144889,"https://maps.google.com/?q=35.3972444,132.9144889",,,延喜式内社データベースの現社候補,KOKUGAKUIN_SHIKINAI,182797:1,2
T2S182796_2,B)出雲路幸神社,,,小,,,意宇郡,,,,35.4031250,133.2155806,"https://maps.google.com/?q=35.4031250,133.2155806",,,延喜式内社データベースの現社候補,KOKUGAKUIN_SHIKINAI,182796:2,2
T2S182797_2,B)出雲路幸神社境内社天神社,,,小,,,意宇郡,,,,35.4031250,133.2155806,"https://maps.google.com/?q=35.4031250,133.2155806",,,延喜式内社データベースの現社候補,KOKUGAKUIN_SHIKINAI,182797:2,2
T2S180955_1,①樟本神社（木の本）,,,小,,,志紀郡,,,,34.6010944,135.5879222,"https://maps.google.com/?q=34.6010944,135.5879222",,,延喜式内社データベースの現社候補,KOKUGAKUIN_SHIKINAI,180955:1,2
T2S180955_2,②樟本神社（南木の本）,,,小,,,志紀郡,,,,34.6017889,135.5892917,"https://maps.google.com/?q=34.6017889,135.5892917",,,延喜式内社データベースの現社候補,KOKUGAKUIN_SHIKINAI,180955:2,2
T2S180955_3,③樟本神社（北木の本）,,,小,,,志紀郡,,,,34.6090639,135.5896306,"https://maps.google.com/?q=34.6090639,135.5896306",,,延喜式内社データベースの現社候補,KOKUGAKUIN_SHIKINAI,180955:3,2
T2S182446_4,一宮神社,,,小,,,魚沼郡,,,,37.0300806,138.8628444,"https://maps.google.com/?q=37.0300806,138.8628444",,,延喜式内社データベースの現社候補（論社）,KOKUGAKUIN_SHIKINAI,182446:4,2
T2S181535_3,七ッ森神社,,,小,,,山名郡,,,,34.7565944,137.9342111,"https://maps.google.com/?q=34.7565944,137.9342111",,,延喜式内社データベースの現社候補（論社）,KOKUGAKUIN_SHIKINAI,181535:3,2
T2S181446_2,七所社摂社御田神社,,,小,,,愛智郡,,,,35.1586250,136.8407556,"https://maps.google.com/?q=35.1586250,136.8407556",,,延喜式内社データベースの現社候補（論社）,KOKUGAKUIN_SHIKINAI,181446:2,2
T2S181531_1,三倉八幡神社(大久保八幡神社),,,小,,,周知郡,,,,34.9238944,137.9271361,"https://maps.google.com/?q=34.9238944,137.9271361",,,延喜式内社データベースの現社候補（論社）,KOKUGAKUIN_SHIKINAI,181531:1,2
T2S182560_1,三宅神社,,,小,,,加佐郡,,,,35.4725278,135.3863056,"https://maps.google.com/?q=35.4725278,135.3863056",,,延喜式内社データベースの現社候補（論社）,KOKUGAKUIN_SHIKINAI,182560:1,2
T2S182706_2,三寶社(平内神社),,,小,,,美含郡,,,,35.6635417,134.5428694,"https://maps.google.com/?q=35.6635417,134.5428694",,,延喜式内社データベースの現社候補,KOKUGAKUIN_SHIKINAI,182706:2,2
T2S181503_1,三岳神社,,,小,,,引佐郡,,,,34.8506333,137.6935972,"https://maps.google.com/?q=34.8506333,137.6935972",,,延喜式内社データベースの現社候補（論社）,KOKUGAKUIN_SHIKINAI,181503:1,2
T2S181606_1,三島神社,,,小,,,賀茂郡,,,,34.6581500,138.7903861,"https://maps.google.com/?q=34.6581500,138.7903861",,,延喜式内社データベースの現社候補（論社）,KOKUGAKUIN_SHIKINAI,181606:1,2
T2S181611_2,三島神社(南伊豆町二條),,,小,,,賀茂郡,,,,34.6550556,138.8565222,"https://maps.google.com/?q=34.6550556,138.8565222",,,延喜式内社データベースの現社候補（論社）,KOKUGAKUIN_SHIKINAI,181611:2,2
T2S181608_1,三嶋神社,,,小,,,賀茂郡,,,,34.7550333,138.9460417,"https://maps.google.com/?q=34.7550333,138.9460417",,,延喜式内社データベースの現社候補（論社）,KOKUGAKUIN_SHIKINAI,181608:1,2
T2S181598_1,三嶋神社(下小野),,,小,,,賀茂郡,,,,34.6689944,138.8441667,"https://maps.google.com/?q=34.6689944,138.8441667",,,延喜式内社データベースの現社候補（論社）,KOKUGAKUIN_SHIKINAI,181598:1,2
T2S183118_2,三良坂町,,,小,,,三谿郡,,,,34.7679000,132.9585361,"https://maps.google.com/?q=34.7679000,132.9585361",,,延喜式内社データベースの現社候補（論社）,KOKUGAKUIN_SHIKINAI,183118:2,2
T2S182333_2,三輪神社,,,小,,,加賀郡,,,,36.6591667,136.7336333,"https://maps.google.com/?q=36.6591667,136.7336333",,,延喜式内社データベースの現社候補（論社）,KOKUGAKUIN_SHIKINAI,182333:2,2
T2S181751_2,三輪茂侶神社,,,小,,,葛餝郡,,,,35.8705778,139.9087111,"https://maps.google.com/?q=35.8705778,139.9087111",,,延喜式内社データベースの現社候補（論社）,KOKUGAKUIN_SHIKINAI,181751:2,2
T2S181751_1,三輪野江神社,,,小,,,葛餝郡,,,,35.8714528,139.8929778,"https://maps.google.com/?q=35.8714528,139.8929778",,,延喜式内社データベースの現社候補（論社）,KOKUGAKUIN_SHIKINAI,181751:1,2
T2S180667_1,上治道宮,,,小,,,添上郡,,,,34.6200917,135.8351528,"https://maps.google.com/?q=34.6200917,135.8351528",,,延喜式内社データベースの現社候補,KOKUGAKUIN_SHIKINAI,180667:1,2
T2S181727_3,上蒔田椋神社,,,小,,,秩父郡,,,,36.0216278,139.0648417,"https://maps.google.com/?q=36.0216278,139.0648417",,,延喜式内社データベースの現社候補（論社）,KOKUGAKUIN_SHIKINAI,181727:3,2
T2S181844_1,上許曽神社,,,小,,,浅井郡,,,,35.4742444,136.3171222,"https://maps.google.com/?q=35.4742444,136.3171222",,,延喜式内社データベースの現社候補（論社）,KOKUGAKUIN_SHIKINAI,181844:1,2
T2S180864_2,下居神社,,,小,,,十市郡,,,,34.4946167,135.8583139,"https://maps.google.com/?q=34.4946167,135.8583139",,,延喜式内社データベースの現社候補（論社）,KOKUGAKUIN_SHIKINAI,180864:2,2
T2S180667_2,下治道宮,,,小,,,添上郡,,,,34.6196333,135.8077806,"https://maps.google.com/?q=34.6196333,135.8077806",,,延喜式内社データベースの現社候補,KOKUGAKUIN_SHIKINAI,180667:2,2
T2S181736_2,下立松原神社(千倉町),,,小,,,朝夷郡,,,,34.9755500,139.9511833,"https://maps.google.com/?q=34.9755500,139.9511833",,,延喜式内社データベースの現社候補（論社）,KOKUGAKUIN_SHIKINAI,181736:2,2
T2S181736_1,下立松原神社(白浜町),,,小,,,朝夷郡,,,,34.9151361,139.8677250,"https://maps.google.com/?q=34.9151361,139.8677250",,,延喜式内社データベースの現社候補（論社）,KOKUGAKUIN_SHIKINAI,181736:1,2
T2S181688_4,下鶴間諏訪神社,,,小,,,高座郡,,,,35.4975222,139.4624472,"https://maps.google.com/?q=35.4975222,139.4624472",,,延喜式内社データベースの現社候補（論社）,KOKUGAKUIN_SHIKINAI,181688:4,2
T2S181431_3,両社宮神社,,,小,,,山田郡,,,,35.2539194,136.9403250,"https://maps.google.com/?q=35.2539194,136.9403250",,,延喜式内社データベースの現社候補（論社）,KOKUGAKUIN_SHIKINAI,181431:3,2
T2S181967_2,中宮神社（大歳神社に合祀）,,,小,,,荒城郡,,,,36.2488556,137.1699167,"https://maps.google.com/?q=36.2488556,137.1699167",,,延喜式内社データベースの現社候補（論社）,KOKUGAKUIN_SHIKINAI,181967:2,2
T2S181674_1,中尾神社,,,小,,,八代郡,,,,35.6532500,138.7042750,"https://maps.google.com/?q=35.6532500,138.7042750",,,延喜式内社データベースの現社候補（論社）,KOKUGAKUIN_SHIKINAI,181674:1,2
T2S182456_2,中山神社（三条市）,,,小,,,蒲原郡,,,,37.6196278,138.9875111,"https://maps.google.com/?q=37.6196278,138.9875111",,,延喜式内社データベースの現社候補（論社）,KOKUGAKUIN_SHIKINAI,182456:2,2
T2S182456_1,中山神社（五泉市）,,,小,,,蒲原郡,,,,37.7304861,139.1334417,"https://maps.google.com/?q=37.7304861,139.1334417",,,延喜式内社データベースの現社候補（論社）,KOKUGAKUIN_SHIKINAI,182456:1,2
T2S182449_1,中山神社（合祀）,,,小,,,蒲原郡,,,,37.7303861,139.1334083,"https://maps.google.com/?q=37.7303861,139.1334083",,,延喜式内社データベースの現社候補（論社）,KOKUGAKUIN_SHIKINAI,182449:1,2
T2S183290_2,中津宮,,,名大,,,宗像郡,,,,33.8974306,130.4319667,"https://maps.google.com/?q=33.8974306,130.4319667",,,延喜式内社データベースの現社候補,KOKUGAKUIN_SHIKINAI,183290:2,2
T2S181727_2,中蒔田椋神社,,,小,,,秩父郡,,,,36.0317333,139.0773500,"https://maps.google.com/?q=36.0317333,139.0773500",,,延喜式内社データベースの現社候補（論社）,KOKUGAKUIN_SHIKINAI,181727:2,2
T2S181758_2,中郷阿彌神社,,,小,,,信太郡,,,,36.0421722,140.2121917,"https://maps.google.com/?q=36.0421722,140.2121917",,,延喜式内社データベースの現社候補（論社）,KOKUGAKUIN_SHIKINAI,181758:2,2
T2S182608_1,丸田神社（久美浜町甲山）,,,小,,,熊野郡,,,,35.6081167,134.9156778,"https://maps.google.com/?q=35.6081167,134.9156778",,,延喜式内社データベースの現社候補（論社）,KOKUGAKUIN_SHIKINAI,182608:1,2
T2S180967_1,丹比神社相殿,,,小,,,丹比郡,,,,34.5445583,135.5626306,"https://maps.google.com/?q=34.5445583,135.5626306",,,延喜式内社データベースの現社候補,KOKUGAKUIN_SHIKINAI,180967:1,2
T2S180754_2,丹生川上神社（中社）,,,名大,,,吉野郡,,,,34.3902556,135.9864528,"https://maps.google.com/?q=34.3902556,135.9864528",,,延喜式内社データベースの現社候補,KOKUGAKUIN_SHIKINAI,180754:2,2
T2S181883_1,丹生神社（上丹生）,,,小,,,伊香郡,,,,35.5648250,136.2339111,"https://maps.google.com/?q=35.5648250,136.2339111",,,延喜式内社データベースの現社候補,KOKUGAKUIN_SHIKINAI,181883:1,2
T2S181883_2,丹生神社（下丹生）,,,小,,,伊香郡,,,,35.5569250,136.2277889,"https://maps.google.com/?q=35.5569250,136.2277889",,,延喜式内社データベースの現社候補,KOKUGAKUIN_SHIKINAI,181883:2,2
T2S181874_2,乃伎多神社（東物部）,,,小,,,伊香郡,,,,35.4786583,136.2225306,"https://maps.google.com/?q=35.4786583,136.2225306",,,延喜式内社データベースの現社候補（論社）,KOKUGAKUIN_SHIKINAI,181874:2,2
T2S181874_1,乃伎多神社（東阿閉）,,,小,,,伊香郡,,,,35.4579639,136.2176611,"https://maps.google.com/?q=35.4579639,136.2176611",,,延喜式内社データベースの現社候補（論社）,KOKUGAKUIN_SHIKINAI,181874:1,2
T2S182928_1,久奈子神社,,,小,,,神門郡,,,,35.3300611,132.7444111,"https://maps.google.com/?q=35.3300611,132.7444111",,,延喜式内社データベースの現社候補,KOKUGAKUIN_SHIKINAI,182928:1,2
T2S182370_1,久志伊奈太伎比咩神社（国分町）,,,小,,,能登郡,,,,37.0360306,136.9540500,"https://maps.google.com/?q=37.0360306,136.9540500",,,延喜式内社データベースの現社候補（論社）,KOKUGAKUIN_SHIKINAI,182370:1,2
T2S182370_2,久志伊奈太伎比咩神社（飯川町）,,,小,,,能登郡,,,,37.0072861,136.9318389,"https://maps.google.com/?q=37.0072861,136.9318389",,,延喜式内社データベースの現社候補（論社）,KOKUGAKUIN_SHIKINAI,182370:2,2
T2S180583_1,久我神社,,,小,,,乙訓郡,,,,34.9406583,135.7302528,"https://maps.google.com/?q=34.9406583,135.7302528",,,延喜式内社データベースの現社候補,KOKUGAKUIN_SHIKINAI,180583:1,2
T2S182569_1,久理陀神社,,,小,,,与謝郡,,,,35.5636056,135.2435139,"https://maps.google.com/?q=35.5636056,135.2435139",,,延喜式内社データベースの現社候補（論社）,KOKUGAKUIN_SHIKINAI,182569:1,2
T2S181585_1,久良浜神社,,,小,,,賀茂郡,,,,34.0863278,139.5607389,"https://maps.google.com/?q=34.0863278,139.5607389",,,延喜式内社データベースの現社候補（論社）,KOKUGAKUIN_SHIKINAI,181585:1,2
T2S181477_1,久麻久神社,,,小,,,播豆郡,,,,34.8747056,137.0767500,"https://maps.google.com/?q=34.8747056,137.0767500",,,延喜式内社データベースの現社候補（論社）,KOKUGAKUIN_SHIKINAI,181477:1,2
T2S181477_2,久麻久神社(熊味町),,,小,,,播豆郡,,,,34.8720083,137.0704917,"https://maps.google.com/?q=34.8720083,137.0704917",,,延喜式内社データベースの現社候補（論社）,KOKUGAKUIN_SHIKINAI,181477:2,2
T2S182354_1,久麻加夫都阿良加志比古神社,,,小,,,羽咋郡,,,,37.1306056,136.8337722,"https://maps.google.com/?q=37.1306056,136.8337722",,,延喜式内社データベースの現社候補（論社）,KOKUGAKUIN_SHIKINAI,182354:1,2
T2S182686_1,久麻神社,,,小,,,城崎郡,,,,35.5521111,134.7987139,"https://maps.google.com/?q=35.5521111,134.7987139",,,延喜式内社データベースの現社候補（論社）,KOKUGAKUIN_SHIKINAI,182686:1,2
T2S181852_3,乎弥神社,,,小,,,伊香郡,,,,35.5324472,136.2045833,"https://maps.google.com/?q=35.5324472,136.2045833",,,延喜式内社データベースの現社候補（論社）,KOKUGAKUIN_SHIKINAI,181852:3,2
T2S181253_1,亀山神社に合祀,,,小,,,鈴鹿郡,,,,34.8566417,136.4497806,"https://maps.google.com/?q=34.8566417,136.4497806",,,延喜式内社データベースの現社候補,KOKUGAKUIN_SHIKINAI,181253:1,2
T2S182393_1,二上射水神社,,,小,,,射水郡,,,,36.7779139,137.0178694,"https://maps.google.com/?q=36.7779139,137.0178694",,,延喜式内社データベースの現社候補,KOKUGAKUIN_SHIKINAI,182393:1,2
T2S182092_1,二俣神社,,,小,,,桃生郡,,,,38.5022000,141.3169278,"https://maps.google.com/?q=38.5022000,141.3169278",,,延喜式内社データベースの現社候補（論社）,KOKUGAKUIN_SHIKINAI,182092:1,2
T2S183130_1,二俣神社,,,小,,,都濃郡,,,,34.1820056,131.8182806,"https://maps.google.com/?q=34.1820056,131.8182806",,,延喜式内社データベースの現社候補（論社）,KOKUGAKUIN_SHIKINAI,183130:1,2
T2S181490_1,二宮神社,,,小,,,浜名郡,,,,34.7024750,137.5624333,"https://maps.google.com/?q=34.7024750,137.5624333",,,延喜式内社データベースの現社候補,KOKUGAKUIN_SHIKINAI,181490:1,2
T2S181500_1,二宮神社,,,小,,,引佐郡,,,,34.8371556,137.6724222,"https://maps.google.com/?q=34.8371556,137.6724222",,,延喜式内社データベースの現社候補,KOKUGAKUIN_SHIKINAI,181500:1,2
T2S181663_3,二宮神社,,,小,,,山梨郡,,,,35.6552500,138.6271750,"https://maps.google.com/?q=35.6552500,138.6271750",,,延喜式内社データベースの現社候補（論社）,KOKUGAKUIN_SHIKINAI,181663:3,2
T2S181744_2,二宮神社,,,小,,,千葉郡,,,,35.7020083,140.0524528,"https://maps.google.com/?q=35.7020083,140.0524528",,,延喜式内社データベースの現社候補（論社）,KOKUGAKUIN_SHIKINAI,181744:2,2
T2S181806_2,二宮神社,,,小,,,野洲郡,,,,35.1029250,136.0182389,"https://maps.google.com/?q=35.1029250,136.0182389",,,延喜式内社データベースの現社候補（論社）,KOKUGAKUIN_SHIKINAI,181806:2,2
T2S182579_3,二宮神社,,,小,,,与謝郡,,,,35.5029944,135.0875583,"https://maps.google.com/?q=35.5029944,135.0875583",,,延喜式内社データベースの現社候補（論社）,KOKUGAKUIN_SHIKINAI,182579:3,2
T2S183103_2,二宮神社,,,小,,,安那郡,,,,34.5675722,133.4194083,"https://maps.google.com/?q=34.5675722,133.4194083",,,延喜式内社データベースの現社候補（論社）,KOKUGAKUIN_SHIKINAI,183103:2,2
T2S181586_1,二宮神社(坪田),,,小,,,賀茂郡,,,,34.0605028,139.5448111,"https://maps.google.com/?q=34.0605028,139.5448111",,,延喜式内社データベースの現社候補（論社）,KOKUGAKUIN_SHIKINAI,181586:1,2
T2S183061_1,二宮：高野神社,,,小,,,苫東郡,,,,35.0591556,133.9642972,"https://maps.google.com/?q=35.0591556,133.9642972",,,延喜式内社データベースの現社候補（論社）,KOKUGAKUIN_SHIKINAI,183061:1,2
T2S183130_3,二所山田神社,,,小,,,都濃郡,,,,34.2342389,131.8168611,"https://maps.google.com/?q=34.2342389,131.8168611",,,延喜式内社データベースの現社候補（論社）,KOKUGAKUIN_SHIKINAI,183130:3,2
T2S182714_1,二方神社跡,,,小,,,二方郡,,,,35.6248778,134.4711667,"https://maps.google.com/?q=35.6248778,134.4711667",,,延喜式内社データベースの現社候補,KOKUGAKUIN_SHIKINAI,182714:1,2
T2S182463_2,二王子神社,,,小,,,沼垂郡,,,,37.9055472,139.4500139,"https://maps.google.com/?q=37.9055472,139.4500139",,,延喜式内社データベースの現社候補（論社）,KOKUGAKUIN_SHIKINAI,182463:2,2
T2S182030_2,二荒山神社中宮祠,,,名大,,,河内郡,,,,36.7414333,139.4868972,"https://maps.google.com/?q=36.7414333,139.4868972",,,延喜式内社データベースの現社候補,KOKUGAKUIN_SHIKINAI,182030:2,2
T2S182030_3,二荒山神社奥宮,,,名大,,,河内郡,,,,36.7647722,139.4899306,"https://maps.google.com/?q=36.7647722,139.4899306",,,延喜式内社データベースの現社候補,KOKUGAKUIN_SHIKINAI,182030:3,2
T2S182030_4,二荒山神社（宇都宮）,,,名大,,,河内郡,,,,36.5626611,139.8857333,"https://maps.google.com/?q=36.5626611,139.8857333",,,延喜式内社データベースの現社候補（論社）,KOKUGAKUIN_SHIKINAI,182030:4,2
T2S182089_1,五十鈴神社境内龍神社,,,小,,,牡鹿郡,,,,38.9069944,141.5791361,"https://maps.google.com/?q=38.9069944,141.5791361",,,延喜式内社データベースの現社候補（論社）,KOKUGAKUIN_SHIKINAI,182089:1,2
T2S182452_2,五泉八幡宮,,,小,,,蒲原郡,,,,37.7417722,139.1737083,"https://maps.google.com/?q=37.7417722,139.1737083",,,延喜式内社データベースの現社候補（論社）,KOKUGAKUIN_SHIKINAI,182452:2,2
T2S182449_2,五泉八幡宮（合祀）,,,小,,,蒲原郡,,,,37.7417722,139.1737083,"https://maps.google.com/?q=37.7417722,139.1737083",,,延喜式内社データベースの現社候補（論社）,KOKUGAKUIN_SHIKINAI,182449:2,2
T2S181788_1,五百井神社,,,小,,,栗太郡,,,,35.0115861,136.0013861,"https://maps.google.com/?q=35.0115861,136.0013861",,,延喜式内社データベースの現社候補,KOKUGAKUIN_SHIKINAI,181788:1,2
T2S181840_2,五社神社,,,小,,,浅井郡,,,,35.4186056,136.2139639,"https://maps.google.com/?q=35.4186056,136.2139639",,,延喜式内社データベースの現社候補（論社）,KOKUGAKUIN_SHIKINAI,181840:2,2
T2S181900_2,五社神社,,,小,,,高島郡,,,,35.4181778,136.0286278,"https://maps.google.com/?q=35.4181778,136.0286278",,,延喜式内社データベースの現社候補（論社）,KOKUGAKUIN_SHIKINAI,181900:2,2
T2S182637_2,五社神社,,,小,,,養父郡,,,,35.4297139,134.8171056,"https://maps.google.com/?q=35.4297139,134.8171056",,,延喜式内社データベースの現社候補（論社）,KOKUGAKUIN_SHIKINAI,182637:2,2
T2S181407_1,井出神社,,,小,,,丹羽郡,,,,35.3400250,136.8841222,"https://maps.google.com/?q=35.3400250,136.8841222",,,延喜式内社データベースの現社候補（論社）,KOKUGAKUIN_SHIKINAI,181407:1,2
T2S181306_1,井後神社に合祀,,,小,,,朝明郡,,,,35.0339972,136.6560222,"https://maps.google.com/?q=35.0339972,136.6560222",,,延喜式内社データベースの現社候補,KOKUGAKUIN_SHIKINAI,181306:1,2
T2S181725_1,今城青坂稲実池上神社(上里町忍保),,,小,,,賀美郡,,,,36.2691833,139.1539361,"https://maps.google.com/?q=36.2691833,139.1539361",,,延喜式内社データベースの現社候補（論社）,KOKUGAKUIN_SHIKINAI,181725:1,2
T2S181725_2,今城青坂稲実池上神社(神川町),,,小,,,賀美郡,,,,36.2215417,139.0999861,"https://maps.google.com/?q=36.2215417,139.0999861",,,延喜式内社データベースの現社候補（論社）,KOKUGAKUIN_SHIKINAI,181725:2,2
T2S181894_3,今宮神社,,,小,,,高島郡,,,,35.3280000,136.0258417,"https://maps.google.com/?q=35.3280000,136.0258417",,,延喜式内社データベースの現社候補（論社）,KOKUGAKUIN_SHIKINAI,181894:3,2
T2S180781_1,他田坐天照御魂神社,,,大,,,城上郡,,,,34.5460639,135.8391167,"https://maps.google.com/?q=34.5460639,135.8391167",,,延喜式内社データベースの現社候補（論社）,KOKUGAKUIN_SHIKINAI,180781:1,2
T2S180944_1,仲村神社,,,小,,,若江郡,,,,34.6742750,135.6112667,"https://maps.google.com/?q=34.6742750,135.6112667",,,延喜式内社データベースの現社候補,KOKUGAKUIN_SHIKINAI,180944:1,2
T2S181639_1,仲神社,,,小,,,那賀郡,,,,34.7537444,138.8028250,"https://maps.google.com/?q=34.7537444,138.8028250",,,延喜式内社データベースの現社候補（論社）,KOKUGAKUIN_SHIKINAI,181639:1,2
T2S182706_1,伊伎佐神社,,,小,,,美含郡,,,,35.6517278,134.5567917,"https://maps.google.com/?q=35.6517278,134.5567917",,,延喜式内社データベースの現社候補,KOKUGAKUIN_SHIKINAI,182706:1,2
T2S182291_1,伊伎神社,,,小,,,坂井郡,,,,36.2386194,136.1837806,"https://maps.google.com/?q=36.2386194,136.1837806",,,延喜式内社データベースの現社候補（論社）,KOKUGAKUIN_SHIKINAI,182291:1,2
T2S181191_1,伊佐和神社,,,小,,,多気郡,,,,34.5108278,136.5417139,"https://maps.google.com/?q=34.5108278,136.5417139",,,延喜式内社データベースの現社候補,KOKUGAKUIN_SHIKINAI,181191:1,2
T2S181111_1,伊佐奈岐宮,,,大,,,度会郡,,,,34.4736194,136.7289083,"https://maps.google.com/?q=34.4736194,136.7289083",,,延喜式内社データベースの現社候補,KOKUGAKUIN_SHIKINAI,181111:1,2
T2S181111_2,伊佐奈弥宮,,,大,,,度会郡,,,,34.4736167,136.7288806,"https://maps.google.com/?q=34.4736167,136.7288806",,,延喜式内社データベースの現社候補,KOKUGAKUIN_SHIKINAI,181111:2,2
T2S181387_1,伊冨利部神社,,,小,,,葉栗郡,,,,35.3386972,136.7966722,"https://maps.google.com/?q=35.3386972,136.7966722",,,延喜式内社データベースの現社候補,KOKUGAKUIN_SHIKINAI,181387:1,2
T2S182106_3,伊勢宮（現在無し）,,,小,,,栗原郡,,,,38.7329806,141.0188083,"https://maps.google.com/?q=38.7329806,141.0188083",,,延喜式内社データベースの現社候補（論社）,KOKUGAKUIN_SHIKINAI,182106:3,2
T2S181209_2,伊勢寺神社に合祀,,,小,,,飯高郡,,,,34.5689278,136.4733167,"https://maps.google.com/?q=34.5689278,136.4733167",,,延喜式内社データベースの現社候補,KOKUGAKUIN_SHIKINAI,181209:2,2
T2S182082_1,伊去波夜和氣命神社（石巻市大宮町）,,,小,,,牡鹿郡,,,,38.4154056,141.3631139,"https://maps.google.com/?q=38.4154056,141.3631139",,,延喜式内社データベースの現社候補（論社）,KOKUGAKUIN_SHIKINAI,182082:1,2
T2S182082_2,伊去波夜和氣命神社（石巻市水沼）,,,小,,,牡鹿郡,,,,38.4813083,141.3705694,"https://maps.google.com/?q=38.4813083,141.3705694",,,延喜式内社データベースの現社候補（論社）,KOKUGAKUIN_SHIKINAI,182082:2,2
T2S182605_2,伊吹神社,,,小,,,熊野郡,,,,35.6006806,134.9186361,"https://maps.google.com/?q=35.6006806,134.9186361",,,延喜式内社データベースの現社候補（論社）,KOKUGAKUIN_SHIKINAI,182605:2,2
T2S182163_1,伊射奈伎神社,,,小,,,大飯郡,,,,35.4525806,135.5447222,"https://maps.google.com/?q=35.4525806,135.5447222",,,延喜式内社データベースの現社候補（論社）,KOKUGAKUIN_SHIKINAI,182163:1,2
T2S183008_2,伊川谷総社,,,小,,,明石郡,,,,34.6772278,135.0203472,"https://maps.google.com/?q=34.6772278,135.0203472",,,延喜式内社データベースの現社候補（論社）,KOKUGAKUIN_SHIKINAI,183008:2,2
T2S180691_1,伊弉諾神社,,,大,,,添下郡,,,,34.7183028,135.7276722,"https://maps.google.com/?q=34.7183028,135.7276722",,,延喜式内社データベースの現社候補,KOKUGAKUIN_SHIKINAI,180691:1,2
T2S181637_1,伊志夫神社,,,小,,,那賀郡,,,,34.7303111,138.7558333,"https://maps.google.com/?q=34.7303111,138.7558333",,,延喜式内社データベースの現社候補（論社）,KOKUGAKUIN_SHIKINAI,181637:1,2
T2S182620_1,伊由神社,,,小,,,朝来郡,,,,35.2633389,134.8194250,"https://maps.google.com/?q=35.2633389,134.8194250",,,延喜式内社データベースの現社候補（論社）,KOKUGAKUIN_SHIKINAI,182620:1,2
T2S182659_3,伊福部神社,,,小,,,出石郡,,,,35.4515694,134.8630222,"https://maps.google.com/?q=35.4515694,134.8630222",,,延喜式内社データベースの現社候補（論社）,KOKUGAKUIN_SHIKINAI,182659:3,2
T2S182443_3,伊米神社,,,小,,,魚沼郡,,,,37.3160222,138.7820222,"https://maps.google.com/?q=37.3160222,138.7820222",,,延喜式内社データベースの現社候補（論社）,KOKUGAKUIN_SHIKINAI,182443:3,2
T2S182446_5,伊米神社,,,小,,,魚沼郡,,,,36.8956000,138.7792611,"https://maps.google.com/?q=36.8956000,138.7792611",,,延喜式内社データベースの現社候補（論社）,KOKUGAKUIN_SHIKINAI,182446:5,2
T2S183287_1,伊豆田神社,,,小,,,幡多郡,,,,32.9202333,132.9231972,"https://maps.google.com/?q=32.9202333,132.9231972",,,延喜式内社データベースの現社候補,KOKUGAKUIN_SHIKINAI,183287:1,2
T2S182081_1,伊豆神社,,,小,,,牡鹿郡,,,,38.4004361,141.4011333,"https://maps.google.com/?q=38.4004361,141.4011333",,,延喜式内社データベースの現社候補（論社）,KOKUGAKUIN_SHIKINAI,182081:1,2
T2S182942_1,伊賀多気神社,,,小,,,仁多郡,,,,35.1823028,133.0951611,"https://maps.google.com/?q=35.1823028,133.0951611",,,延喜式内社データベースの現社候補,KOKUGAKUIN_SHIKINAI,182942:1,2
T2S181638_1,伊那上神社,,,小,,,那賀郡,,,,34.7522333,138.7824694,"https://maps.google.com/?q=34.7522333,138.7824694",,,延喜式内社データベースの現社候補（論社）,KOKUGAKUIN_SHIKINAI,181638:1,2
T2S181641_1,伊那下神社,,,小,,,那賀郡,,,,34.7491278,138.7778639,"https://maps.google.com/?q=34.7491278,138.7778639",,,延喜式内社データベースの現社候補（論社）,KOKUGAKUIN_SHIKINAI,181641:1,2
T2S181871_3,伊香具坂神社（木之本町北布施塔山）,,,小,,,伊香郡,,,,35.4920028,136.2018222,"https://maps.google.com/?q=35.4920028,136.2018222",,,延喜式内社データベースの現社候補（論社）,KOKUGAKUIN_SHIKINAI,181871:3,2
T2S181871_1,伊香具坂神社（木之本町古橋）,,,小,,,伊香郡,,,,35.5087250,136.2515972,"https://maps.google.com/?q=35.5087250,136.2515972",,,延喜式内社データベースの現社候補（論社）,KOKUGAKUIN_SHIKINAI,181871:1,2
T2S181871_2,伊香具坂神社（高月町）,,,小,,,伊香郡,,,,35.4784667,136.2424528,"https://maps.google.com/?q=35.4784667,136.2424528",,,延喜式内社データベースの現社候補（論社）,KOKUGAKUIN_SHIKINAI,181871:2,2
T2S180992_1,伯太神社,,,小,,,和泉郡,,,,34.4970361,135.4371139,"https://maps.google.com/?q=34.4970361,135.4371139",,,延喜式内社データベースの現社候補,KOKUGAKUIN_SHIKINAI,180992:1,2
T2S181557_1,住吉神社,,,小,,,安倍郡,,,,34.9756528,138.3743167,"https://maps.google.com/?q=34.9756528,138.3743167",,,延喜式内社データベースの現社候補（論社）,KOKUGAKUIN_SHIKINAI,181557:1,2
T2S182374_1,住吉神社,,,小,,,鳳至郡,,,,37.3979361,136.8973861,"https://maps.google.com/?q=37.3979361,136.8973861",,,延喜式内社データベースの現社候補（論社）,KOKUGAKUIN_SHIKINAI,182374:1,2
T2S182569_2,住吉神社,,,小,,,与謝郡,,,,35.5451250,135.2351667,"https://maps.google.com/?q=35.5451250,135.2351667",,,延喜式内社データベースの現社候補（論社）,KOKUGAKUIN_SHIKINAI,182569:2,2
T2S183049_1,住吉神社,,,小,,,賀茂郡,,,,34.9667528,135.0595167,"https://maps.google.com/?q=34.9667528,135.0595167",,,延喜式内社データベースの現社候補（論社）,KOKUGAKUIN_SHIKINAI,183049:1,2
T2S183050_2,住吉神社,,,小,,,賀茂郡,,,,34.8833833,134.9743333,"https://maps.google.com/?q=34.8833833,134.9743333",,,延喜式内社データベースの現社候補（論社）,KOKUGAKUIN_SHIKINAI,183050:2,2
T2S182793_4,佐久多神社,,,小,,,意宇郡,,,,35.3631750,133.1688278,"https://maps.google.com/?q=35.3631750,133.1688278",,,延喜式内社データベースの現社候補,KOKUGAKUIN_SHIKINAI,182793:4,2
T2S181670_1,佐久神社,,,小,,,八代郡,,,,35.5845833,138.5863528,"https://maps.google.com/?q=35.5845833,138.5863528",,,延喜式内社データベースの現社候補（論社）,KOKUGAKUIN_SHIKINAI,181670:1,2
T2S183048_2,佐保神社,,,小,,,賀茂郡,,,,34.9027917,134.9636778,"https://maps.google.com/?q=34.9027917,134.9636778",,,延喜式内社データベースの現社候補（論社）,KOKUGAKUIN_SHIKINAI,183048:2,2
T2S181868_1,佐味神社（余呉町）,,,小,,,伊香郡,,,,35.5587694,136.1976167,"https://maps.google.com/?q=35.5587694,136.1976167",,,延喜式内社データベースの現社候補（論社）,KOKUGAKUIN_SHIKINAI,181868:1,2
T2S181868_2,佐味神社（高月町）,,,小,,,伊香郡,,,,35.4796222,136.2406528,"https://maps.google.com/?q=35.4796222,136.2406528",,,延喜式内社データベースの現社候補（論社）,KOKUGAKUIN_SHIKINAI,181868:2,2
T2S182623_1,佐嚢神社,,,小,,,朝来郡,,,,35.2457917,134.7610917,"https://maps.google.com/?q=35.2457917,134.7610917",,,延喜式内社データベースの現社候補（論社）,KOKUGAKUIN_SHIKINAI,182623:1,2
T2S182423_2,佐多神社,,,小,,,頸城郡,,,,37.0007944,138.0038861,"https://maps.google.com/?q=37.0007944,138.0038861",,,延喜式内社データベースの現社候補（論社）,KOKUGAKUIN_SHIKINAI,182423:2,2
T2S181775_3,佐志能神社(石岡市),,,小,,,新治郡,,,,36.2146528,140.2380250,"https://maps.google.com/?q=36.2146528,140.2380250",,,延喜式内社データベースの現社候補（論社）,KOKUGAKUIN_SHIKINAI,181775:3,2
T2S181775_2,佐志能神社(石岡市柿岡),,,小,,,新治郡,,,,36.2513611,140.1992361,"https://maps.google.com/?q=36.2513611,140.1992361",,,延喜式内社データベースの現社候補（論社）,KOKUGAKUIN_SHIKINAI,181775:2,2
T2S181775_1,佐志能神社(笠間市),,,小,,,新治郡,,,,36.3824917,140.2676139,"https://maps.google.com/?q=36.3824917,140.2676139",,,延喜式内社データベースの現社候補（論社）,KOKUGAKUIN_SHIKINAI,181775:1,2
T2S181780_1,佐波々地祇神社(二田神社),,,小,,,多珂郡,,,,36.8276361,140.7118250,"https://maps.google.com/?q=36.8276361,140.7118250",,,延喜式内社データベースの現社候補（論社）,KOKUGAKUIN_SHIKINAI,181780:1,2
T2S181780_2,佐波波地祇神社(大津町),,,小,,,多珂郡,,,,36.8332972,140.7923083,"https://maps.google.com/?q=36.8332972,140.7923083",,,延喜式内社データベースの現社候補（論社）,KOKUGAKUIN_SHIKINAI,181780:2,2
T2S180649_1,佐牙神社,,,小,,,綴喜郡,,,,34.7925278,135.7835000,"https://maps.google.com/?q=34.7925278,135.7835000",,,延喜式内社データベースの現社候補,KOKUGAKUIN_SHIKINAI,180649:1,2
T2S181895_3,佐田神社,,,小,,,高島郡,,,,35.3358389,136.0036917,"https://maps.google.com/?q=35.3358389,136.0036917",,,延喜式内社データベースの現社候補（論社）,KOKUGAKUIN_SHIKINAI,181895:3,2
T2S182224_1,信露貴彦神社,,,小,,,敦賀郡,,,,35.6421472,136.0156889,"https://maps.google.com/?q=35.6421472,136.0156889",,,延喜式内社データベースの現社候補（論社）,KOKUGAKUIN_SHIKINAI,182224:1,2
T2S181615_3,倭文神社,,,小,,,田方郡,,,,35.0018083,138.9850417,"https://maps.google.com/?q=35.0018083,138.9850417",,,延喜式内社データベースの現社候補（論社）,KOKUGAKUIN_SHIKINAI,181615:3,2
T2S181668_1,倭文神社,,,小,,,巨麻郡,,,,35.7370333,138.4851417,"https://maps.google.com/?q=35.7370333,138.4851417",,,延喜式内社データベースの現社候補（論社）,KOKUGAKUIN_SHIKINAI,181668:1,2
T2S182621_2,倭文神社（新井）,,,小,,,朝来郡,,,,35.2453972,134.7950778,"https://maps.google.com/?q=35.2453972,134.7950778",,,延喜式内社データベースの現社候補（論社）,KOKUGAKUIN_SHIKINAI,182621:2,2
T2S182621_1,倭文神社（生野町）,,,小,,,朝来郡,,,,35.1905806,134.7923806,"https://maps.google.com/?q=35.1905806,134.7923806",,,延喜式内社データベースの現社候補（論社）,KOKUGAKUIN_SHIKINAI,182621:1,2
T2S181782_1,倭神社（坂本本町）,,,小,,,滋賀郡,,,,35.0836139,135.8894111,"https://maps.google.com/?q=35.0836139,135.8894111",,,延喜式内社データベースの現社候補（論社）,KOKUGAKUIN_SHIKINAI,181782:1,2
T2S181782_2,倭神社（滋賀里町）,,,小,,,滋賀郡,,,,35.0470333,135.8591778,"https://maps.google.com/?q=35.0470333,135.8591778",,,延喜式内社データベースの現社候補（論社）,KOKUGAKUIN_SHIKINAI,181782:2,2
T2S181996_2,健御名方富命彦神別神社（長野市信州新町）,,,名大,,,水内郡,,,,36.5754611,138.0488917,"https://maps.google.com/?q=36.5754611,138.0488917",,,延喜式内社データベースの現社候補（論社）,KOKUGAKUIN_SHIKINAI,181996:2,2
T2S181996_1,健御名方富命彦神別神社（長野市大字長野）,,,名大,,,水内郡,,,,36.6616639,138.1921333,"https://maps.google.com/?q=36.6616639,138.1921333",,,延喜式内社データベースの現社候補（論社）,KOKUGAKUIN_SHIKINAI,181996:1,2
T2S181996_3,健御名方富命彦神別神社（飯山市）,,,名大,,,水内郡,,,,36.9213278,138.3746861,"https://maps.google.com/?q=36.9213278,138.3746861",,,延喜式内社データベースの現社候補（論社）,KOKUGAKUIN_SHIKINAI,181996:3,2
T2S181583_1,優婆夷宝明神社,,,小,,,賀茂郡,,,,33.0998694,139.7808667,"https://maps.google.com/?q=33.0998694,139.7808667",,,延喜式内社データベースの現社候補（論社）,KOKUGAKUIN_SHIKINAI,181583:1,2
T2S182391_2,元雄神神社,,,小,,,礪波郡,,,,36.5893306,136.9910250,"https://maps.google.com/?q=36.5893306,136.9910250",,,延喜式内社データベースの現社候補,KOKUGAKUIN_SHIKINAI,182391:2,2
T2S182225_2,兄子神社,,,小,,,丹生郡,,,,35.8734528,136.0416056,"https://maps.google.com/?q=35.8734528,136.0416056",,,延喜式内社データベースの現社候補（論社）,KOKUGAKUIN_SHIKINAI,182225:2,2
T2S183202_1,光徳寺,,,小,,,名方郡,,,,34.0964111,134.5236778,"https://maps.google.com/?q=34.0964111,134.5236778",,,延喜式内社データベースの現社候補,KOKUGAKUIN_SHIKINAI,183202:1,2
T2S181459_1,入見神社,,,小,,,知多郡,,,,34.7405222,136.8741417,"https://maps.google.com/?q=34.7405222,136.8741417",,,延喜式内社データベースの現社候補（論社）,KOKUGAKUIN_SHIKINAI,181459:1,2
T2S180870_3,八剱神社,,,小,,,山辺郡,,,,34.5981389,135.8233028,"https://maps.google.com/?q=34.5981389,135.8233028",,,延喜式内社データベースの現社候補（論社）,KOKUGAKUIN_SHIKINAI,180870:3,2
T2S181361_3,八剱神社,,,小,,,中島郡,,,,35.2722028,136.6908778,"https://maps.google.com/?q=35.2722028,136.6908778",,,延喜式内社データベースの現社候補（論社）,KOKUGAKUIN_SHIKINAI,181361:3,2
T2S181374_2,八剱神社,,,小,,,中島郡,,,,35.2650111,136.7479389,"https://maps.google.com/?q=35.2650111,136.7479389",,,延喜式内社データベースの現社候補（論社）,KOKUGAKUIN_SHIKINAI,181374:2,2
T2S182356_3,八千鉾神社,,,小,,,羽咋郡,,,,37.0080194,136.7602750,"https://maps.google.com/?q=37.0080194,136.7602750",,,延喜式内社データベースの現社候補（論社）,KOKUGAKUIN_SHIKINAI,182356:3,2
T2S182423_3,八坂神社,,,小,,,頸城郡,,,,37.1732500,138.2416444,"https://maps.google.com/?q=37.1732500,138.2416444",,,延喜式内社データベースの現社候補（論社）,KOKUGAKUIN_SHIKINAI,182423:3,2
T2S182226_3,八坂神社境内社雨夜神社,,,小,,,丹生郡,,,,35.9831750,136.1231917,"https://maps.google.com/?q=35.9831750,136.1231917",,,延喜式内社データベースの現社候補（論社）,KOKUGAKUIN_SHIKINAI,182226:3,2
T2S180942_1,八尾神社,,,小,,,若江郡,,,,34.6304944,135.5997389,"https://maps.google.com/?q=34.6304944,135.5997389",,,延喜式内社データベースの現社候補,KOKUGAKUIN_SHIKINAI,180942:1,2
T2S182389_4,八幡宮,,,小,,,礪波郡,,,,36.6225861,136.8193972,"https://maps.google.com/?q=36.6225861,136.8193972",,,延喜式内社データベースの現社候補（論社）,KOKUGAKUIN_SHIKINAI,182389:4,2
T2S182445_3,八幡宮,,,小,,,魚沼郡,,,,37.0706861,138.8799278,"https://maps.google.com/?q=37.0706861,138.8799278",,,延喜式内社データベースの現社候補（論社）,KOKUGAKUIN_SHIKINAI,182445:3,2
T2S181596_1,八幡宮来宮神社,,,小,,,賀茂郡,,,,34.8774944,139.0964583,"https://maps.google.com/?q=34.8774944,139.0964583",,,延喜式内社データベースの現社候補（論社）,KOKUGAKUIN_SHIKINAI,181596:1,2
T2S181373_2,八幡神社,,,小,,,中島郡,,,,35.1994944,136.7341278,"https://maps.google.com/?q=35.1994944,136.7341278",,,延喜式内社データベースの現社候補（論社）,KOKUGAKUIN_SHIKINAI,181373:2,2
T2S181839_3,八幡神社,,,小,,,浅井郡,,,,35.4365583,136.2925333,"https://maps.google.com/?q=35.4365583,136.2925333",,,延喜式内社データベースの現社候補（論社）,KOKUGAKUIN_SHIKINAI,181839:3,2
T2S181934_1,八幡神社,,,小,,,安八郡,,,,35.3662194,136.6823083,"https://maps.google.com/?q=35.3662194,136.6823083",,,延喜式内社データベースの現社候補（論社）,KOKUGAKUIN_SHIKINAI,181934:1,2
T2S181958_1,八幡神社,,,小,,,恵奈郡,,,,35.4792806,137.4710417,"https://maps.google.com/?q=35.4792806,137.4710417",,,延喜式内社データベースの現社候補（論社）,KOKUGAKUIN_SHIKINAI,181958:1,2
T2S182232_3,八幡神社,,,小,,,丹生郡,,,,36.0470722,136.1680889,"https://maps.google.com/?q=36.0470722,136.1680889",,,延喜式内社データベースの現社候補（論社）,KOKUGAKUIN_SHIKINAI,182232:3,2
T2S182260_1,八幡神社,,,小,,,大野郡,,,,36.0010472,136.4119611,"https://maps.google.com/?q=36.0010472,136.4119611",,,延喜式内社データベースの現社候補,KOKUGAKUIN_SHIKINAI,182260:1,2
T2S182262_2,八幡神社,,,小,,,大野郡,,,,35.9551472,136.3670028,"https://maps.google.com/?q=35.9551472,136.3670028",,,延喜式内社データベースの現社候補（論社）,KOKUGAKUIN_SHIKINAI,182262:2,2
T2S182265_3,八幡神社,,,小,,,大野郡,,,,36.0170778,136.4948806,"https://maps.google.com/?q=36.0170778,136.4948806",,,延喜式内社データベースの現社候補（論社）,KOKUGAKUIN_SHIKINAI,182265:3,2
T2S182270_1,八幡神社,,,小,,,坂井郡,,,,36.1313583,136.2249306,"https://maps.google.com/?q=36.1313583,136.2249306",,,延喜式内社データベースの現社候補（論社）,KOKUGAKUIN_SHIKINAI,182270:1,2
T2S182560_2,八幡神社,,,小,,,加佐郡,,,,35.5216917,135.4055639,"https://maps.google.com/?q=35.5216917,135.4055639",,,延喜式内社データベースの現社候補（論社）,KOKUGAKUIN_SHIKINAI,182560:2,2
T2S182618_2,八幡神社,,,小,,,朝来郡,,,,35.2903167,134.8804389,"https://maps.google.com/?q=35.2903167,134.8804389",,,延喜式内社データベースの現社候補（論社）,KOKUGAKUIN_SHIKINAI,182618:2,2
T2S181610_2,八幡神社(下田市吉佐美),,,小,,,賀茂郡,,,,34.6590750,138.9151833,"https://maps.google.com/?q=34.6590750,138.9151833",,,延喜式内社データベースの現社候補（論社）,KOKUGAKUIN_SHIKINAI,181610:2,2
T2S181655_1,八幡神社(伊豆市小土肥),,,小,,,那賀郡,,,,34.9221722,138.7904222,"https://maps.google.com/?q=34.9221722,138.7904222",,,延喜式内社データベースの現社候補（論社）,KOKUGAKUIN_SHIKINAI,181655:1,2
T2S181596_3,八幡神社(子浦),,,小,,,賀茂郡,,,,34.6710083,138.7851861,"https://maps.google.com/?q=34.6710083,138.7851861",,,延喜式内社データベースの現社候補（論社）,KOKUGAKUIN_SHIKINAI,181596:3,2
T2S181412_4,八幡神社(水北町),,,小,,,春部郡,,,,35.2504083,137.0866389,"https://maps.google.com/?q=35.2504083,137.0866389",,,延喜式内社データベースの現社候補（論社）,KOKUGAKUIN_SHIKINAI,181412:4,2
T2S181903_2,八幡神社（マキノ町石庭）,,,小,,,高島郡,,,,35.4725583,136.0293722,"https://maps.google.com/?q=35.4725583,136.0293722",,,延喜式内社データベースの現社候補（論社）,KOKUGAKUIN_SHIKINAI,181903:2,2
T2S181903_3,八幡神社（武曽横山）,,,小,,,高島郡,,,,35.3253056,135.9838722,"https://maps.google.com/?q=35.3253056,135.9838722",,,延喜式内社データベースの現社候補（論社）,KOKUGAKUIN_SHIKINAI,181903:3,2
T2S181412_1,八所神社,,,小,,,春部郡,,,,35.3114528,136.9568167,"https://maps.google.com/?q=35.3114528,136.9568167",,,延喜式内社データベースの現社候補（論社）,KOKUGAKUIN_SHIKINAI,181412:1,2
T2S182461_2,八所神社,,,小,,,沼垂郡,,,,38.1196722,139.4029389,"https://maps.google.com/?q=38.1196722,139.4029389",,,延喜式内社データベースの現社候補（論社）,KOKUGAKUIN_SHIKINAI,182461:2,2
T2S182453_2,八木神社,,,小,,,蒲原郡,,,,37.5420639,139.1170167,"https://maps.google.com/?q=37.5420639,139.1170167",,,延喜式内社データベースの現社候補（論社）,KOKUGAKUIN_SHIKINAI,182453:2,2
T2S181589_2,八王子社,,,小,,,賀茂郡,,,,34.6898667,138.9452111,"https://maps.google.com/?q=34.6898667,138.9452111",,,延喜式内社データベースの現社候補（論社）,KOKUGAKUIN_SHIKINAI,181589:2,2
T2S181508_4,八雲神社,,,小,,,長下郡,,,,34.7911639,137.7988833,"https://maps.google.com/?q=34.7911639,137.7988833",,,延喜式内社データベースの現社候補（論社）,KOKUGAKUIN_SHIKINAI,181508:4,2
T2S182093_6,八雲神社境内石上神社,,,小,,,桃生郡,,,,38.5929972,141.2702972,"https://maps.google.com/?q=38.5929972,141.2702972",,,延喜式内社データベースの現社候補（論社）,KOKUGAKUIN_SHIKINAI,182093:6,2
T2S180681_1,六所神社,,,小,,,添上郡,,,,34.6774389,135.9776278,"https://maps.google.com/?q=34.6774389,135.9776278",,,延喜式内社データベースの現社候補（論社）,KOKUGAKUIN_SHIKINAI,180681:1,2
T2S181505_2,六所神社,,,小,,,麁玉郡,,,,34.8331944,137.7746167,"https://maps.google.com/?q=34.8331944,137.7746167",,,延喜式内社データベースの現社候補（論社）,KOKUGAKUIN_SHIKINAI,181505:2,2
T2S181515_2,六所神社,,,小,,,長上郡,,,,34.7852333,137.7525194,"https://maps.google.com/?q=34.7852333,137.7525194",,,延喜式内社データベースの現社候補（論社）,KOKUGAKUIN_SHIKINAI,181515:2,2
T2S182618_1,兵主神社,,,小,,,朝来郡,,,,35.2985139,134.8885361,"https://maps.google.com/?q=35.2985139,134.8885361",,,延喜式内社データベースの現社候補（論社）,KOKUGAKUIN_SHIKINAI,182618:1,2
T2S183076_2,内宮,,,小,,,御野郡,,,,34.6358028,133.9341667,"https://maps.google.com/?q=34.6358028,133.9341667",,,延喜式内社データベースの現社候補（論社）,KOKUGAKUIN_SHIKINAI,183076:2,2
T2S181364_1,内荒神社,,,小,,,中島郡,,,,35.2229167,136.7424389,"https://maps.google.com/?q=35.2229167,136.7424389",,,延喜式内社データベースの現社候補（論社）,KOKUGAKUIN_SHIKINAI,181364:1,2
T2S181515_1,内野神明宮,,,小,,,長上郡,,,,34.7168389,137.7516861,"https://maps.google.com/?q=34.7168389,137.7516861",,,延喜式内社データベースの現社候補（論社）,KOKUGAKUIN_SHIKINAI,181515:1,2
T2S182098_1,冠嶺神社（原町区）,,,小,,,行方郡,,,,37.6573306,140.9162694,"https://maps.google.com/?q=37.6573306,140.9162694",,,延喜式内社データベースの現社候補（論社）,KOKUGAKUIN_SHIKINAI,182098:1,2
T2S182098_2,冠嶺神社（鹿島区）,,,小,,,行方郡,,,,37.7245083,140.8756028,"https://maps.google.com/?q=37.7245083,140.8756028",,,延喜式内社データベースの現社候補（論社）,KOKUGAKUIN_SHIKINAI,182098:2,2
T2S182125_1,冰上神社,,,小,,,気仙郡,,,,39.0292972,141.6371472,"https://maps.google.com/?q=39.0292972,141.6371472",,,延喜式内社データベースの現社候補（論社）,KOKUGAKUIN_SHIKINAI,182125:1,2
T2S182140_2,出羽神社(三神合祭殿),,,名大,,,飽海郡,,,,38.7025472,139.9813528,"https://maps.google.com/?q=38.7025472,139.9813528",,,延喜式内社データベースの現社候補,KOKUGAKUIN_SHIKINAI,182140:2,2
T2S182482_2,出雲神社,,,名大,,,桑田郡,,,,35.0144944,135.4853250,"https://maps.google.com/?q=35.0144944,135.4853250",,,延喜式内社データベースの現社候補（論社）,KOKUGAKUIN_SHIKINAI,182482:2,2
T2S182303_2,刀何理神社,,,小,,,江沼郡,,,,36.3429417,136.4086500,"https://maps.google.com/?q=36.3429417,136.4086500",,,延喜式内社データベースの現社候補（論社）,KOKUGAKUIN_SHIKINAI,182303:2,2
T2S181632_1,初姫神社,,,小,,,田方郡,,,,35.0817750,138.9486611,"https://maps.google.com/?q=35.0817750,138.9486611",,,延喜式内社データベースの現社候補（論社）,KOKUGAKUIN_SHIKINAI,181632:1,2
T2S180885_2,利雁神社（旧社地に復興＝羽曳野市尺度）,,,小,,,古市郡,,,,34.5310194,135.6005583,"https://maps.google.com/?q=34.5310194,135.6005583",,,延喜式内社データベースの現社候補,KOKUGAKUIN_SHIKINAI,180885:2,2
T2S182146_1,副川神社,,,小,,,山本郡,,,,39.9737028,140.0881000,"https://maps.google.com/?q=39.9737028,140.0881000",,,延喜式内社データベースの現社候補,KOKUGAKUIN_SHIKINAI,182146:1,2
T2S180774_1,剱主神社（上宮）,,,小,,,宇陀郡,,,,34.4566528,135.9190000,"https://maps.google.com/?q=34.4566528,135.9190000",,,延喜式内社データベースの現社候補,KOKUGAKUIN_SHIKINAI,180774:1,2
T2S180774_2,剱主神社（下宮）,,,小,,,宇陀郡,,,,34.4580139,135.9217167,"https://maps.google.com/?q=34.4580139,135.9217167",,,延喜式内社データベースの現社候補,KOKUGAKUIN_SHIKINAI,180774:2,2
T2S182231_2,剱神社,,,小,,,丹生郡,,,,35.9413583,136.0486667,"https://maps.google.com/?q=35.9413583,136.0486667",,,延喜式内社データベースの現社候補（論社）,KOKUGAKUIN_SHIKINAI,182231:2,2
T2S182423_1,剱神社,,,小,,,頸城郡,,,,37.0302417,137.9670778,"https://maps.google.com/?q=37.0302417,137.9670778",,,延喜式内社データベースの現社候補（論社）,KOKUGAKUIN_SHIKINAI,182423:1,2
T2S182214_1,剱神社境内末社織田神社,,,小,,,敦賀郡,,,,35.9578417,136.0556528,"https://maps.google.com/?q=35.9578417,136.0556528",,,延喜式内社データベースの現社候補（論社）,KOKUGAKUIN_SHIKINAI,182214:1,2
T2S181634_1,劔刀石床別命神社,,,小,,,田方郡,,,,35.1130694,138.9336306,"https://maps.google.com/?q=35.1130694,138.9336306",,,延喜式内社データベースの現社候補（論社）,KOKUGAKUIN_SHIKINAI,181634:1,2
T2S181627_1,劔刀神社,,,小,,,田方郡,,,,35.0278694,138.9139278,"https://maps.google.com/?q=35.0278694,138.9139278",,,延喜式内社データベースの現社候補（論社）,KOKUGAKUIN_SHIKINAI,181627:1,2
T2S182190_1,劔神社（丹生郡）,,,小,,,敦賀郡,,,,35.9576611,136.0549972,"https://maps.google.com/?q=35.9576611,136.0549972",,,延喜式内社データベースの現社候補（論社）,KOKUGAKUIN_SHIKINAI,182190:1,2
T2S182190_2,劔神社（敦賀市）,,,小,,,敦賀郡,,,,35.6274083,136.0412917,"https://maps.google.com/?q=35.6274083,136.0412917",,,延喜式内社データベースの現社候補（論社）,KOKUGAKUIN_SHIKINAI,182190:2,2
T2S182139_4,劔龍神社,,,小,,,飽海郡,,,,39.0434639,139.9175722,"https://maps.google.com/?q=39.0434639,139.9175722",,,延喜式内社データベースの現社候補（論社）,KOKUGAKUIN_SHIKINAI,182139:4,2
T2S183161_2,力侍神社（論社）,,,小,,,牟婁郡,,,,34.2618111,135.2617722,"https://maps.google.com/?q=34.2618111,135.2617722",,,延喜式内社データベースの現社候補（論社）,KOKUGAKUIN_SHIKINAI,183161:2,2
T2S181216_1,加世智神社に合祀,,,小,,,飯高郡,,,,34.5919389,136.5423917,"https://maps.google.com/?q=34.5919389,136.5423917",,,延喜式内社データベースの現社候補,KOKUGAKUIN_SHIKINAI,181216:1,2
T2S182396_1,加久彌神社,,,小,,,射水郡,,,,36.8054028,136.9667250,"https://maps.google.com/?q=36.8054028,136.9667250",,,延喜式内社データベースの現社候補（論社）,KOKUGAKUIN_SHIKINAI,182396:1,2
T2S181251_1,加佐登神社に合祀,,,小,,,鈴鹿郡,,,,34.9002167,136.5273000,"https://maps.google.com/?q=34.9002167,136.5273000",,,延喜式内社データベースの現社候補,KOKUGAKUIN_SHIKINAI,181251:1,2
T2S182245_1,加多志波神社,,,小,,,今立郡,,,,35.9453917,136.2255389,"https://maps.google.com/?q=35.9453917,136.2255389",,,延喜式内社データベースの現社候補（論社）,KOKUGAKUIN_SHIKINAI,182245:1,2
T2S183145_1,加太淡嶋神社,,,小,,,名草郡,,,,34.2738000,135.0666722,"https://maps.google.com/?q=34.2738000,135.0666722",,,延喜式内社データベースの現社候補,KOKUGAKUIN_SHIKINAI,183145:1,2
T2S181611_1,加畑賀茂神社,,,小,,,賀茂郡,,,,34.6478389,138.8753639,"https://maps.google.com/?q=34.6478389,138.8753639",,,延喜式内社データベースの現社候補（論社）,KOKUGAKUIN_SHIKINAI,181611:1,2
T2S182403_2,加茂社,,,小,,,射水郡,,,,36.7186444,137.0972889,"https://maps.google.com/?q=36.7186444,137.0972889",,,延喜式内社データベースの現社候補（論社）,KOKUGAKUIN_SHIKINAI,182403:2,2
T2S183123_2,加茂神社,,,小,,,熊毛郡,,,,33.9152778,132.1231083,"https://maps.google.com/?q=33.9152778,132.1231083",,,延喜式内社データベースの現社候補（論社）,KOKUGAKUIN_SHIKINAI,183123:2,2
T2S180907_2,加茂神社跡,,,小,,,高安郡,,,,34.6378889,135.6330778,"https://maps.google.com/?q=34.6378889,135.6330778",,,延喜式内社データベースの現社候補,KOKUGAKUIN_SHIKINAI,180907:2,2
T2S181584_1,勝組神社,,,小,,,賀茂郡,,,,34.1199028,139.5222861,"https://maps.google.com/?q=34.1199028,139.5222861",,,延喜式内社データベースの現社候補（論社）,KOKUGAKUIN_SHIKINAI,181584:1,2
T2S181328_1,北桑名総社北桑名神社,,,小,,,桑名郡,,,,35.0678250,136.6885444,"https://maps.google.com/?q=35.0678250,136.6885444",,,延喜式内社データベースの現社候補,KOKUGAKUIN_SHIKINAI,181328:1,2
T2S181891_2,北野神社,,,小,,,伊香郡,,,,35.5413889,136.1814250,"https://maps.google.com/?q=35.5413889,136.1814250",,,延喜式内社データベースの現社候補（論社）,KOKUGAKUIN_SHIKINAI,181891:2,2
T2S183191_1,医家神社,,,小,,,美馬郡,,,,34.0284250,133.8131722,"https://maps.google.com/?q=34.0284250,133.8131722",,,延喜式内社データベースの現社候補,KOKUGAKUIN_SHIKINAI,183191:1,2
T2S180870_2,十二神社,,,小,,,山辺郡,,,,34.5803917,135.8530139,"https://maps.google.com/?q=34.5803917,135.8530139",,,延喜式内社データベースの現社候補（論社）,KOKUGAKUIN_SHIKINAI,180870:2,2
T2S182642_2,十六柱神社,,,小,,,養父郡,,,,35.3611917,134.8380667,"https://maps.google.com/?q=35.3611917,134.8380667",,,延喜式内社データベースの現社候補（論社）,KOKUGAKUIN_SHIKINAI,182642:2,2
T2S182228_2,十府神社,,,小,,,丹生郡,,,,35.8816583,136.1651944,"https://maps.google.com/?q=35.8816583,136.1651944",,,延喜式内社データベースの現社候補（論社）,KOKUGAKUIN_SHIKINAI,182228:2,2
T2S180805_1,千代神社（春日神社境内末社）,,,小,,,城下郡,,,,34.5428139,135.7992889,"https://maps.google.com/?q=34.5428139,135.7992889",,,延喜式内社データベースの現社候補,KOKUGAKUIN_SHIKINAI,180805:1,2
T2S180805_2,千代神社（森市神社〈村屋坐弥冨津比売神社＝大神神社別宮〉境内社）,,,小,,,城下郡,,,,34.5522639,135.8091944,"https://maps.google.com/?q=34.5522639,135.8091944",,,延喜式内社データベースの現社候補,KOKUGAKUIN_SHIKINAI,180805:2,2
T2S181602_4,南子宮(后神社境内),,,小,,,賀茂郡,,,,34.1002056,139.4897167,"https://maps.google.com/?q=34.1002056,139.4897167",,,延喜式内社データベースの現社候補（論社）,KOKUGAKUIN_SHIKINAI,181602:4,2
T2S181602_2,南子神社,,,小,,,賀茂郡,,,,34.1137472,139.5222056,"https://maps.google.com/?q=34.1137472,139.5222056",,,延喜式内社データベースの現社候補（論社）,KOKUGAKUIN_SHIKINAI,181602:2,2
T2S180723_2,博西神社,,,大,,,葛下郡,,,,34.4856806,135.7095583,"https://maps.google.com/?q=34.4856806,135.7095583",,,延喜式内社データベースの現社候補（論社）,KOKUGAKUIN_SHIKINAI,180723:2,2
T2S180973_1,参考：船待神社,,,小,,,大鳥郡,,,,34.5689472,135.4650250,"https://maps.google.com/?q=34.5689472,135.4650250",,,延喜式内社データベースの現社候補,KOKUGAKUIN_SHIKINAI,180973:1,2
T2S181457_2,参道(氷上姉子神社元宮),,,小,,,愛智郡,,,,35.0610056,136.9294556,"https://maps.google.com/?q=35.0610056,136.9294556",,,延喜式内社データベースの現社候補,KOKUGAKUIN_SHIKINAI,181457:2,2
T2S183054_2,古見八幡神社,,,小,,,大庭郡,,,,35.0521472,133.7675361,"https://maps.google.com/?q=35.0521472,133.7675361",,,延喜式内社データベースの現社候補（論社）,KOKUGAKUIN_SHIKINAI,183054:2,2
T2S181487_1,只木神明宮,,,小,,,浜名郡,,,,34.8265028,137.5725972,"https://maps.google.com/?q=34.8265028,137.5725972",,,延喜式内社データベースの現社候補,KOKUGAKUIN_SHIKINAI,181487:1,2
T2S183008_1,可美真手命神社,,,小,,,明石郡,,,,34.7456389,135.0176944,"https://maps.google.com/?q=34.7456389,135.0176944",,,延喜式内社データベースの現社候補（論社）,KOKUGAKUIN_SHIKINAI,183008:1,2
T2S180986_1,合祀：多治速比売神社（右殿）,,,小,,,大鳥郡,,,,34.5021222,135.4978389,"https://maps.google.com/?q=34.5021222,135.4978389",,,延喜式内社データベースの現社候補,KOKUGAKUIN_SHIKINAI,180986:1,2
T2S180980_1,合祀：多治速比売神社（左殿＝鴨田社）,,,小,,,大鳥郡,,,,34.5021222,135.4978389,"https://maps.google.com/?q=34.5021222,135.4978389",,,延喜式内社データベースの現社候補,KOKUGAKUIN_SHIKINAI,180980:1,2
T2S180996_1,合祀：大津神社,,,小,,,和泉郡,,,,34.5051028,135.4050361,"https://maps.google.com/?q=34.5051028,135.4050361",,,延喜式内社データベースの現社候補,KOKUGAKUIN_SHIKINAI,180996:1,2
T2S180982_1,合祀：大鳥大社,,,小,,,大鳥郡,,,,34.5362167,135.4614944,"https://maps.google.com/?q=34.5362167,135.4614944",,,延喜式内社データベースの現社候補,KOKUGAKUIN_SHIKINAI,180982:1,2
T2S180972_1,合祀：大鳥美波比神社,,,小,,,大鳥郡,,,,34.5362167,135.4614917,"https://maps.google.com/?q=34.5362167,135.4614917",,,延喜式内社データベースの現社候補,KOKUGAKUIN_SHIKINAI,180972:1,2
T2S181002_1,合祀：春日神社（池田春日神社）,,,小,,,和泉郡,,,,34.4506083,135.4827583,"https://maps.google.com/?q=34.4506083,135.4827583",,,延喜式内社データベースの現社候補,KOKUGAKUIN_SHIKINAI,181002:1,2
T2S180970_1,合祀：櫻井神社,,,小,,,大鳥郡,,,,34.4854583,135.5062083,"https://maps.google.com/?q=34.4854583,135.5062083",,,延喜式内社データベースの現社候補,KOKUGAKUIN_SHIKINAI,180970:1,2
T2S180989_1,合祀：等乃伎神社,,,小,,,大鳥郡,,,,34.5211667,135.4564889,"https://maps.google.com/?q=34.5211667,135.4564889",,,延喜式内社データベースの現社候補,KOKUGAKUIN_SHIKINAI,180989:1,2
T2S180974_1,合祀：陶荒田神社,,,小,,,大鳥郡,,,,34.5104222,135.5225306,"https://maps.google.com/?q=34.5104222,135.5225306",,,延喜式内社データベースの現社候補,KOKUGAKUIN_SHIKINAI,180974:1,2
T2S181013_1,合祀：高龗神社,,,小,,,日根郡,,,,34.4429528,135.3444833,"https://maps.google.com/?q=34.4429528,135.3444833",,,延喜式内社データベースの現社候補,KOKUGAKUIN_SHIKINAI,181013:1,2
T2S181798_1,吉姫神社,,,小,,,甲賀郡,,,,35.0056833,136.0615917,"https://maps.google.com/?q=35.0056833,136.0615917",,,延喜式内社データベースの現社候補（論社）,KOKUGAKUIN_SHIKINAI,181798:1,2
T2S181798_2,吉御子神社,,,小,,,甲賀郡,,,,35.0102000,136.0508333,"https://maps.google.com/?q=35.0102000,136.0508333",,,延喜式内社データベースの現社候補（論社）,KOKUGAKUIN_SHIKINAI,181798:2,2
T2S181727_1,吉田椋神社,,,小,,,秩父郡,,,,36.0450111,139.0330250,"https://maps.google.com/?q=36.0450111,139.0330250",,,延喜式内社データベースの現社候補（論社）,KOKUGAKUIN_SHIKINAI,181727:1,2
T2S182579_2,吉野神社,,,小,,,与謝郡,,,,35.5577500,135.1804861,"https://maps.google.com/?q=35.5577500,135.1804861",,,延喜式内社データベースの現社候補（論社）,KOKUGAKUIN_SHIKINAI,182579:2,2
T2S181571_1,后神社,,,小,,,賀茂郡,,,,34.1002056,139.4897167,"https://maps.google.com/?q=34.1002056,139.4897167",,,延喜式内社データベースの現社候補（論社）,KOKUGAKUIN_SHIKINAI,181571:1,2
T2S180573_2,向日神社相殿,,,名大,,,乙訓郡,,,,34.9441472,135.6971194,"https://maps.google.com/?q=34.9441472,135.6971194",,,延喜式内社データベースの現社候補（論社）,KOKUGAKUIN_SHIKINAI,180573:2,2
T2S182408_3,呉服神社 （熊野神社）,,,小,,,婦負郡,,,,36.7009861,137.1927889,"https://maps.google.com/?q=36.7009861,137.1927889",,,延喜式内社データベースの現社候補（論社）,KOKUGAKUIN_SHIKINAI,182408:3,2
T2S180835_1,呉津彦神社,,,小,,,高市郡,,,,34.4538361,135.8085250,"https://maps.google.com/?q=34.4538361,135.8085250",,,延喜式内社データベースの現社候補,KOKUGAKUIN_SHIKINAI,180835:1,2
T2S183130_2,周方神社,,,小,,,都濃郡,,,,34.1376806,131.8372611,"https://maps.google.com/?q=34.1376806,131.8372611",,,延喜式内社データベースの現社候補（論社）,KOKUGAKUIN_SHIKINAI,183130:2,2
T2S182240_3,味真野神社,,,小,,,今立郡,,,,35.8868750,136.2352833,"https://maps.google.com/?q=35.8868750,136.2352833",,,延喜式内社データベースの現社候補（論社）,KOKUGAKUIN_SHIKINAI,182240:3,2
T2S181471_1,和志取神社,,,小,,,碧海郡,,,,34.9625389,137.1231889,"https://maps.google.com/?q=34.9625389,137.1231889",,,延喜式内社データベースの現社候補（論社）,KOKUGAKUIN_SHIKINAI,181471:1,2
T2S181471_2,和志取神社,,,小,,,碧海郡,,,,34.9792917,137.1221611,"https://maps.google.com/?q=34.9792917,137.1221611",,,延喜式内社データベースの現社候補（論社）,KOKUGAKUIN_SHIKINAI,181471:2,2
T2S182108_2,和我神社（栗駒桜田）,,,小,,,栗原郡,,,,38.7938861,140.9839167,"https://maps.google.com/?q=38.7938861,140.9839167",,,延喜式内社データベースの現社候補（論社）,KOKUGAKUIN_SHIKINAI,182108:2,2
T2S182108_1,和我神社（築館）,,,小,,,栗原郡,,,,38.7346639,141.0490611,"https://maps.google.com/?q=38.7346639,141.0490611",,,延喜式内社データベースの現社候補（論社）,KOKUGAKUIN_SHIKINAI,182108:1,2
T2S182081_2,和渕神社,,,小,,,牡鹿郡,,,,38.5303056,141.2212639,"https://maps.google.com/?q=38.5303056,141.2212639",,,延喜式内社データベースの現社候補（論社）,KOKUGAKUIN_SHIKINAI,182081:2,2
T2S181431_1,和爾良神社,,,小,,,山田郡,,,,35.2341972,136.9849389,"https://maps.google.com/?q=35.2341972,136.9849389",,,延喜式内社データベースの現社候補（論社）,KOKUGAKUIN_SHIKINAI,181431:1,2
T2S181431_4,和爾良神社,,,小,,,山田郡,,,,35.1927167,136.9884944,"https://maps.google.com/?q=35.1927167,136.9884944",,,延喜式内社データベースの現社候補（論社）,KOKUGAKUIN_SHIKINAI,181431:4,2
T2S180876_1,咸古神社,,,小,,,石川郡,,,,34.4627500,135.5977694,"https://maps.google.com/?q=34.4627500,135.5977694",,,延喜式内社データベースの現社候補,KOKUGAKUIN_SHIKINAI,180876:1,2
T2S181644_1,哆胡神社,,,小,,,那賀郡,,,,34.8061889,138.7646778,"https://maps.google.com/?q=34.8061889,138.7646778",,,延喜式内社データベースの現社候補（論社）,KOKUGAKUIN_SHIKINAI,181644:1,2
T2S181898_1,唐崎神社,,,小,,,高島郡,,,,35.4521667,136.0561194,"https://maps.google.com/?q=35.4521667,136.0561194",,,延喜式内社データベースの現社候補（論社）,KOKUGAKUIN_SHIKINAI,181898:1,2
T2S182686_2,嘉麻神社,,,小,,,城崎郡,,,,35.5482028,134.8065694,"https://maps.google.com/?q=35.5482028,134.8065694",,,延喜式内社データベースの現社候補（論社）,KOKUGAKUIN_SHIKINAI,182686:2,2
T2S181503_3,四所神社,,,小,,,引佐郡,,,,34.8578944,137.7173278,"https://maps.google.com/?q=34.8578944,137.7173278",,,延喜式内社データベースの現社候補（論社）,KOKUGAKUIN_SHIKINAI,181503:3,2
T2S182237_1,国中神社,,,小,,,今立郡,,,,35.9336417,136.2350694,"https://maps.google.com/?q=35.9336417,136.2350694",,,延喜式内社データベースの現社候補,KOKUGAKUIN_SHIKINAI,182237:1,2
T2S183112_2,国司神社,,,小,,,葦田郡,,,,34.5303278,133.2580917,"https://maps.google.com/?q=34.5303278,133.2580917",,,延喜式内社データベースの現社候補（論社）,KOKUGAKUIN_SHIKINAI,183112:2,2
T2S181652_2,国玉神社,,,小,,,那賀郡,,,,34.9230083,138.7904833,"https://maps.google.com/?q=34.9230083,138.7904833",,,延喜式内社データベースの現社候補（論社）,KOKUGAKUIN_SHIKINAI,181652:2,2
T2S182266_2,国生大野神社,,,小,,,大野郡,,,,35.9770889,136.5059722,"https://maps.google.com/?q=35.9770889,136.5059722",,,延喜式内社データベースの現社候補（論社）,KOKUGAKUIN_SHIKINAI,182266:2,2
T2S182237_2,國中神社,,,小,,,今立郡,,,,35.9293000,136.2391139,"https://maps.google.com/?q=35.9293000,136.2391139",,,延喜式内社データベースの現社候補,KOKUGAKUIN_SHIKINAI,182237:2,2
T2S182593_1,國原神社,,,小,,,竹野郡,,,,35.6902750,135.0961389,"https://maps.google.com/?q=35.6902750,135.0961389",,,延喜式内社データベースの現社候補,KOKUGAKUIN_SHIKINAI,182593:1,2
T2S182430_1,圓田神社（名立区）,,,小,,,頸城郡,,,,37.1255056,138.1066639,"https://maps.google.com/?q=37.1255056,138.1066639",,,延喜式内社データベースの現社候補（論社）,KOKUGAKUIN_SHIKINAI,182430:1,2
T2S182430_2,圓田神社（柿崎区）,,,小,,,頸城郡,,,,37.2498222,138.4404583,"https://maps.google.com/?q=37.2498222,138.4404583",,,延喜式内社データベースの現社候補（論社）,KOKUGAKUIN_SHIKINAI,182430:2,2
T2S181654_1,土肥神社,,,小,,,那賀郡,,,,34.9110500,138.7984500,"https://maps.google.com/?q=34.9110500,138.7984500",,,延喜式内社データベースの現社候補（論社）,KOKUGAKUIN_SHIKINAI,181654:1,2
T2S181439_1,坂庭神社,,,小,,,山田郡,,,,35.2657056,136.9082139,"https://maps.google.com/?q=35.2657056,136.9082139",,,延喜式内社データベースの現社候補（論社）,KOKUGAKUIN_SHIKINAI,181439:1,2
T2S182445_1,坂本神社（南魚沼市大倉）,,,小,,,魚沼郡,,,,37.1435639,138.9928056,"https://maps.google.com/?q=37.1435639,138.9928056",,,延喜式内社データベースの現社候補（論社）,KOKUGAKUIN_SHIKINAI,182445:1,2
T2S182445_5,坂本神社（南魚沼市宮）,,,小,,,魚沼郡,,,,37.0587444,138.9327611,"https://maps.google.com/?q=37.0587444,138.9327611",,,延喜式内社データベースの現社候補（論社）,KOKUGAKUIN_SHIKINAI,182445:5,2
T2S181832_1,坂田宮岡神社,,,小,,,坂田郡,,,,35.3373778,136.2870639,"https://maps.google.com/?q=35.3373778,136.2870639",,,延喜式内社データベースの現社候補（論社）,KOKUGAKUIN_SHIKINAI,181832:1,2
T2S181506_1,堀谷六所神社(寄宮(摂社)),,,小,,,麁玉郡,,,,34.8670556,137.7620250,"https://maps.google.com/?q=34.8670556,137.7620250",,,延喜式内社データベースの現社候補（論社）,KOKUGAKUIN_SHIKINAI,181506:1,2
T2S181142_2,堅田神社,,,小,,,度会郡,,,,34.5056972,136.7798500,"https://maps.google.com/?q=34.5056972,136.7798500",,,延喜式内社データベースの現社候補（論社）,KOKUGAKUIN_SHIKINAI,181142:2,2
T2S183010_1,堅田神社,,,小,,,明石郡,,,,34.7264194,135.0079972,"https://maps.google.com/?q=34.7264194,135.0079972",,,延喜式内社データベースの現社候補（論社）,KOKUGAKUIN_SHIKINAI,183010:1,2
T2S182931_1,塩冶神社,,,小,,,神門郡,,,,35.3523639,132.7642972,"https://maps.google.com/?q=35.3523639,132.7642972",,,延喜式内社データベースの現社候補,KOKUGAKUIN_SHIKINAI,182931:1,2
T2S182144_1,塩湯彦神社奥宮,,,小,,,平鹿郡,,,,39.3674389,140.6347333,"https://maps.google.com/?q=39.3674389,140.6347333",,,延喜式内社データベースの現社候補,KOKUGAKUIN_SHIKINAI,182144:1,2
T2S182144_2,塩湯彦鶴ヶ池神社 (塩湯彦神社里宮),,,小,,,平鹿郡,,,,39.2820556,140.6182000,"https://maps.google.com/?q=39.2820556,140.6182000",,,延喜式内社データベースの現社候補,KOKUGAKUIN_SHIKINAI,182144:2,2
T2S182010_1,塩野神社（上田市保野）,,,小,,,小県郡,,,,36.3705556,138.1875861,"https://maps.google.com/?q=36.3705556,138.1875861",,,延喜式内社データベースの現社候補（論社）,KOKUGAKUIN_SHIKINAI,182010:1,2
T2S182010_2,塩野神社（上田市前山）,,,小,,,小県郡,,,,36.3372167,138.1878417,"https://maps.google.com/?q=36.3372167,138.1878417",,,延喜式内社データベースの現社候補（論社）,KOKUGAKUIN_SHIKINAI,182010:2,2
T2S181997_1,墨坂神社（須坂市墨坂）,,,小,,,高井郡,,,,36.6510667,138.3019972,"https://maps.google.com/?q=36.6510667,138.3019972",,,延喜式内社データベースの現社候補（論社）,KOKUGAKUIN_SHIKINAI,181997:1,2
T2S181997_2,墨坂神社（須坂市大字須坂）,,,小,,,高井郡,,,,36.6568778,138.3111972,"https://maps.google.com/?q=36.6568778,138.3111972",,,延喜式内社データベースの現社候補（論社）,KOKUGAKUIN_SHIKINAI,181997:2,2
T2S180883_1,壹須何神社,,,小,,,石川郡,,,,34.5068083,135.6258083,"https://maps.google.com/?q=34.5068083,135.6258083",,,延喜式内社データベースの現社候補,KOKUGAKUIN_SHIKINAI,180883:1,2
T2S182408_1,多久比禮志神社,,,小,,,婦負郡,,,,36.5964528,137.1900833,"https://maps.google.com/?q=36.5964528,137.1900833",,,延喜式内社データベースの現社候補（論社）,KOKUGAKUIN_SHIKINAI,182408:1,2
T2S183374_1,多久頭魂神社,,,名大,,,下県郡,,,,34.1244667,129.1888528,"https://maps.google.com/?q=34.1244667,129.1888528",,,延喜式内社データベースの現社候補,KOKUGAKUIN_SHIKINAI,183374:1,2
T2S182319_3,多伎奈彌八幡神社,,,小,,,能美郡,,,,36.5199417,136.5872083,"https://maps.google.com/?q=36.5199417,136.5872083",,,延喜式内社データベースの現社候補（論社）,KOKUGAKUIN_SHIKINAI,182319:3,2
T2S182440_2,多多神社,,,小,,,三島郡,,,,37.4048111,138.6391778,"https://maps.google.com/?q=37.4048111,138.6391778",,,延喜式内社データベースの現社候補（論社）,KOKUGAKUIN_SHIKINAI,182440:2,2
T2S182440_1,多岐神社,,,小,,,三島郡,,,,37.4950222,138.7004000,"https://maps.google.com/?q=37.4950222,138.7004000",,,延喜式内社データベースの現社候補（論社）,KOKUGAKUIN_SHIKINAI,182440:1,2
T2S182469_4,多岐神社（合祀）,,,小,,,磐船郡,,,,38.1841167,139.4996417,"https://maps.google.com/?q=38.1841167,139.4996417",,,延喜式内社データベースの現社候補（論社）,KOKUGAKUIN_SHIKINAI,182469:4,2
T2S182469_1,多岐神社（村上市岩ヶ崎）,,,小,,,磐船郡,,,,38.2435167,139.4485806,"https://maps.google.com/?q=38.2435167,139.4485806",,,延喜式内社データベースの現社候補（論社）,KOKUGAKUIN_SHIKINAI,182469:1,2
T2S182469_3,多岐神社（村上市高根）,,,小,,,磐船郡,,,,38.3354833,139.6108556,"https://maps.google.com/?q=38.3354833,139.6108556",,,延喜式内社データベースの現社候補（論社）,KOKUGAKUIN_SHIKINAI,182469:3,2
T2S181643_1,多爾夜神社,,,小,,,那賀郡,,,,34.8261917,138.7730861,"https://maps.google.com/?q=34.8261917,138.7730861",,,延喜式内社データベースの現社候補（論社）,KOKUGAKUIN_SHIKINAI,181643:1,2
T2S182570_2,多由神社（与謝郡）,,,小,,,与謝郡,,,,35.5447167,135.1366000,"https://maps.google.com/?q=35.5447167,135.1366000",,,延喜式内社データベースの現社候補（論社）,KOKUGAKUIN_SHIKINAI,182570:2,2
T2S182570_1,多由神社（宮津市）,,,小,,,与謝郡,,,,35.5824972,135.2424250,"https://maps.google.com/?q=35.5824972,135.2424250",,,延喜式内社データベースの現社候補（論社）,KOKUGAKUIN_SHIKINAI,182570:1,2
T2S181114_1,多賀宮,,,大,,,度会郡,,,,34.4853944,136.7039361,"https://maps.google.com/?q=34.4853944,136.7039361",,,延喜式内社データベースの現社候補,KOKUGAKUIN_SHIKINAI,181114:1,2
T2S181629_1,多賀神社,,,小,,,田方郡,,,,35.0621833,139.0706861,"https://maps.google.com/?q=35.0621833,139.0706861",,,延喜式内社データベースの現社候補（論社）,KOKUGAKUIN_SHIKINAI,181629:1,2
T2S182046_1,多賀神社（仙台市）,,,小,,,名取郡,,,,38.2180694,140.8594972,"https://maps.google.com/?q=38.2180694,140.8594972",,,延喜式内社データベースの現社候補（論社）,KOKUGAKUIN_SHIKINAI,182046:1,2
T2S182046_2,多賀神社（名取市）,,,小,,,名取郡,,,,38.1770944,140.9135083,"https://maps.google.com/?q=38.1770944,140.9135083",,,延喜式内社データベースの現社候補（論社）,KOKUGAKUIN_SHIKINAI,182046:2,2
T2S182051_4,多賀神社（多賀城市市川）,,,小,,,宮城郡,,,,38.3088556,140.9880472,"https://maps.google.com/?q=38.3088556,140.9880472",,,延喜式内社データベースの現社候補（論社）,KOKUGAKUIN_SHIKINAI,182051:4,2
T2S182051_1,多賀神社（多賀城市高崎）,,,小,,,宮城郡,,,,38.3002333,140.9980889,"https://maps.google.com/?q=38.3002333,140.9980889",,,延喜式内社データベースの現社候補（論社）,KOKUGAKUIN_SHIKINAI,182051:1,2
T2S180870_1,夜都伎神社,,,小,,,山辺郡,,,,34.5836889,135.8483806,"https://maps.google.com/?q=34.5836889,135.8483806",,,延喜式内社データベースの現社候補（論社）,KOKUGAKUIN_SHIKINAI,180870:1,2
T2S181576_2,大三王子神社,,,小,,,賀茂郡,,,,34.3640389,139.2450889,"https://maps.google.com/?q=34.3640389,139.2450889",,,延喜式内社データベースの現社候補（論社）,KOKUGAKUIN_SHIKINAI,181576:2,2
T2S181435_1,大乃伎神社,,,小,,,山田郡,,,,35.2174222,136.8976389,"https://maps.google.com/?q=35.2174222,136.8976389",,,延喜式内社データベースの現社候補,KOKUGAKUIN_SHIKINAI,181435:1,2
T2S181663_2,大井俣神社,,,小,,,山梨郡,,,,35.6960333,138.6905833,"https://maps.google.com/?q=35.6960333,138.6905833",,,延喜式内社データベースの現社候補（論社）,KOKUGAKUIN_SHIKINAI,181663:2,2
T2S180572_1,大井神社,,,小,,,乙訓郡,,,,35.0142389,135.6779861,"https://maps.google.com/?q=35.0142389,135.6779861",,,延喜式内社データベースの現社候補（論社）,KOKUGAKUIN_SHIKINAI,180572:1,2
T2S180721_1,大倉姫神社（御所市古瀬）,,,小,,,葛上郡,,,,34.4224333,135.7511889,"https://maps.google.com/?q=34.4224333,135.7511889",,,延喜式内社データベースの現社候補（論社）,KOKUGAKUIN_SHIKINAI,180721:1,2
T2S180721_2,大倉姫神社（御所市戸毛）,,,小,,,葛上郡,,,,34.4287500,135.7549417,"https://maps.google.com/?q=34.4287500,135.7549417",,,延喜式内社データベースの現社候補（論社）,KOKUGAKUIN_SHIKINAI,180721:2,2
T2S180736_1,大坂山口神社（香芝市穴虫）,,,大,,,葛下郡,,,,34.5453056,135.6851500,"https://maps.google.com/?q=34.5453056,135.6851500",,,延喜式内社データベースの現社候補（論社）,KOKUGAKUIN_SHIKINAI,180736:1,2
T2S180736_2,大坂山口神社（香芝市逢坂）,,,大,,,葛下郡,,,,34.5478611,135.6917667,"https://maps.google.com/?q=34.5478611,135.6917667",,,延喜式内社データベースの現社候補（論社）,KOKUGAKUIN_SHIKINAI,180736:2,2
T2S182216_2,大塩八幡宮境内摂社天八百萬姫神社,,,小,,,敦賀郡,,,,35.8491361,136.1709639,"https://maps.google.com/?q=35.8491361,136.1709639",,,延喜式内社データベースの現社候補（論社）,KOKUGAKUIN_SHIKINAI,182216:2,2
T2S182210_3,大塩八幡宮境内摂社高岡神社,,,小,,,敦賀郡,,,,35.8489972,136.1711861,"https://maps.google.com/?q=35.8489972,136.1711861",,,延喜式内社データベースの現社候補（論社）,KOKUGAKUIN_SHIKINAI,182210:3,2
T2S182220_2,大塩八幡宮境内末社天國津彦神社,,,小,,,敦賀郡,,,,35.8491917,136.1710861,"https://maps.google.com/?q=35.8491917,136.1710861",,,延喜式内社データベースの現社候補（論社）,KOKUGAKUIN_SHIKINAI,182220:2,2
T2S182221_2,大塩八幡宮境内末社天國津比咩神社,,,小,,,敦賀郡,,,,35.8491917,136.1710861,"https://maps.google.com/?q=35.8491917,136.1710861",,,延喜式内社データベースの現社候補（論社）,KOKUGAKUIN_SHIKINAI,182221:2,2
T2S181784_2,大字普門,,,小,,,滋賀郡,,,,35.1362500,135.9066167,"https://maps.google.com/?q=35.1362500,135.9066167",,,延喜式内社データベースの現社候補（論社）,KOKUGAKUIN_SHIKINAI,181784:2,2
T2S181784_1,大字神田,,,小,,,滋賀郡,,,,35.1310056,135.9135972,"https://maps.google.com/?q=35.1310056,135.9135972",,,延喜式内社データベースの現社候補（論社）,KOKUGAKUIN_SHIKINAI,181784:1,2
T2S180547_1,大宮姫命稲荷大神,,,大,,,神祇官,,,,35.0163639,135.7441361,"https://maps.google.com/?q=35.0163639,135.7441361",,,延喜式内社データベースの現社候補,KOKUGAKUIN_SHIKINAI,180547:1,2
T2S181603_1,大宮神社,,,小,,,賀茂郡,,,,34.7334167,139.3585528,"https://maps.google.com/?q=34.7334167,139.3585528",,,延喜式内社データベースの現社候補（論社）,KOKUGAKUIN_SHIKINAI,181603:1,2
T2S181623_2,大宮神社(白岩大朝神社),,,小,,,田方郡,,,,34.9655111,138.9854083,"https://maps.google.com/?q=34.9655111,138.9854083",,,延喜式内社データベースの現社候補（論社）,KOKUGAKUIN_SHIKINAI,181623:2,2
T2S182575_3,大屋神社,,,小,,,与謝郡,,,,35.5843833,135.1266528,"https://maps.google.com/?q=35.5843833,135.1266528",,,延喜式内社データベースの現社候補（論社）,KOKUGAKUIN_SHIKINAI,182575:3,2
T2S182095_3,大島神社,,,小,,,桃生郡,,,,38.8726500,141.6228944,"https://maps.google.com/?q=38.8726500,141.6228944",,,延喜式内社データベースの現社候補（論社）,KOKUGAKUIN_SHIKINAI,182095:3,2
T2S182118_3,大崎八幡神社,,,小,,,新田郡,,,,38.6140889,141.0121000,"https://maps.google.com/?q=38.6140889,141.0121000",,,延喜式内社データベースの現社候補（論社）,KOKUGAKUIN_SHIKINAI,182118:3,2
T2S181819_1,大嶋奥津島神社,,,名大,,,蒲生郡,,,,35.1707528,136.0815083,"https://maps.google.com/?q=35.1707528,136.0815083",,,延喜式内社データベースの現社候補,KOKUGAKUIN_SHIKINAI,181819:1,2
T2S181898_2,大川神社,,,小,,,高島郡,,,,35.3574972,135.7990694,"https://maps.google.com/?q=35.3574972,135.7990694",,,延喜式内社データベースの現社候補（論社）,KOKUGAKUIN_SHIKINAI,181898:2,2
T2S182543_1,大川神社,,,小,,,何鹿郡,,,,35.3148389,135.2291889,"https://maps.google.com/?q=35.3148389,135.2291889",,,延喜式内社データベースの現社候補（論社）,KOKUGAKUIN_SHIKINAI,182543:1,2
T2S182249_1,大己貴神社（合祀）,,,小,,,足羽郡,,,,36.0164889,136.1738722,"https://maps.google.com/?q=36.0164889,136.1738722",,,延喜式内社データベースの現社候補,KOKUGAKUIN_SHIKINAI,182249:1,2
T2S182376_1,大幡神杉伊豆牟比咩神社,,,小,,,鳳至郡,,,,37.3227111,136.9121806,"https://maps.google.com/?q=37.3227111,136.9121806",,,延喜式内社データベースの現社候補（論社）,KOKUGAKUIN_SHIKINAI,182376:1,2
T2S181683_1,大庭神社,,,小,,,高座郡,,,,35.3605500,139.4585917,"https://maps.google.com/?q=35.3605500,139.4585917",,,延喜式内社データベースの現社候補（論社）,KOKUGAKUIN_SHIKINAI,181683:1,2
T2S183161_1,大斎原・御戸開神社（論社）,,,小,,,牟婁郡,,,,33.8343889,135.7746389,"https://maps.google.com/?q=33.8343889,135.7746389",,,延喜式内社データベースの現社候補（論社）,KOKUGAKUIN_SHIKINAI,183161:1,2
T2S183160_2,大斎原・海神社（論社）,,,小,,,牟婁郡,,,,33.8343889,135.7746389,"https://maps.google.com/?q=33.8343889,135.7746389",,,延喜式内社データベースの現社候補（論社）,KOKUGAKUIN_SHIKINAI,183160:2,2
T2S181623_1,大朝神社,,,小,,,田方郡,,,,35.0738611,138.8647139,"https://maps.google.com/?q=35.0738611,138.8647139",,,延喜式内社データベースの現社候補（論社）,KOKUGAKUIN_SHIKINAI,181623:1,2
T2S182798_2,大森神社,,,小,,,意宇郡,,,,35.3860750,132.9097611,"https://maps.google.com/?q=35.3860750,132.9097611",,,延喜式内社データベースの現社候補,KOKUGAKUIN_SHIKINAI,182798:2,2
T2S180595_1,大森賀茂神社,,,小,,,葛野郡,,,,35.1412472,135.6845222,"https://maps.google.com/?q=35.1412472,135.6845222",,,延喜式内社データベースの現社候補,KOKUGAKUIN_SHIKINAI,180595:1,2
T2S182637_4,大歳神社,,,小,,,養父郡,,,,35.3472889,134.8336139,"https://maps.google.com/?q=35.3472889,134.8336139",,,延喜式内社データベースの現社候補（論社）,KOKUGAKUIN_SHIKINAI,182637:4,2
T2S180574_1,大歳神社（合祀）,,,小,,,乙訓郡,,,,34.9508583,135.6663222,"https://maps.google.com/?q=34.9508583,135.6663222",,,延喜式内社データベースの現社候補,KOKUGAKUIN_SHIKINAI,180574:1,2
T2S183123_3,大歳神社（有力）,,,小,,,熊毛郡,,,,34.0643694,131.9747778,"https://maps.google.com/?q=34.0643694,131.9747778",,,延喜式内社データベースの現社候補（論社）,KOKUGAKUIN_SHIKINAI,183123:3,2
T2S181890_1,大水別神社,,,小,,,伊香郡,,,,35.5610306,136.1903583,"https://maps.google.com/?q=35.5610306,136.1903583",,,延喜式内社データベースの現社候補（論社）,KOKUGAKUIN_SHIKINAI,181890:1,2
T2S181914_1,大水別神社,,,小,,,高島郡,,,,35.3954889,136.0342361,"https://maps.google.com/?q=35.3954889,136.0342361",,,延喜式内社データベースの現社候補（論社）,KOKUGAKUIN_SHIKINAI,181914:1,2
T2S181412_7,大江神社,,,小,,,春部郡,,,,35.2310778,136.8981667,"https://maps.google.com/?q=35.2310778,136.8981667",,,延喜式内社データベースの現社候補（論社）,KOKUGAKUIN_SHIKINAI,181412:7,2
T2S182232_4,大洗磯崎神社,,,小,,,丹生郡,,,,35.9894528,136.1379250,"https://maps.google.com/?q=35.9894528,136.1379250",,,延喜式内社データベースの現社候補（論社）,KOKUGAKUIN_SHIKINAI,182232:4,2
T2S181889_1,大浴神社（余呉町）,,,小,,,伊香郡,,,,35.5611972,136.1901278,"https://maps.google.com/?q=35.5611972,136.1901278",,,延喜式内社データベースの現社候補（論社）,KOKUGAKUIN_SHIKINAI,181889:1,2
T2S181889_3,大浴神社（高月町西柳野）,,,小,,,伊香郡,,,,35.4677972,136.2087333,"https://maps.google.com/?q=35.4677972,136.2087333",,,延喜式内社データベースの現社候補（論社）,KOKUGAKUIN_SHIKINAI,181889:3,2
T2S181889_2,大浴神社（高月町重則）,,,小,,,伊香郡,,,,35.4711833,136.2080667,"https://maps.google.com/?q=35.4711833,136.2080667",,,延喜式内社データベースの現社候補（論社）,KOKUGAKUIN_SHIKINAI,181889:2,2
T2S181821_2,大瀧神社,,,小,,,神崎郡,,,,35.1900778,136.2968528,"https://maps.google.com/?q=35.1900778,136.2968528",,,延喜式内社データベースの現社候補（論社）,KOKUGAKUIN_SHIKINAI,181821:2,2
T2S182239_1,大瀧神社境内岡太神社,,,小,,,今立郡,,,,35.9065667,136.2535278,"https://maps.google.com/?q=35.9065667,136.2535278",,,延喜式内社データベースの現社候補（論社）,KOKUGAKUIN_SHIKINAI,182239:1,2
T2S181509_1,大甕神社,,,小,,,長下郡,,,,34.7327028,137.7928667,"https://maps.google.com/?q=34.7327028,137.7928667",,,延喜式内社データベースの現社候補（論社）,KOKUGAKUIN_SHIKINAI,181509:1,2
T2S182659_2,大生部兵主神社（但東町）,,,小,,,出石郡,,,,35.4316167,135.0424222,"https://maps.google.com/?q=35.4316167,135.0424222",,,延喜式内社データベースの現社候補（論社）,KOKUGAKUIN_SHIKINAI,182659:2,2
T2S182659_1,大生部兵主神社（奥野）,,,小,,,出石郡,,,,35.5411611,134.8802806,"https://maps.google.com/?q=35.5411611,134.8802806",,,延喜式内社データベースの現社候補（論社）,KOKUGAKUIN_SHIKINAI,182659:1,2
T2S181902_1,大田神社,,,小,,,高島郡,,,,35.3380139,136.0552222,"https://maps.google.com/?q=35.3380139,136.0552222",,,延喜式内社データベースの現社候補（論社）,KOKUGAKUIN_SHIKINAI,181902:1,2
T2S180920_1,大社御祖神社,,,小,,,讃良郡,,,,34.7558778,135.6383806,"https://maps.google.com/?q=34.7558778,135.6383806",,,延喜式内社データベースの現社候補,KOKUGAKUIN_SHIKINAI,180920:1,2
T2S182774_2,大神山神社 奥宮,,,小,,,会見郡,,,,35.3887333,133.5385194,"https://maps.google.com/?q=35.3887333,133.5385194",,,延喜式内社データベースの現社候補,KOKUGAKUIN_SHIKINAI,182774:2,2
T2S182774_1,大神山神社 本社,,,小,,,会見郡,,,,35.4180417,133.4059917,"https://maps.google.com/?q=35.4180417,133.4059917",,,延喜式内社データベースの現社候補,KOKUGAKUIN_SHIKINAI,182774:1,2
T2S181358_1,大神社,,,名大,,,中島郡,,,,35.2719361,136.7978917,"https://maps.google.com/?q=35.2719361,136.7978917",,,延喜式内社データベースの現社候補,KOKUGAKUIN_SHIKINAI,181358:1,2
T2S182420_5,大神社,,,小,,,頸城郡,,,,37.2083000,138.4899417,"https://maps.google.com/?q=37.2083000,138.4899417",,,延喜式内社データベースの現社候補（論社）,KOKUGAKUIN_SHIKINAI,182420:5,2
T2S182420_2,大神社（糸魚川市）,,,小,,,頸城郡,,,,37.0825472,138.0225444,"https://maps.google.com/?q=37.0825472,138.0225444",,,延喜式内社データベースの現社候補（論社）,KOKUGAKUIN_SHIKINAI,182420:2,2
T2S182354_2,大穴持美代神社,,,小,,,羽咋郡,,,,37.0307139,136.7930778,"https://maps.google.com/?q=37.0307139,136.7930778",,,延喜式内社データベースの現社候補（論社）,KOKUGAKUIN_SHIKINAI,182354:2,2
T2S181410_2,大縣神社 奥宮,,,名大,,,丹羽郡,,,,35.3336778,136.9796806,"https://maps.google.com/?q=35.3336778,136.9796806",,,延喜式内社データベースの現社候補,KOKUGAKUIN_SHIKINAI,181410:2,2
T2S181845_2,大羽神社,,,小,,,浅井郡,,,,35.4202639,136.2571111,"https://maps.google.com/?q=35.4202639,136.2571111",,,延喜式内社データベースの現社候補（論社）,KOKUGAKUIN_SHIKINAI,181845:2,2
T2S182477_2,大膳神社,,,小,,,雑太郡,,,,37.9735611,138.3677500,"https://maps.google.com/?q=37.9735611,138.3677500",,,延喜式内社データベースの現社候補（論社）,KOKUGAKUIN_SHIKINAI,182477:2,2
T2S181906_2,大荒比古神社,,,小,,,高島郡,,,,35.3555417,136.0141389,"https://maps.google.com/?q=35.3555417,136.0141389",,,延喜式内社データベースの現社候補（論社）,KOKUGAKUIN_SHIKINAI,181906:2,2
T2S181903_1,大荒比古鞆結神社,,,小,,,高島郡,,,,35.4897111,136.0613833,"https://maps.google.com/?q=35.4897111,136.0613833",,,延喜式内社データベースの現社候補（論社）,KOKUGAKUIN_SHIKINAI,181903:1,2
T2S180757_2,大蔵神社,,,小,,,吉野郡,,,,34.3728250,135.9338500,"https://maps.google.com/?q=34.3728250,135.9338500",,,延喜式内社データベースの現社候補（論社）,KOKUGAKUIN_SHIKINAI,180757:2,2
T2S182235_3,大虫神社相殿（合祀）,,,小,,,丹生郡,,,,35.9010500,136.1265306,"https://maps.google.com/?q=35.9010500,136.1265306",,,延喜式内社データベースの現社候補（論社）,KOKUGAKUIN_SHIKINAI,182235:3,2
T2S182226_1,大虫神社（合祀）,,,小,,,丹生郡,,,,35.9010778,136.1265306,"https://maps.google.com/?q=35.9010778,136.1265306",,,延喜式内社データベースの現社候補（論社）,KOKUGAKUIN_SHIKINAI,182226:1,2
T2S181890_3,大表神社,,,小,,,伊香郡,,,,35.4693111,136.2116667,"https://maps.google.com/?q=35.4693111,136.2116667",,,延喜式内社データベースの現社候補（論社）,KOKUGAKUIN_SHIKINAI,181890:3,2
T2S181852_1,大見神社,,,小,,,伊香郡,,,,35.5321861,136.2394361,"https://maps.google.com/?q=35.5321861,136.2394361",,,延喜式内社データベースの現社候補（論社）,KOKUGAKUIN_SHIKINAI,181852:1,2
T2S181915_3,大野神社,,,小,,,高島郡,,,,35.3233361,135.8979500,"https://maps.google.com/?q=35.3233361,135.8979500",,,延喜式内社データベースの現社候補（論社）,KOKUGAKUIN_SHIKINAI,181915:3,2
T2S182420_3,大野神社,,,小,,,頸城郡,,,,36.9988083,137.8724028,"https://maps.google.com/?q=36.9988083,137.8724028",,,延喜式内社データベースの現社候補（論社）,KOKUGAKUIN_SHIKINAI,182420:3,2
T2S182596_1,大野神社（丹後町）,,,小,,,竹野郡,,,,35.7561083,135.1814667,"https://maps.google.com/?q=35.7561083,135.1814667",,,延喜式内社データベースの現社候補（論社）,KOKUGAKUIN_SHIKINAI,182596:1,2
T2S182596_2,大野神社（大宮町）,,,小,,,竹野郡,,,,35.5821556,135.0908972,"https://maps.google.com/?q=35.5821556,135.0908972",,,延喜式内社データベースの現社候補（論社）,KOKUGAKUIN_SHIKINAI,182596:2,2
T2S181915_4,大鍬神社,,,小,,,高島郡,,,,35.4660944,136.0700167,"https://maps.google.com/?q=35.4660944,136.0700167",,,延喜式内社データベースの現社候補（論社）,KOKUGAKUIN_SHIKINAI,181915:4,2
T2S180969_2,大鳥北浜神社,,,名大,,,大鳥郡,,,,34.5423611,135.4518222,"https://maps.google.com/?q=34.5423611,135.4518222",,,延喜式内社データベースの現社候補,KOKUGAKUIN_SHIKINAI,180969:2,2
T2S181529_2,大鳥居八幡宮,,,小,,,周知郡,,,,34.8594194,137.9405972,"https://maps.google.com/?q=34.8594194,137.9405972",,,延喜式内社データベースの現社候補（論社）,KOKUGAKUIN_SHIKINAI,181529:2,2
T2S180985_1,大鳥羽衣浜神社,,,小,,,大鳥郡,,,,34.5310167,135.4375667,"https://maps.google.com/?q=34.5310167,135.4375667",,,延喜式内社データベースの現社候補,KOKUGAKUIN_SHIKINAI,180985:1,2
T2S183199_1,大麻比古神社,,,小,,,名方郡,,,,34.0587111,134.5523444,"https://maps.google.com/?q=34.0587111,134.5523444",,,延喜式内社データベースの現社候補,KOKUGAKUIN_SHIKINAI,183199:1,2
T2S181256_2,天一鍬田神社古社地,,,小,,,鈴鹿郡,,,,34.9108583,136.4616306,"https://maps.google.com/?q=34.9108583,136.4616306",,,延喜式内社データベースの現社候補,KOKUGAKUIN_SHIKINAI,181256:2,2
T2S180830_1,天太玉命神社,,,名大,,,高市郡,,,,34.5073750,135.7732306,"https://maps.google.com/?q=34.5073750,135.7732306",,,延喜式内社データベースの現社候補,KOKUGAKUIN_SHIKINAI,180830:1,2
T2S181891_1,天川命神社,,,小,,,伊香郡,,,,35.4868528,136.2433500,"https://maps.google.com/?q=35.4868528,136.2433500",,,延喜式内社データベースの現社候補（論社）,KOKUGAKUIN_SHIKINAI,181891:1,2
T2S181524_1,天御子神社(淡海國玉神社 飛び地境内社),,,小,,,磐田郡,,,,34.7188194,137.8552111,"https://maps.google.com/?q=34.7188194,137.8552111",,,延喜式内社データベースの現社候補,KOKUGAKUIN_SHIKINAI,181524:1,2
T2S183347_2,天手長比売神社跡,,,名大,,,石田郡,,,,33.7616083,129.7021000,"https://maps.google.com/?q=33.7616083,129.7021000",,,延喜式内社データベースの現社候補,KOKUGAKUIN_SHIKINAI,183347:2,2
T2S183347_1,天手長男神社,,,名大,,,石田郡,,,,33.7639389,129.7023861,"https://maps.google.com/?q=33.7639389,129.7023861",,,延喜式内社データベースの現社候補,KOKUGAKUIN_SHIKINAI,183347:1,2
T2S182361_1,天日陰比咩神社（中能登町二宮子）,,,小,,,能登郡,,,,36.9719778,136.9302833,"https://maps.google.com/?q=36.9719778,136.9302833",,,延喜式内社データベースの現社候補（論社）,KOKUGAKUIN_SHIKINAI,182361:1,2
T2S182361_2,天日陰比咩神社（中能登町西馬場）,,,小,,,能登郡,,,,36.9759250,136.8721083,"https://maps.google.com/?q=36.9759250,136.8721083",,,延喜式内社データベースの現社候補（論社）,KOKUGAKUIN_SHIKINAI,182361:2,2
T2S183075_2,天津神社,,,小,,,御野郡,,,,34.6911056,133.9154750,"https://maps.google.com/?q=34.6911056,133.9154750",,,延喜式内社データベースの現社候補（論社）,KOKUGAKUIN_SHIKINAI,183075:2,2
T2S182419_1,天津神社境内奴奈川神社,,,小,,,頸城郡,,,,37.0401917,137.8641972,"https://maps.google.com/?q=37.0401917,137.8641972",,,延喜式内社データベースの現社候補（論社）,KOKUGAKUIN_SHIKINAI,182419:1,2
T2S181964_2,天満神社,,,小,,,荒城郡,,,,36.1963667,137.2568139,"https://maps.google.com/?q=36.1963667,137.2568139",,,延喜式内社データベースの現社候補（論社）,KOKUGAKUIN_SHIKINAI,181964:2,2
T2S182558_2,天満神社,,,小,,,加佐郡,,,,35.5686444,135.4295056,"https://maps.google.com/?q=35.5686444,135.4295056",,,延喜式内社データベースの現社候補（論社）,KOKUGAKUIN_SHIKINAI,182558:2,2
T2S181512_1,天王宮 大歳神社,,,小,,,長上郡,,,,34.7372611,137.7710750,"https://maps.google.com/?q=34.7372611,137.7710750",,,延喜式内社データベースの現社候補（論社）,KOKUGAKUIN_SHIKINAI,181512:1,2
T2S183362_1,天神多久頭魂神社,,,小,,,上県郡,,,,34.6381389,129.3332611,"https://maps.google.com/?q=34.6381389,129.3332611",,,延喜式内社データベースの現社候補,KOKUGAKUIN_SHIKINAI,183362:1,2
T2S181382_2,天神社,,,小,,,葉栗郡,,,,35.3440278,136.7741361,"https://maps.google.com/?q=35.3440278,136.7741361",,,延喜式内社データベースの現社候補（論社）,KOKUGAKUIN_SHIKINAI,181382:2,2
T2S181412_3,天神社,,,小,,,春部郡,,,,35.2927444,136.8915333,"https://maps.google.com/?q=35.2927444,136.8915333",,,延喜式内社データベースの現社候補（論社）,KOKUGAKUIN_SHIKINAI,181412:3,2
T2S181414_2,天神社,,,小,,,春部郡,,,,35.2725500,136.9348611,"https://maps.google.com/?q=35.2725500,136.9348611",,,延喜式内社データベースの現社候補（論社）,KOKUGAKUIN_SHIKINAI,181414:2,2
T2S183105_2,天神社,,,小,,,深津郡,,,,34.5173028,133.3894806,"https://maps.google.com/?q=34.5173028,133.3894806",,,延喜式内社データベースの現社候補（論社）,KOKUGAKUIN_SHIKINAI,183105:2,2
T2S181723_1,天神社(上里町五明),,,小,,,賀美郡,,,,36.2539667,139.1166528,"https://maps.google.com/?q=36.2539667,139.1166528",,,延喜式内社データベースの現社候補（論社）,KOKUGAKUIN_SHIKINAI,181723:1,2
T2S180938_1,天神社（御厨神社）,,,小,,,若江郡,,,,34.6720028,135.5853111,"https://maps.google.com/?q=34.6720028,135.5853111",,,延喜式内社データベースの現社候補（論社）,KOKUGAKUIN_SHIKINAI,180938:1,2
T2S183075_3,天野八幡宮,,,小,,,御野郡,,,,34.6349889,133.9243972,"https://maps.google.com/?q=34.6349889,133.9243972",,,延喜式内社データベースの現社候補（論社）,KOKUGAKUIN_SHIKINAI,183075:3,2
T2S181902_2,太田神社,,,小,,,高島郡,,,,35.3332778,136.0321750,"https://maps.google.com/?q=35.3332778,136.0321750",,,延喜式内社データベースの現社候補（論社）,KOKUGAKUIN_SHIKINAI,181902:2,2
T2S181952_3,太部古天神神社,,,小,,,賀茂郡,,,,35.4894028,137.0674083,"https://maps.google.com/?q=35.4894028,137.0674083",,,延喜式内社データベースの現社候補（論社）,KOKUGAKUIN_SHIKINAI,181952:3,2
T2S181777_1,夷針神社,,,小,,,茨城郡,,,,36.3204750,140.4198083,"https://maps.google.com/?q=36.3204750,140.4198083",,,延喜式内社データベースの現社候補（論社）,KOKUGAKUIN_SHIKINAI,181777:1,2
T2S182591_1,奈具神社,,,小,,,竹野郡,,,,35.6709306,135.1030028,"https://maps.google.com/?q=35.6709306,135.1030028",,,延喜式内社データベースの現社候補（論社）,KOKUGAKUIN_SHIKINAI,182591:1,2
T2S182379_2,奈古司神社,,,小,,,鳳至郡,,,,37.2148306,136.9598167,"https://maps.google.com/?q=37.2148306,136.9598167",,,延喜式内社データベースの現社候補（論社）,KOKUGAKUIN_SHIKINAI,182379:2,2
T2S181630_1,奈胡谷神社,,,小,,,田方郡,,,,35.0716889,138.9654861,"https://maps.google.com/?q=35.0716889,138.9654861",,,延喜式内社データベースの現社候補（論社）,KOKUGAKUIN_SHIKINAI,181630:1,2
T2S181126_1,奈良波良神社,,,小,,,度会郡,,,,34.4718333,136.6248778,"https://maps.google.com/?q=34.4718333,136.6248778",,,延喜式内社データベースの現社候補,KOKUGAKUIN_SHIKINAI,181126:1,2
T2S181786_2,奥宮,,,名大,,,滋賀郡,,,,35.0746806,135.8569861,"https://maps.google.com/?q=35.0746806,135.8569861",,,延喜式内社データベースの現社候補,KOKUGAKUIN_SHIKINAI,181786:2,2
T2S181819_2,奥津島神社,,,名大,,,蒲生郡,,,,35.2004778,136.0544472,"https://maps.google.com/?q=35.2004778,136.0544472",,,延喜式内社データベースの現社候補,KOKUGAKUIN_SHIKINAI,181819:2,2
T2S182381_1,奥津比咩神社（海士町）,,,小,,,鳳至郡,,,,37.8459861,136.9136722,"https://maps.google.com/?q=37.8459861,136.9136722",,,延喜式内社データベースの現社候補,KOKUGAKUIN_SHIKINAI,182381:1,2
T2S182381_2,奥津比咩神社（鳳至町）,,,小,,,鳳至郡,,,,37.4010028,136.8969778,"https://maps.google.com/?q=37.4010028,136.8969778",,,延喜式内社データベースの現社候補,KOKUGAKUIN_SHIKINAI,182381:2,2
T2S182530_2,奴々伎神社,,,小,,,氷上郡,,,,35.1424417,135.0360611,"https://maps.google.com/?q=35.1424417,135.0360611",,,延喜式内社データベースの現社候補（論社）,KOKUGAKUIN_SHIKINAI,182530:2,2
T2S182419_3,奴奈川神社,,,小,,,頸城郡,,,,37.0554639,137.9030361,"https://maps.google.com/?q=37.0554639,137.9030361",,,延喜式内社データベースの現社候補（論社）,KOKUGAKUIN_SHIKINAI,182419:3,2
T2S182408_2,姉倉比賣神社,,,小,,,婦負郡,,,,36.7180917,137.1667167,"https://maps.google.com/?q=36.7180917,137.1667167",,,延喜式内社データベースの現社候補（論社）,KOKUGAKUIN_SHIKINAI,182408:2,2
T2S182405_2,姉倉比賣神社（富山市呉羽町）,,,小,,,婦負郡,,,,36.7180028,137.1668361,"https://maps.google.com/?q=36.7180028,137.1668361",,,延喜式内社データベースの現社候補（論社）,KOKUGAKUIN_SHIKINAI,182405:2,2
T2S182405_1,姉倉比賣神社（富山市舟倉）,,,小,,,婦負郡,,,,36.5642333,137.2316028,"https://maps.google.com/?q=36.5642333,137.2316028",,,延喜式内社データベースの現社候補（論社）,KOKUGAKUIN_SHIKINAI,182405:1,2
T2S181599_1,姫宮神社(姫宮大明神),,,小,,,賀茂郡,,,,34.6567028,138.8189722,"https://maps.google.com/?q=34.6567028,138.8189722",,,延喜式内社データベースの現社候補（論社）,KOKUGAKUIN_SHIKINAI,181599:1,2
T2S181516_3,子倉神社,,,小,,,長上郡,,,,34.7767722,137.8695444,"https://maps.google.com/?q=34.7767722,137.8695444",,,延喜式内社データベースの現社候補（論社）,KOKUGAKUIN_SHIKINAI,181516:3,2
T2S181412_5,子安神明社,,,小,,,春部郡,,,,35.2589611,137.0271694,"https://maps.google.com/?q=35.2589611,137.0271694",,,延喜式内社データベースの現社候補（論社）,KOKUGAKUIN_SHIKINAI,181412:5,2
T2S181516_1,子安神社,,,小,,,長上郡,,,,34.7433556,137.8048722,"https://maps.google.com/?q=34.7433556,137.8048722",,,延喜式内社データベースの現社候補（論社）,KOKUGAKUIN_SHIKINAI,181516:1,2
T2S181587_1,子安神社(奈疑知命神社),,,小,,,賀茂郡,,,,34.7208639,138.9879583,"https://maps.google.com/?q=34.7208639,138.9879583",,,延喜式内社データベースの現社候補,KOKUGAKUIN_SHIKINAI,181587:1,2
T2S181777_5,子安神社(東野寺),,,小,,,茨城郡,,,,36.1686361,140.2649917,"https://maps.google.com/?q=36.1686361,140.2649917",,,延喜式内社データベースの現社候補（論社）,KOKUGAKUIN_SHIKINAI,181777:5,2
T2S182118_1,子松神社（宮城県）,,,小,,,新田郡,,,,38.6028778,140.9151111,"https://maps.google.com/?q=38.6028778,140.9151111",,,延喜式内社データベースの現社候補（論社）,KOKUGAKUIN_SHIKINAI,182118:1,2
T2S182118_2,子松神社（福島県）,,,小,,,新田郡,,,,37.4373556,140.6427778,"https://maps.google.com/?q=37.4373556,140.6427778",,,延喜式内社データベースの現社候補（論社）,KOKUGAKUIN_SHIKINAI,182118:2,2
T2S182011_4,子檀嶺神社,,,小,,,小県郡,,,,36.2790472,138.2330528,"https://maps.google.com/?q=36.2790472,138.2330528",,,延喜式内社データベースの現社候補（論社）,KOKUGAKUIN_SHIKINAI,182011:4,2
T2S182011_2,子檀嶺神社中社,,,小,,,小県郡,,,,36.3860972,138.1099500,"https://maps.google.com/?q=36.3860972,138.1099500",,,延喜式内社データベースの現社候補,KOKUGAKUIN_SHIKINAI,182011:2,2
T2S182011_3,子檀嶺神社奥社,,,小,,,小県郡,,,,36.3921778,138.1160194,"https://maps.google.com/?q=36.3921778,138.1160194",,,延喜式内社データベースの現社候補,KOKUGAKUIN_SHIKINAI,182011:3,2
T2S182011_1,子檀嶺神社里社,,,小,,,小県郡,,,,36.3724667,138.1099889,"https://maps.google.com/?q=36.3724667,138.1099889",,,延喜式内社データベースの現社候補,KOKUGAKUIN_SHIKINAI,182011:1,2
T2S183205_1,宅宮神社,,,小,,,名方郡,,,,34.0375500,134.5069222,"https://maps.google.com/?q=34.0375500,134.5069222",,,延喜式内社データベースの現社候補,KOKUGAKUIN_SHIKINAI,183205:1,2
T2S181922_1,宇伎多神社,,,小,,,高島郡,,,,35.3170250,135.9995361,"https://maps.google.com/?q=35.3170250,135.9995361",,,延喜式内社データベースの現社候補（論社）,KOKUGAKUIN_SHIKINAI,181922:1,2
T2S181385_2,宇夫須奈神社,,,小,,,葉栗郡,,,,35.3535389,136.7640917,"https://maps.google.com/?q=35.3535389,136.7640917",,,延喜式内社データベースの現社候補（論社）,KOKUGAKUIN_SHIKINAI,181385:2,2
T2S181385_1,宇夫須那神社,,,小,,,葉栗郡,,,,35.3370806,136.8113278,"https://maps.google.com/?q=35.3370806,136.8113278",,,延喜式内社データベースの現社候補（論社）,KOKUGAKUIN_SHIKINAI,181385:1,2
T2S182435_1,宇奈具志神社,,,小,,,古志郡,,,,37.5818722,138.7691639,"https://maps.google.com/?q=37.5818722,138.7691639",,,延喜式内社データベースの現社候補（論社）,KOKUGAKUIN_SHIKINAI,182435:1,2
T2S182436_2,宇奈具志神社,,,小,,,古志郡,,,,37.5565250,138.7322500,"https://maps.google.com/?q=37.5565250,138.7322500",,,延喜式内社データベースの現社候補（論社）,KOKUGAKUIN_SHIKINAI,182436:2,2
T2S180626_2,宇治上神社,,,小,,,宇治郡,,,,34.8920917,135.8114556,"https://maps.google.com/?q=34.8920917,135.8114556",,,延喜式内社データベースの現社候補,KOKUGAKUIN_SHIKINAI,180626:2,2
T2S180626_1,宇治神社（宇治下神社）,,,小,,,宇治郡,,,,34.8910667,135.8107667,"https://maps.google.com/?q=34.8910667,135.8107667",,,延喜式内社データベースの現社候補,KOKUGAKUIN_SHIKINAI,180626:1,2
T2S181667_1,宇波刀神社,,,小,,,巨麻郡,,,,35.7663667,138.4337722,"https://maps.google.com/?q=35.7663667,138.4337722",,,延喜式内社データベースの現社候補（論社）,KOKUGAKUIN_SHIKINAI,181667:1,2
T2S181931_2,宇波刀神社（安八町）,,,小,,,安八郡,,,,35.3436194,136.6848722,"https://maps.google.com/?q=35.3436194,136.6848722",,,延喜式内社データベースの現社候補（論社）,KOKUGAKUIN_SHIKINAI,181931:2,2
T2S181931_1,宇波刀神社（神戸町）,,,小,,,安八郡,,,,35.4217750,136.6119167,"https://maps.google.com/?q=35.4217750,136.6119167",,,延喜式内社データベースの現社候補（論社）,KOKUGAKUIN_SHIKINAI,181931:1,2
T2S180940_1,宇波神社,,,小,,,若江郡,,,,34.6947750,135.6215917,"https://maps.google.com/?q=34.6947750,135.6215917",,,延喜式内社データベースの現社候補,KOKUGAKUIN_SHIKINAI,180940:1,2
T2S182571_1,宇良神社,,,小,,,与謝郡,,,,35.7290083,135.2578306,"https://maps.google.com/?q=35.7290083,135.2578306",,,延喜式内社データベースの現社候補（論社）,KOKUGAKUIN_SHIKINAI,182571:1,2
T2S181619_1,守山八幡神社,,,小,,,田方郡,,,,35.0460417,138.9385750,"https://maps.google.com/?q=35.0460417,138.9385750",,,延喜式内社データベースの現社候補（論社）,KOKUGAKUIN_SHIKINAI,181619:1,2
T2S181992_2,守田廼神社,,,小,,,水内郡,,,,36.6489333,138.2077833,"https://maps.google.com/?q=36.6489333,138.2077833",,,延喜式内社データベースの現社候補（論社）,KOKUGAKUIN_SHIKINAI,181992:2,2
T2S181992_1,守田神社（長野市七二会）,,,小,,,水内郡,,,,36.6232111,138.0821167,"https://maps.google.com/?q=36.6232111,138.0821167",,,延喜式内社データベースの現社候補（論社）,KOKUGAKUIN_SHIKINAI,181992:1,2
T2S181992_3,守田神社（長野市大字穂保）,,,小,,,水内郡,,,,36.6863806,138.2748917,"https://maps.google.com/?q=36.6863806,138.2748917",,,延喜式内社データベースの現社候補（論社）,KOKUGAKUIN_SHIKINAI,181992:3,2
T2S181970_3,安布知神社,,,小,,,伊那郡,,,,35.4475472,137.7453972,"https://maps.google.com/?q=35.4475472,137.7453972",,,延喜式内社データベースの現社候補（論社）,KOKUGAKUIN_SHIKINAI,181970:3,2
T2S182660_1,安牟加神社,,,小,,,出石郡,,,,35.5116528,135.0068194,"https://maps.google.com/?q=35.5116528,135.0068194",,,延喜式内社データベースの現社候補（論社）,KOKUGAKUIN_SHIKINAI,182660:1,2
T2S183217_1,室姫神社,,,小,,,那賀郡,,,,33.8507583,134.5921528,"https://maps.google.com/?q=33.8507583,134.5921528",,,延喜式内社データベースの現社候補,KOKUGAKUIN_SHIKINAI,183217:1,2
T2S182432_2,宮家神社（中潟町）,,,小,,,古志郡,,,,37.3516611,138.8344861,"https://maps.google.com/?q=37.3516611,138.8344861",,,延喜式内社データベースの現社候補（論社）,KOKUGAKUIN_SHIKINAI,182432:2,2
T2S182432_3,宮家神社（六日市町）,,,小,,,古志郡,,,,37.3545028,138.8354917,"https://maps.google.com/?q=37.3545028,138.8354917",,,延喜式内社データベースの現社候補（論社）,KOKUGAKUIN_SHIKINAI,182432:3,2
T2S182432_1,宮家神社（妙見町）,,,小,,,古志郡,,,,37.3475250,138.8303861,"https://maps.google.com/?q=37.3475250,138.8303861",,,延喜式内社データベースの現社候補（論社）,KOKUGAKUIN_SHIKINAI,182432:1,2
T2S182560_4,宮崎神社,,,小,,,加佐郡,,,,35.4607389,135.3111111,"https://maps.google.com/?q=35.4607389,135.3111111",,,延喜式内社データベースの現社候補（論社）,KOKUGAKUIN_SHIKINAI,182560:4,2
T2S182373_2,宿那彦神像石神社（七尾市）,,,小,,,能登郡,,,,36.9796389,137.0505667,"https://maps.google.com/?q=36.9796389,137.0505667",,,延喜式内社データベースの現社候補（論社）,KOKUGAKUIN_SHIKINAI,182373:2,2
T2S182373_1,宿那彦神像石神社（鹿島郡）,,,小,,,能登郡,,,,36.9474639,136.8374528,"https://maps.google.com/?q=36.9474639,136.8374528",,,延喜式内社データベースの現社候補（論社）,KOKUGAKUIN_SHIKINAI,182373:1,2
T2S181581_1,富賀神社,,,小,,,賀茂郡,,,,34.0557083,139.4847694,"https://maps.google.com/?q=34.0557083,139.4847694",,,延喜式内社データベースの現社候補（論社）,KOKUGAKUIN_SHIKINAI,181581:1,2
T2S181744_1,寒川神社,,,小,,,千葉郡,,,,35.5973500,140.1202222,"https://maps.google.com/?q=35.5973500,140.1202222",,,延喜式内社データベースの現社候補（論社）,KOKUGAKUIN_SHIKINAI,181744:1,2
T2S181224_1,射山神社,,,小,,,壱志郡,,,,34.7080000,136.3703444,"https://maps.google.com/?q=34.7080000,136.3703444",,,延喜式内社データベースの現社候補,KOKUGAKUIN_SHIKINAI,181224:1,2
T2S181095_1,射手神社の境内社,,,小,,,伊賀郡,,,,34.7674861,136.1018000,"https://maps.google.com/?q=34.7674861,136.1018000",,,延喜式内社データベースの現社候補,KOKUGAKUIN_SHIKINAI,181095:1,2
T2S182435_2,小丹生神社,,,小,,,古志郡,,,,37.5170333,138.9203833,"https://maps.google.com/?q=37.5170333,138.9203833",,,延喜式内社データベースの現社候補（論社）,KOKUGAKUIN_SHIKINAI,182435:2,2
T2S181999_2,小内八幡神社,,,小,,,高井郡,,,,36.7390611,138.3325778,"https://maps.google.com/?q=36.7390611,138.3325778",,,延喜式内社データベースの現社候補（論社）,KOKUGAKUIN_SHIKINAI,181999:2,2
T2S181999_1,小内神社,,,小,,,高井郡,,,,36.6234278,138.2686583,"https://maps.google.com/?q=36.6234278,138.2686583",,,延喜式内社データベースの現社候補（論社）,KOKUGAKUIN_SHIKINAI,181999:1,2
T2S181615_2,小坂神社,,,小,,,田方郡,,,,35.0199389,138.9316417,"https://maps.google.com/?q=35.0199389,138.9316417",,,延喜式内社データベースの現社候補（論社）,KOKUGAKUIN_SHIKINAI,181615:2,2
T2S182663_1,小坂神社（出石町三木）,,,小,,,出石郡,,,,35.4825778,134.8341972,"https://maps.google.com/?q=35.4825778,134.8341972",,,延喜式内社データベースの現社候補（論社）,KOKUGAKUIN_SHIKINAI,182663:1,2
T2S182663_2,小坂神社（出石町森井）,,,小,,,出石郡,,,,35.4779472,134.8515722,"https://maps.google.com/?q=35.4779472,134.8515722",,,延喜式内社データベースの現社候補（論社）,KOKUGAKUIN_SHIKINAI,182663:2,2
T2S181991_3,小川八幡宮,,,小,,,水内郡,,,,36.6157917,137.9834583,"https://maps.google.com/?q=36.6157917,137.9834583",,,延喜式内社データベースの現社候補（論社）,KOKUGAKUIN_SHIKINAI,181991:3,2
T2S181991_1,小川神社（小川村大字小根山）,,,小,,,水内郡,,,,36.6126694,137.9490611,"https://maps.google.com/?q=36.6126694,137.9490611",,,延喜式内社データベースの現社候補（論社）,KOKUGAKUIN_SHIKINAI,181991:1,2
T2S181991_2,小川神社（長野県上水内郡小川村大字瀬戸川）,,,小,,,水内郡,,,,36.6461417,137.9270083,"https://maps.google.com/?q=36.6461417,137.9270083",,,延喜式内社データベースの現社候補（論社）,KOKUGAKUIN_SHIKINAI,181991:2,2
T2S182452_1,小布勢神社,,,小,,,蒲原郡,,,,37.6295222,139.0158083,"https://maps.google.com/?q=37.6295222,139.0158083",,,延喜式内社データベースの現社候補（論社）,KOKUGAKUIN_SHIKINAI,182452:1,2
T2S181821_4,小幡神社,,,小,,,神崎郡,,,,35.1619722,136.1940639,"https://maps.google.com/?q=35.1619722,136.1940639",,,延喜式内社データベースの現社候補（論社）,KOKUGAKUIN_SHIKINAI,181821:4,2
T2S181837_1,小江神社（尾上）,,,小,,,浅井郡,,,,35.4503111,136.1908861,"https://maps.google.com/?q=35.4503111,136.1908861",,,延喜式内社データベースの現社候補（論社）,KOKUGAKUIN_SHIKINAI,181837:1,2
T2S181837_2,小江神社（東尾上）,,,小,,,浅井郡,,,,35.4503167,136.1921611,"https://maps.google.com/?q=35.4503167,136.1921611",,,延喜式内社データベースの現社候補（論社）,KOKUGAKUIN_SHIKINAI,181837:2,2
T2S181837_3,小江神社（海老江）,,,小,,,浅井郡,,,,35.4297389,136.2089917,"https://maps.google.com/?q=35.4297389,136.2089917",,,延喜式内社データベースの現社候補（論社）,KOKUGAKUIN_SHIKINAI,181837:3,2
T2S181916_1,小海神社,,,小,,,高島郡,,,,35.4081139,136.0405611,"https://maps.google.com/?q=35.4081139,136.0405611",,,延喜式内社データベースの現社候補（論社）,KOKUGAKUIN_SHIKINAI,181916:1,2
T2S182139_2,小物忌神社（酒田市飛島）,,,小,,,飽海郡,,,,39.1957417,139.5538528,"https://maps.google.com/?q=39.1957417,139.5538528",,,延喜式内社データベースの現社候補（論社）,KOKUGAKUIN_SHIKINAI,182139:2,2
T2S181785_1,小野天皇神社,,,名大,,,滋賀郡,,,,35.1559528,135.9161944,"https://maps.google.com/?q=35.1559528,135.9161944",,,延喜式内社データベースの現社候補（論社）,KOKUGAKUIN_SHIKINAI,181785:1,2
T2S181899_1,小野神社（マキノ町）,,,小,,,高島郡,,,,35.4660472,136.0698722,"https://maps.google.com/?q=35.4660472,136.0698722",,,延喜式内社データベースの現社候補（論社）,KOKUGAKUIN_SHIKINAI,181899:1,2
T2S181785_2,小野神社（小野篁神社）,,,名大,,,滋賀郡,,,,35.1534083,135.9201389,"https://maps.google.com/?q=35.1534083,135.9201389",,,延喜式内社データベースの現社候補（論社）,KOKUGAKUIN_SHIKINAI,181785:2,2
T2S181899_2,小野神社（朽木大野）,,,小,,,高島郡,,,,35.3233694,135.8979472,"https://maps.google.com/?q=35.3233694,135.8979472",,,延喜式内社データベースの現社候補（論社）,KOKUGAKUIN_SHIKINAI,181899:2,2
T2S181785_3,小野道風神社,,,名大,,,滋賀郡,,,,35.1499583,135.9213472,"https://maps.google.com/?q=35.1499583,135.9213472",,,延喜式内社データベースの現社候補（論社）,KOKUGAKUIN_SHIKINAI,181785:3,2
T2S182335_1,少彦名神社,,,小,,,加賀郡,,,,36.5327361,136.7000778,"https://maps.google.com/?q=36.5327361,136.7000778",,,延喜式内社データベースの現社候補（論社）,KOKUGAKUIN_SHIKINAI,182335:1,2
T2S182125_2,尾崎神社,,,小,,,気仙郡,,,,39.0257222,141.7369389,"https://maps.google.com/?q=39.0257222,141.7369389",,,延喜式内社データベースの現社候補（論社）,KOKUGAKUIN_SHIKINAI,182125:2,2
T2S182163_2,山ノ神の杜,,,小,,,大飯郡,,,,35.4785333,135.6763250,"https://maps.google.com/?q=35.4785333,135.6763250",,,延喜式内社データベースの現社候補（論社）,KOKUGAKUIN_SHIKINAI,182163:2,2
T2S181532_1,山名神社,,,小,,,山名郡,,,,34.8043889,137.9183722,"https://maps.google.com/?q=34.8043889,137.9183722",,,延喜式内社データベースの現社候補（論社）,KOKUGAKUIN_SHIKINAI,181532:1,2
T2S181532_2,山名神社,,,小,,,山名郡,,,,34.7871583,137.9070861,"https://maps.google.com/?q=34.7871583,137.9070861",,,延喜式内社データベースの現社候補（論社）,KOKUGAKUIN_SHIKINAI,181532:2,2
T2S182009_2,山家神社奥宮,,,小,,,小県郡,,,,36.5416556,138.4126028,"https://maps.google.com/?q=36.5416556,138.4126028",,,延喜式内社データベースの現社候補,KOKUGAKUIN_SHIKINAI,182009:2,2
T2S182009_1,山家神社本宮,,,小,,,小県郡,,,,36.4503917,138.3311556,"https://maps.google.com/?q=36.4503917,138.3311556",,,延喜式内社データベースの現社候補,KOKUGAKUIN_SHIKINAI,182009:1,2
T2S180909_1,山畑神社,,,小,,,高安郡,,,,34.6271833,135.6469000,"https://maps.google.com/?q=34.6271833,135.6469000",,,延喜式内社データベースの現社候補（論社）,KOKUGAKUIN_SHIKINAI,180909:1,2
T2S182647_1,山神神社,,,小,,,養父郡,,,,35.3863694,134.7177861,"https://maps.google.com/?q=35.3863694,134.7177861",,,延喜式内社データベースの現社候補,KOKUGAKUIN_SHIKINAI,182647:1,2
T2S180868_1,山辺御県神社〈別所町〉,,,大・月・新,,,山辺郡,,,,34.6092833,135.8395361,"https://maps.google.com/?q=34.6092833,135.8395361",,,延喜式内社データベースの現社候補（論社）,KOKUGAKUIN_SHIKINAI,180868:1,2
T2S180868_2,山辺御県神社〈西井戸堂町〉,,,大・月・新,,,山辺郡,,,,34.5869000,135.8171028,"https://maps.google.com/?q=34.5869000,135.8171028",,,延喜式内社データベースの現社候補（論社）,KOKUGAKUIN_SHIKINAI,180868:2,2
T2S181394_1,山那神社,,,小,,,丹羽郡,,,,35.3728278,136.9119750,"https://maps.google.com/?q=35.3728278,136.9119750",,,延喜式内社データベースの現社候補（論社）,KOKUGAKUIN_SHIKINAI,181394:1,2
T2S181394_2,山那神社,,,小,,,丹羽郡,,,,35.3673861,136.9063972,"https://maps.google.com/?q=35.3673861,136.9063972",,,延喜式内社データベースの現社候補（論社）,KOKUGAKUIN_SHIKINAI,181394:2,2
T2S182226_2,岡太神社,,,小,,,丹生郡,,,,35.8977778,136.1483472,"https://maps.google.com/?q=35.8977778,136.1483472",,,延喜式内社データベースの現社候補（論社）,KOKUGAKUIN_SHIKINAI,182226:2,2
T2S181840_1,岡本神社,,,小,,,浅井郡,,,,35.4608667,136.2526556,"https://maps.google.com/?q=35.4608667,136.2526556",,,延喜式内社データベースの現社候補（論社）,KOKUGAKUIN_SHIKINAI,181840:1,2
T2S181832_2,岡神社,,,小,,,坂田郡,,,,35.3861389,136.3672556,"https://maps.google.com/?q=35.3861389,136.3672556",,,延喜式内社データベースの現社候補（論社）,KOKUGAKUIN_SHIKINAI,181832:2,2
T2S181840_4,岡高神社,,,小,,,浅井郡,,,,35.4365278,136.3323278,"https://maps.google.com/?q=35.4365278,136.3323278",,,延喜式内社データベースの現社候補（論社）,KOKUGAKUIN_SHIKINAI,181840:4,2
T2S182093_7,岩倉神社,,,小,,,桃生郡,,,,38.8486444,141.5539194,"https://maps.google.com/?q=38.8486444,141.5539194",,,延喜式内社データベースの現社候補（論社）,KOKUGAKUIN_SHIKINAI,182093:7,2
T2S181517_1,岩田神社,,,小,,,磐田郡,,,,34.7601861,137.8376222,"https://maps.google.com/?q=34.7601861,137.8376222",,,延喜式内社データベースの現社候補（論社）,KOKUGAKUIN_SHIKINAI,181517:1,2
T2S183123_4,岩隈八幡宮,,,小,,,熊毛郡,,,,34.0719139,132.0883667,"https://maps.google.com/?q=34.0719139,132.0883667",,,延喜式内社データベースの現社候補（論社）,KOKUGAKUIN_SHIKINAI,183123:4,2
T2S181582_2,峯指神社旧社地,,,小,,,賀茂郡,,,,34.1114861,139.5372028,"https://maps.google.com/?q=34.1114861,139.5372028",,,延喜式内社データベースの現社候補（論社）,KOKUGAKUIN_SHIKINAI,181582:2,2
T2S181586_2,嶽比良神社,,,小,,,賀茂郡,,,,34.1105500,139.5047389,"https://maps.google.com/?q=34.1105500,139.5047389",,,延喜式内社データベースの現社候補（論社）,KOKUGAKUIN_SHIKINAI,181586:2,2
T2S182389_5,巖谷門神社,,,小,,,礪波郡,,,,36.6953139,136.8502750,"https://maps.google.com/?q=36.6953139,136.8502750",,,延喜式内社データベースの現社候補（論社）,KOKUGAKUIN_SHIKINAI,182389:5,2
T2S180757_1,川上鹿塩神社,,,小,,,吉野郡,,,,34.3672889,135.9218944,"https://maps.google.com/?q=34.3672889,135.9218944",,,延喜式内社データベースの現社候補（論社）,KOKUGAKUIN_SHIKINAI,180757:1,2
T2S180614_1,川合神社,,,名大,,,愛宕郡,,,,35.0347917,135.7719778,"https://maps.google.com/?q=35.0347917,135.7719778",,,延喜式内社データベースの現社候補,KOKUGAKUIN_SHIKINAI,180614:1,2
T2S182447_1,川合神社,,,小,,,魚沼郡,,,,37.2729833,138.8571917,"https://maps.google.com/?q=37.2729833,138.8571917",,,延喜式内社データベースの現社候補（論社）,KOKUGAKUIN_SHIKINAI,182447:1,2
T2S182464_2,川合神社,,,小,,,沼垂郡,,,,38.0215389,139.4942972,"https://maps.google.com/?q=38.0215389,139.4942972",,,延喜式内社データベースの現社候補（論社）,KOKUGAKUIN_SHIKINAI,182464:2,2
T2S181386_1,川島神社,,,小,,,葉栗郡,,,,35.3570472,136.8467889,"https://maps.google.com/?q=35.3570472,136.8467889",,,延喜式内社データベースの現社候補（論社）,KOKUGAKUIN_SHIKINAI,181386:1,2
T2S181821_5,川桁神社,,,小,,,神崎郡,,,,35.2245917,136.1729000,"https://maps.google.com/?q=35.2245917,136.1729000",,,延喜式内社データベースの現社候補（論社）,KOKUGAKUIN_SHIKINAI,181821:5,2
T2S181594_1,川津来宮神社,,,小,,,賀茂郡,,,,34.7542750,138.9891444,"https://maps.google.com/?q=34.7542750,138.9891444",,,延喜式内社データベースの現社候補,KOKUGAKUIN_SHIKINAI,181594:1,2
T2S181799_1,川田神社（北内貴村）,,,名大,,,甲賀郡,,,,34.9605333,136.1556972,"https://maps.google.com/?q=34.9605333,136.1556972",,,延喜式内社データベースの現社候補（論社）,KOKUGAKUIN_SHIKINAI,181799:1,2
T2S181799_3,川田神社（正福寺村）,,,名大,,,甲賀郡,,,,35.0221556,136.0745333,"https://maps.google.com/?q=35.0221556,136.0745333",,,延喜式内社データベースの現社候補（論社）,KOKUGAKUIN_SHIKINAI,181799:3,2
T2S181799_2,川田神社（頓宮村）,,,名大,,,甲賀郡,,,,34.9406000,136.2589778,"https://maps.google.com/?q=34.9406000,136.2589778",,,延喜式内社データベースの現社候補（論社）,KOKUGAKUIN_SHIKINAI,181799:2,2
T2S181844_2,川道神社,,,小,,,浅井郡,,,,35.3973111,136.2355417,"https://maps.google.com/?q=35.3973111,136.2355417",,,延喜式内社データベースの現社候補（論社）,KOKUGAKUIN_SHIKINAI,181844:2,2
T2S181613_1,左内神社(三嶋大社元摂社),,,小,,,田方郡,,,,35.0944389,138.9322083,"https://maps.google.com/?q=35.0944389,138.9322083",,,延喜式内社データベースの現社候補（論社）,KOKUGAKUIN_SHIKINAI,181613:1,2
T2S180780_1,巻向坐若御魂神社（穴師坐兵主神社と同地）,,,大,,,城上郡,,,,34.5450500,135.8580306,"https://maps.google.com/?q=34.5450500,135.8580306",,,延喜式内社データベースの現社候補（論社）,KOKUGAKUIN_SHIKINAI,180780:1,2
T2S182269_1,布久漏神社,,,小,,,坂井郡,,,,36.1282444,136.2520833,"https://maps.google.com/?q=36.1282444,136.2520833",,,延喜式内社データベースの現社候補,KOKUGAKUIN_SHIKINAI,182269:1,2
T2S181977_3,布制神社（長野市篠ノ井山布施）,,,小,,,更級郡,,,,36.5978639,138.0844917,"https://maps.google.com/?q=36.5978639,138.0844917",,,延喜式内社データベースの現社候補（論社）,KOKUGAKUIN_SHIKINAI,181977:3,2
T2S181977_2,布制神社（長野市篠ノ井布施五明）,,,小,,,更級郡,,,,36.5794444,138.1332917,"https://maps.google.com/?q=36.5794444,138.1332917",,,延喜式内社データベースの現社候補（論社）,KOKUGAKUIN_SHIKINAI,181977:2,2
T2S181977_1,布制神社（長野市篠ノ井石川）,,,小,,,更級郡,,,,36.5682667,138.1098139,"https://maps.google.com/?q=36.5682667,138.1098139",,,延喜式内社データベースの現社候補（論社）,KOKUGAKUIN_SHIKINAI,181977:1,2
T2S182417_1,布勢神社,,,小,,,新川郡,,,,36.8325000,137.4738417,"https://maps.google.com/?q=36.8325000,137.4738417",,,延喜式内社データベースの現社候補（論社）,KOKUGAKUIN_SHIKINAI,182417:1,2
T2S182609_2,布杜神社,,,小,,,熊野郡,,,,35.5971250,134.9596056,"https://maps.google.com/?q=35.5971250,134.9596056",,,延喜式内社データベースの現社候補（論社）,KOKUGAKUIN_SHIKINAI,182609:2,2
T2S181262_1,布氣皇舘太神社,,,小,,,鈴鹿郡,,,,34.8572889,136.4282222,"https://maps.google.com/?q=34.8572889,136.4282222",,,延喜式内社データベースの現社候補,KOKUGAKUIN_SHIKINAI,181262:1,2
T2S182790_1,布自奈大穴持神社境内地,,,小,,,意宇郡,,,,35.4285389,133.0336250,"https://maps.google.com/?q=35.4285389,133.0336250",,,延喜式内社データベースの現社候補,KOKUGAKUIN_SHIKINAI,182790:1,2
T2S182236_1,帆山神社,,,小,,,今立郡,,,,35.8956250,136.1799361,"https://maps.google.com/?q=35.8956250,136.1799361",,,延喜式内社データベースの現社候補,KOKUGAKUIN_SHIKINAI,182236:1,2
T2S182221_1,常宮神社境内末社天國津姫神社,,,小,,,敦賀郡,,,,35.6902417,136.0295222,"https://maps.google.com/?q=35.6902417,136.0295222",,,延喜式内社データベースの現社候補（論社）,KOKUGAKUIN_SHIKINAI,182221:1,2
T2S182220_1,常宮神社境内末社天國津彦神社,,,小,,,敦賀郡,,,,35.6902417,136.0295222,"https://maps.google.com/?q=35.6902417,136.0295222",,,延喜式内社データベースの現社候補（論社）,KOKUGAKUIN_SHIKINAI,182220:1,2
T2S181842_3,平野神社,,,小,,,浅井郡,,,,35.4377417,136.2819889,"https://maps.google.com/?q=35.4377417,136.2819889",,,延喜式内社データベースの現社候補（論社）,KOKUGAKUIN_SHIKINAI,181842:3,2
T2S182623_2,平野神社,,,小,,,朝来郡,,,,35.2485583,134.7531000,"https://maps.google.com/?q=35.2485583,134.7531000",,,延喜式内社データベースの現社候補（論社）,KOKUGAKUIN_SHIKINAI,182623:2,2
T2S181467_1,広沢神社(広沢天神),,,小,,,賀茂郡,,,,35.1734667,137.1649000,"https://maps.google.com/?q=35.1734667,137.1649000",,,延喜式内社データベースの現社候補,KOKUGAKUIN_SHIKINAI,181467:1,2
T2S181256_1,庄内神社,,,小,,,鈴鹿郡,,,,34.9227417,136.4614861,"https://maps.google.com/?q=34.9227417,136.4614861",,,延喜式内社データベースの現社候補,KOKUGAKUIN_SHIKINAI,181256:1,2
T2S182421_3,府中八幡宮,,,小,,,頸城郡,,,,37.1725278,138.2372639,"https://maps.google.com/?q=37.1725278,138.2372639",,,延喜式内社データベースの現社候補（論社）,KOKUGAKUIN_SHIKINAI,182421:3,2
T2S181144_1,度会大国玉比売神社,,,小,,,度会郡,,,,34.4851056,136.7081611,"https://maps.google.com/?q=34.4851056,136.7081611",,,延喜式内社データベースの現社候補,KOKUGAKUIN_SHIKINAI,181144:1,2
T2S183084_3,廣幡八幡宮,,,小,,,児島郡,,,,34.5967361,134.0176861,"https://maps.google.com/?q=34.5967361,134.0176861",,,延喜式内社データベースの現社候補（論社）,KOKUGAKUIN_SHIKINAI,183084:3,2
T2S182374_3,廣田神社,,,小,,,鳳至郡,,,,37.3814361,136.8851083,"https://maps.google.com/?q=37.3814361,136.8851083",,,延喜式内社データベースの現社候補（論社）,KOKUGAKUIN_SHIKINAI,182374:3,2
T2S183311_2,建男霜凝日子神社下宮,,,小,,,直入郡,,,,32.8725194,131.3522139,"https://maps.google.com/?q=32.8725194,131.3522139",,,延喜式内社データベースの現社候補,KOKUGAKUIN_SHIKINAI,183311:2,2
T2S183311_1,建男霜凝日子神社里宮,,,小,,,直入郡,,,,32.8729583,131.3564056,"https://maps.google.com/?q=32.8729583,131.3564056",,,延喜式内社データベースの現社候補,KOKUGAKUIN_SHIKINAI,183311:1,2
T2S181621_1,式内社 廣瀬神社,,,小,,,田方郡,,,,35.0107528,138.9462222,"https://maps.google.com/?q=35.0107528,138.9462222",,,延喜式内社データベースの現社候補（論社）,KOKUGAKUIN_SHIKINAI,181621:1,2
T2S180935_2,弓削神社（八尾市弓削）,,,大,,,若江郡,,,,34.5997722,135.6150528,"https://maps.google.com/?q=34.5997722,135.6150528",,,延喜式内社データベースの現社候補（論社）,KOKUGAKUIN_SHIKINAI,180935:2,2
T2S180935_1,弓削神社（八尾市東弓削）,,,大,,,若江郡,,,,34.6018667,135.6170306,"https://maps.google.com/?q=34.6018667,135.6170306",,,延喜式内社データベースの現社候補（論社）,KOKUGAKUIN_SHIKINAI,180935:1,2
T2S182308_1,弓波神社,,,小,,,江沼郡,,,,36.3251528,136.3628750,"https://maps.google.com/?q=36.3251528,136.3628750",,,延喜式内社データベースの現社候補,KOKUGAKUIN_SHIKINAI,182308:1,2
T2S181631_1,引手力男神社,,,小,,,田方郡,,,,34.9199194,139.0897250,"https://maps.google.com/?q=34.9199194,139.0897250",,,延喜式内社データベースの現社候補（論社）,KOKUGAKUIN_SHIKINAI,181631:1,2
T2S182553_1,彌加宜神社,,,小,,,加佐郡,,,,35.4634639,135.3940028,"https://maps.google.com/?q=35.4634639,135.3940028",,,延喜式内社データベースの現社候補,KOKUGAKUIN_SHIKINAI,182553:1,2
T2S180959_1,当宗神社（誉田八幡宮境内社）,,,大,,,志紀郡,,,,34.5590667,135.6112556,"https://maps.google.com/?q=34.5590667,135.6112556",,,延喜式内社データベースの現社候補,KOKUGAKUIN_SHIKINAI,180959:1,2
T2S181832_4,彦根神社,,,小,,,坂田郡,,,,35.2611278,136.2530917,"https://maps.google.com/?q=35.2611278,136.2530917",,,延喜式内社データベースの現社候補（論社）,KOKUGAKUIN_SHIKINAI,181832:4,2
T2S180630_1,彼方神社,,,小,,,宇治郡,,,,34.8943111,135.8077111,"https://maps.google.com/?q=34.8943111,135.8077111",,,延喜式内社データベースの現社候補,KOKUGAKUIN_SHIKINAI,180630:1,2
T2S180680_1,御前原石立神社,,,小,,,添上郡,,,,34.6568861,135.8409750,"https://maps.google.com/?q=34.6568861,135.8409750",,,延喜式内社データベースの現社候補,KOKUGAKUIN_SHIKINAI,180680:1,2
T2S182094_2,御崎神社,,,名大,,,桃生郡,,,,38.8612667,141.6714750,"https://maps.google.com/?q=38.8612667,141.6714750",,,延喜式内社データベースの現社候補（論社）,KOKUGAKUIN_SHIKINAI,182094:2,2
T2S182437_1,御嶋石部神社（柏崎市北条）,,,小,,,三島郡,,,,37.3405000,138.6385750,"https://maps.google.com/?q=37.3405000,138.6385750",,,延喜式内社データベースの現社候補（論社）,KOKUGAKUIN_SHIKINAI,182437:1,2
T2S182437_2,御嶋石部神社（柏崎市西山町）,,,小,,,三島郡,,,,37.5175472,138.6603611,"https://maps.google.com/?q=37.5175472,138.6603611",,,延喜式内社データベースの現社候補（論社）,KOKUGAKUIN_SHIKINAI,182437:2,2
T2S182106_2,御嶽神社,,,小,,,栗原郡,,,,38.8034056,140.9541972,"https://maps.google.com/?q=38.8034056,140.9541972",,,延喜式内社データベースの現社候補（論社）,KOKUGAKUIN_SHIKINAI,182106:2,2
T2S180571_2,御旅所（旧社地）,,,小,,,乙訓郡,,,,34.9072083,135.7110694,"https://maps.google.com/?q=34.9072083,135.7110694",,,延喜式内社データベースの現社候補,KOKUGAKUIN_SHIKINAI,180571:2,2
T2S180906_2,御祖神社旧地,,,小,,,高安郡,,,,34.6302639,135.6436667,"https://maps.google.com/?q=34.6302639,135.6436667",,,延喜式内社データベースの現社候補,KOKUGAKUIN_SHIKINAI,180906:2,2
T2S181588_1,御笏神社,,,小,,,賀茂郡,,,,34.1199028,139.5222861,"https://maps.google.com/?q=34.1199028,139.5222861",,,延喜式内社データベースの現社候補（論社）,KOKUGAKUIN_SHIKINAI,181588:1,2
T2S181602_3,御笏神社(境内社),,,小,,,賀茂郡,,,,34.1199028,139.5222861,"https://maps.google.com/?q=34.1199028,139.5222861",,,延喜式内社データベースの現社候補（論社）,KOKUGAKUIN_SHIKINAI,181602:3,2
T2S181155_1,御船神社,,,小,,,度会郡,,,,34.4953528,136.5890639,"https://maps.google.com/?q=34.4953528,136.5890639",,,延喜式内社データベースの現社候補,KOKUGAKUIN_SHIKINAI,181155:1,2
T2S182108_3,御賀八幡神社,,,小,,,栗原郡,,,,38.8050472,141.1055417,"https://maps.google.com/?q=38.8050472,141.1055417",,,延喜式内社データベースの現社候補（論社）,KOKUGAKUIN_SHIKINAI,182108:3,2
T2S182372_2,御門主比古神社（七尾市）,,,小,,,能登郡,,,,37.1041139,137.0497194,"https://maps.google.com/?q=37.1041139,137.0497194",,,延喜式内社データベースの現社候補（論社）,KOKUGAKUIN_SHIKINAI,182372:2,2
T2S182372_1,御門主比古神社（羽咋市）,,,小,,,能登郡,,,,36.9357889,136.8579806,"https://maps.google.com/?q=36.9357889,136.8579806",,,延喜式内社データベースの現社候補（論社）,KOKUGAKUIN_SHIKINAI,182372:1,2
T2S182372_3,御門主比古神社（鳳珠郡）,,,小,,,能登郡,,,,37.2041972,136.9089167,"https://maps.google.com/?q=37.2041972,136.9089167",,,延喜式内社データベースの現社候補（論社）,KOKUGAKUIN_SHIKINAI,182372:3,2
T2S182477_1,御食神社,,,小,,,雑太郡,,,,37.9787472,138.3851028,"https://maps.google.com/?q=37.9787472,138.3851028",,,延喜式内社データベースの現社候補（論社）,KOKUGAKUIN_SHIKINAI,182477:1,2
T2S183317_4,志々伎神社中宮跡,,,小,,,松浦郡,,,,33.1783083,129.3691000,"https://maps.google.com/?q=33.1783083,129.3691000",,,延喜式内社データベースの現社候補,KOKUGAKUIN_SHIKINAI,183317:4,2
T2S183317_1,志々伎神社沖都宮,,,小,,,松浦郡,,,,33.1922111,129.3568472,"https://maps.google.com/?q=33.1922111,129.3568472",,,延喜式内社データベースの現社候補,KOKUGAKUIN_SHIKINAI,183317:1,2
T2S183317_2,志々伎神社邊都宮,,,小,,,松浦郡,,,,33.1915417,129.3600417,"https://maps.google.com/?q=33.1915417,129.3600417",,,延喜式内社データベースの現社候補,KOKUGAKUIN_SHIKINAI,183317:2,2
T2S182599_2,志布比神社（丹後町）,,,小,,,竹野郡,,,,35.7242000,135.0987556,"https://maps.google.com/?q=35.7242000,135.0987556",,,延喜式内社データベースの現社候補（論社）,KOKUGAKUIN_SHIKINAI,182599:2,2
T2S182599_1,志布比神社（網野町）,,,小,,,竹野郡,,,,35.6716139,134.9646694,"https://maps.google.com/?q=35.6716139,134.9646694",,,延喜式内社データベースの現社候補（論社）,KOKUGAKUIN_SHIKINAI,182599:1,2
T2S181316_2,志氐神社に合祀,,,小,,,朝明郡,,,,34.9909278,136.6329333,"https://maps.google.com/?q=34.9909278,136.6329333",,,延喜式内社データベースの現社候補,KOKUGAKUIN_SHIKINAI,181316:2,2
T2S182105_1,志波姫神社（大崎市）,,,名大,,,栗原郡,,,,38.5986861,140.9477944,"https://maps.google.com/?q=38.5986861,140.9477944",,,延喜式内社データベースの現社候補（論社）,KOKUGAKUIN_SHIKINAI,182105:1,2
T2S182105_3,志波姫神社（栗原市志波姫）,,,名大,,,栗原郡,,,,38.7432417,141.0538778,"https://maps.google.com/?q=38.7432417,141.0538778",,,延喜式内社データベースの現社候補（論社）,KOKUGAKUIN_SHIKINAI,182105:3,2
T2S182105_2,志波姫神社（栗原市高清水五輪）,,,名大,,,栗原郡,,,,38.6624167,141.0056611,"https://maps.google.com/?q=38.6624167,141.0056611",,,延喜式内社データベースの現社候補（論社）,KOKUGAKUIN_SHIKINAI,182105:2,2
T2S181960_1,恵那神社前宮,,,小,,,恵奈郡,,,,35.4433500,137.5337333,"https://maps.google.com/?q=35.4433500,137.5337333",,,延喜式内社データベースの現社候補,KOKUGAKUIN_SHIKINAI,181960:1,2
T2S181960_2,恵那神社奥宮,,,小,,,恵奈郡,,,,35.4434167,137.5970722,"https://maps.google.com/?q=35.4434167,137.5970722",,,延喜式内社データベースの現社候補,KOKUGAKUIN_SHIKINAI,181960:2,2
T2S181877_1,意富布良神社,,,小,,,伊香郡,,,,35.5086778,136.2261639,"https://maps.google.com/?q=35.5086778,136.2261639",,,延喜式内社データベースの現社候補,KOKUGAKUIN_SHIKINAI,181877:1,2
T2S181877_2,意富布良神社,,,小,,,伊香郡,,,,35.4710194,136.2520222,"https://maps.google.com/?q=35.4710194,136.2520222",,,延喜式内社データベースの現社候補,KOKUGAKUIN_SHIKINAI,181877:2,2
T2S182605_1,意布伎神社,,,小,,,熊野郡,,,,35.6328833,134.9483139,"https://maps.google.com/?q=35.6328833,134.9483139",,,延喜式内社データベースの現社候補（論社）,KOKUGAKUIN_SHIKINAI,182605:1,2
T2S181857_2,意波閇神社（余呉町）,,,小,,,伊香郡,,,,35.5223750,136.2159667,"https://maps.google.com/?q=35.5223750,136.2159667",,,延喜式内社データベースの現社候補（論社）,KOKUGAKUIN_SHIKINAI,181857:2,2
T2S181857_1,意波閇神社（高月町）,,,小,,,伊香郡,,,,35.4578000,136.2144056,"https://maps.google.com/?q=35.4578000,136.2144056",,,延喜式内社データベースの現社候補（論社）,KOKUGAKUIN_SHIKINAI,181857:1,2
T2S181777_2,愛宕神社(笠間市),,,小,,,茨城郡,,,,36.2918528,140.2545528,"https://maps.google.com/?q=36.2918528,140.2545528",,,延喜式内社データベースの現社候補（論社）,KOKUGAKUIN_SHIKINAI,181777:2,2
T2S181940_2,手力雄神社,,,小,,,厚見郡,,,,35.3960111,136.8053528,"https://maps.google.com/?q=35.3960111,136.8053528",,,延喜式内社データベースの現社候補（論社）,KOKUGAKUIN_SHIKINAI,181940:2,2
T2S182349_1,手速比咩神社上社,,,小,,,羽咋郡,,,,36.7821417,136.8128056,"https://maps.google.com/?q=36.7821417,136.8128056",,,延喜式内社データベースの現社候補,KOKUGAKUIN_SHIKINAI,182349:1,2
T2S182349_2,手速比咩神社下社,,,小,,,羽咋郡,,,,36.7878694,136.7791889,"https://maps.google.com/?q=36.7878694,136.7791889",,,延喜式内社データベースの現社候補,KOKUGAKUIN_SHIKINAI,182349:2,2
T2S182103_1,押雄神社,,,小,,,行方郡,,,,37.6602389,140.9567333,"https://maps.google.com/?q=37.6602389,140.9567333",,,延喜式内社データベースの現社候補,KOKUGAKUIN_SHIKINAI,182103:1,2
T2S181766_1,拝殿,,,名大、小,,,筑波郡,,,,36.2137639,140.1014417,"https://maps.google.com/?q=36.2137639,140.1014417",,,延喜式内社データベースの現社候補,KOKUGAKUIN_SHIKINAI,181766:1,2
T2S181628_2,摂社 雷電社,,,小,,,田方郡,,,,35.1151750,139.0827333,"https://maps.google.com/?q=35.1151750,139.0827333",,,延喜式内社データベースの現社候補（論社）,KOKUGAKUIN_SHIKINAI,181628:2,2
T2S182956_2,支布佐神社,,,小,,,大原郡,,,,35.4071861,133.3133528,"https://maps.google.com/?q=35.4071861,133.3133528",,,延喜式内社データベースの現社候補,KOKUGAKUIN_SHIKINAI,182956:2,2
T2S182246_2,敷山神社（越前市）,,,小,,,今立郡,,,,35.9339472,136.2799139,"https://maps.google.com/?q=35.9339472,136.2799139",,,延喜式内社データベースの現社候補（論社）,KOKUGAKUIN_SHIKINAI,182246:2,2
T2S182246_1,敷山神社（鯖江市）,,,小,,,今立郡,,,,35.9533250,136.2690167,"https://maps.google.com/?q=35.9533250,136.2690167",,,延喜式内社データベースの現社候補（論社）,KOKUGAKUIN_SHIKINAI,182246:1,2
T2S183195_1,敷島神社,,,小,,,麻殖郡,,,,34.0579278,134.3387167,"https://maps.google.com/?q=34.0579278,134.3387167",,,延喜式内社データベースの現社候補,KOKUGAKUIN_SHIKINAI,183195:1,2
T2S182071_1,敷玉早御玉神社,,,小,,,志太郡,,,,38.5539250,140.9759361,"https://maps.google.com/?q=38.5539250,140.9759361",,,延喜式内社データベースの現社候補,KOKUGAKUIN_SHIKINAI,182071:1,2
T2S182228_1,斗布神社,,,小,,,丹生郡,,,,35.8669111,136.1495528,"https://maps.google.com/?q=35.8669111,136.1495528",,,延喜式内社データベースの現社候補（論社）,KOKUGAKUIN_SHIKINAI,182228:1,2
T2S182104_3,新山神社,,,小,,,栗原郡,,,,38.7827583,141.0051306,"https://maps.google.com/?q=38.7827583,141.0051306",,,延喜式内社データベースの現社候補（論社）,KOKUGAKUIN_SHIKINAI,182104:3,2
T2S181807_2,新川神社（守山市）,,,小,,,野洲郡,,,,35.0551167,136.0061306,"https://maps.google.com/?q=35.0551167,136.0061306",,,延喜式内社データベースの現社候補（論社）,KOKUGAKUIN_SHIKINAI,181807:2,2
T2S181807_1,新川神社（野洲市）,,,小,,,野洲郡,,,,35.0601222,136.0154639,"https://maps.google.com/?q=35.0601222,136.0154639",,,延喜式内社データベースの現社候補（論社）,KOKUGAKUIN_SHIKINAI,181807:1,2
T2S182224_2,新羅神社,,,小,,,敦賀郡,,,,35.7706389,136.1976083,"https://maps.google.com/?q=35.7706389,136.1976083",,,延喜式内社データベースの現社候補（論社）,KOKUGAKUIN_SHIKINAI,182224:2,2
T2S181938_2,方県津神社,,,小,,,方県郡,,,,35.4611472,136.7727389,"https://maps.google.com/?q=35.4611472,136.7727389",,,延喜式内社データベースの現社候補（論社）,KOKUGAKUIN_SHIKINAI,181938:2,2
T2S181504_1,於呂神社,,,小,,,麁玉郡,,,,34.8410750,137.8013333,"https://maps.google.com/?q=34.8410750,137.8013333",,,延喜式内社データベースの現社候補（論社）,KOKUGAKUIN_SHIKINAI,181504:1,2
T2S181504_2,於呂神社,,,小,,,麁玉郡,,,,34.8043278,137.7920083,"https://maps.google.com/?q=34.8043278,137.7920083",,,延喜式内社データベースの現社候補（論社）,KOKUGAKUIN_SHIKINAI,181504:2,2
T2S182654_2,日出神社（但東町南尾）,,,小,,,出石郡,,,,35.4664833,134.9447472,"https://maps.google.com/?q=35.4664833,134.9447472",,,延喜式内社データベースの現社候補（論社）,KOKUGAKUIN_SHIKINAI,182654:2,2
T2S182654_1,日出神社（但東町畑山）,,,小,,,出石郡,,,,35.4881500,134.9933417,"https://maps.google.com/?q=35.4881500,134.9933417",,,延喜式内社データベースの現社候補（論社）,KOKUGAKUIN_SHIKINAI,182654:1,2
T2S181350_2,日吉社・貴船社,,,小,,,中島郡,,,,35.2132000,136.7546583,"https://maps.google.com/?q=35.2132000,136.7546583",,,延喜式内社データベースの現社候補（論社）,KOKUGAKUIN_SHIKINAI,181350:2,2
T2S181845_1,日吉神社,,,小,,,浅井郡,,,,35.3985972,136.2237444,"https://maps.google.com/?q=35.3985972,136.2237444",,,延喜式内社データベースの現社候補（論社）,KOKUGAKUIN_SHIKINAI,181845:1,2
T2S181894_2,日吉神社,,,小,,,高島郡,,,,35.3310417,136.0244917,"https://maps.google.com/?q=35.3310417,136.0244917",,,延喜式内社データベースの現社候補（論社）,KOKUGAKUIN_SHIKINAI,181894:2,2
T2S181915_1,日吉神社,,,小,,,高島郡,,,,35.4399306,136.0331583,"https://maps.google.com/?q=35.4399306,136.0331583",,,延喜式内社データベースの現社候補（論社）,KOKUGAKUIN_SHIKINAI,181915:1,2
T2S182337_2,日吉神社,,,小,,,加賀郡,,,,36.5948139,136.6734139,"https://maps.google.com/?q=36.5948139,136.6734139",,,延喜式内社データベースの現社候補（論社）,KOKUGAKUIN_SHIKINAI,182337:2,2
T2S182363_2,日吉神社,,,小,,,能登郡,,,,37.1021611,136.8332528,"https://maps.google.com/?q=37.1021611,136.8332528",,,延喜式内社データベースの現社候補（論社）,KOKUGAKUIN_SHIKINAI,182363:2,2
T2S182445_2,日吉神社,,,小,,,魚沼郡,,,,37.0796194,138.9252417,"https://maps.google.com/?q=37.0796194,138.9252417",,,延喜式内社データベースの現社候補（論社）,KOKUGAKUIN_SHIKINAI,182445:2,2
T2S182424_1,日吉神社とも,,,小,,,頸城郡,,,,37.0731861,138.3189056,"https://maps.google.com/?q=37.0731861,138.3189056",,,延喜式内社データベースの現社候補,KOKUGAKUIN_SHIKINAI,182424:1,2
T2S182408_4,日宮神社,,,小,,,婦負郡,,,,36.6658222,137.2017750,"https://maps.google.com/?q=36.6658222,137.2017750",,,延喜式内社データベースの現社候補（論社）,KOKUGAKUIN_SHIKINAI,182408:4,2
T2S182558_3,日尾池姫神社,,,小,,,加佐郡,,,,35.4442417,135.4314611,"https://maps.google.com/?q=35.4442417,135.4314611",,,延喜式内社データベースの現社候補（論社）,KOKUGAKUIN_SHIKINAI,182558:3,2
T2S181916_3,日枝神社,,,小,,,高島郡,,,,35.4433056,136.0342306,"https://maps.google.com/?q=35.4433056,136.0342306",,,延喜式内社データベースの現社候補（論社）,KOKUGAKUIN_SHIKINAI,181916:3,2
T2S181915_2,日枝神社大水別神社,,,小,,,高島郡,,,,35.3954917,136.0342389,"https://maps.google.com/?q=35.3954917,136.0342389",,,延喜式内社データベースの現社候補（論社）,KOKUGAKUIN_SHIKINAI,181915:2,2
T2S181900_1,日枝神社（合祀）,,,小,,,高島郡,,,,35.4669222,136.0431917,"https://maps.google.com/?q=35.4669222,136.0431917",,,延喜式内社データベースの現社候補（論社）,KOKUGAKUIN_SHIKINAI,181900:1,2
T2S181904_1,日置神社,,,小,,,高島郡,,,,35.4325583,136.0098444,"https://maps.google.com/?q=35.4325583,136.0098444",,,延喜式内社データベースの現社候補（論社）,KOKUGAKUIN_SHIKINAI,181904:1,2
T2S181982_1,日置神社（東筑摩郡）,,,小,,,更級郡,,,,36.4143028,137.9336361,"https://maps.google.com/?q=36.4143028,137.9336361",,,延喜式内社データベースの現社候補（論社）,KOKUGAKUIN_SHIKINAI,181982:1,2
T2S182416_2,日置神社（立山町利田）,,,小,,,新川郡,,,,36.6692000,137.2881528,"https://maps.google.com/?q=36.6692000,137.2881528",,,延喜式内社データベースの現社候補（論社）,KOKUGAKUIN_SHIKINAI,182416:2,2
T2S182416_1,日置神社（立山町日中）,,,小,,,新川郡,,,,36.6761556,137.3534194,"https://maps.google.com/?q=36.6761556,137.3534194",,,延喜式内社データベースの現社候補（論社）,KOKUGAKUIN_SHIKINAI,182416:1,2
T2S181982_2,日置神社（長野市）,,,小,,,更級郡,,,,36.5492889,137.9746667,"https://maps.google.com/?q=36.5492889,137.9746667",,,延喜式内社データベースの現社候補（論社）,KOKUGAKUIN_SHIKINAI,181982:2,2
T2S182225_3,日野神社,,,小,,,丹生郡,,,,35.8643222,136.1877111,"https://maps.google.com/?q=35.8643222,136.1877111",,,延喜式内社データベースの現社候補（論社）,KOKUGAKUIN_SHIKINAI,182225:3,2
T2S181473_1,日長神社,,,小,,,碧海郡,,,,34.8823944,137.1162917,"https://maps.google.com/?q=34.8823944,137.1162917",,,延喜式内社データベースの現社候補（論社）,KOKUGAKUIN_SHIKINAI,181473:1,2
T2S181473_2,日長神社,,,小,,,碧海郡,,,,34.9539028,137.1086278,"https://maps.google.com/?q=34.9539028,137.1086278",,,延喜式内社データベースの現社候補（論社）,KOKUGAKUIN_SHIKINAI,181473:2,2
T2S182359_3,日面神社,,,小,,,能登郡,,,,37.0822167,136.8506028,"https://maps.google.com/?q=37.0822167,136.8506028",,,延喜式内社データベースの現社候補（論社）,KOKUGAKUIN_SHIKINAI,182359:3,2
T2S182456_3,旦飯野神社,,,小,,,蒲原郡,,,,37.8205972,139.2584222,"https://maps.google.com/?q=37.8205972,139.2584222",,,延喜式内社データベースの現社候補（論社）,KOKUGAKUIN_SHIKINAI,182456:3,2
T2S182457_2,旦飯野神社（新潟市）,,,小,,,蒲原郡,,,,37.7676278,139.1209278,"https://maps.google.com/?q=37.7676278,139.1209278",,,延喜式内社データベースの現社候補（論社）,KOKUGAKUIN_SHIKINAI,182457:2,2
T2S182457_1,旦飯野神社（阿賀野市）,,,小,,,蒲原郡,,,,37.8205972,139.2584222,"https://maps.google.com/?q=37.8205972,139.2584222",,,延喜式内社データベースの現社候補（論社）,KOKUGAKUIN_SHIKINAI,182457:1,2
T2S180959_2,旧社地,,,大,,,志紀郡,,,,34.5597083,135.6117222,"https://maps.google.com/?q=34.5597083,135.6117222",,,延喜式内社データベースの現社候補,KOKUGAKUIN_SHIKINAI,180959:2,2
T2S180966_2,旧社地,,,小,,,丹比郡,,,,34.5904806,135.5518444,"https://maps.google.com/?q=34.5904806,135.5518444",,,延喜式内社データベースの現社候補,KOKUGAKUIN_SHIKINAI,180966:2,2
T2S181030_2,旧社地,,,小,,,住吉郡,,,,34.6043611,135.4887389,"https://maps.google.com/?q=34.6043611,135.4887389",,,延喜式内社データベースの現社候補,KOKUGAKUIN_SHIKINAI,181030:2,2
T2S181280_1,旧社地,,,小,,,河曲郡,,,,34.9049028,136.5947028,"https://maps.google.com/?q=34.9049028,136.5947028",,,延喜式内社データベースの現社候補,KOKUGAKUIN_SHIKINAI,181280:1,2
T2S181339_1,旧社地,,,小,,,桑名郡,,,,35.0675472,136.6762639,"https://maps.google.com/?q=35.0675472,136.6762639",,,延喜式内社データベースの現社候補,KOKUGAKUIN_SHIKINAI,181339:1,2
T2S181012_2,旧社地（元宮）：浜宮（現男神社摂社）,,,小,,,日根郡,,,,34.3705611,135.2543111,"https://maps.google.com/?q=34.3705611,135.2543111",,,延喜式内社データベースの現社候補,KOKUGAKUIN_SHIKINAI,181012:2,2
T2S180950_2,旧社地（布施戎神社）,,,小,,,渋川郡,,,,34.6624750,135.5613333,"https://maps.google.com/?q=34.6624750,135.5613333",,,延喜式内社データベースの現社候補,KOKUGAKUIN_SHIKINAI,180950:2,2
T2S181833_2,旧社地）青木神社,,,小,,,坂田郡,,,,35.3291528,136.3229111,"https://maps.google.com/?q=35.3291528,136.3229111",,,延喜式内社データベースの現社候補,KOKUGAKUIN_SHIKINAI,181833:2,2
T2S180920_2,旧鎮座地,,,小,,,讃良郡,,,,34.7561639,135.6377500,"https://maps.google.com/?q=34.7561639,135.6377500",,,延喜式内社データベースの現社候補,KOKUGAKUIN_SHIKINAI,180920:2,2
T2S180974_2,旧鎮座地,,,小,,,大鳥郡,,,,34.5217722,135.5263667,"https://maps.google.com/?q=34.5217722,135.5263667",,,延喜式内社データベースの現社候補,KOKUGAKUIN_SHIKINAI,180974:2,2
T2S181316_1,旧長谷神社碑,,,小,,,朝明郡,,,,34.9979694,136.6306417,"https://maps.google.com/?q=34.9979694,136.6306417",,,延喜式内社データベースの現社候補,KOKUGAKUIN_SHIKINAI,181316:1,2
T2S182399_3,早川八幡社,,,小,,,射水郡,,,,36.7476833,136.9872972,"https://maps.google.com/?q=36.7476833,136.9872972",,,延喜式内社データベースの現社候補（論社）,KOKUGAKUIN_SHIKINAI,182399:3,2
T2S182447_2,明口神社,,,小,,,魚沼郡,,,,37.2585750,138.8222611,"https://maps.google.com/?q=37.2585750,138.8222611",,,延喜式内社データベースの現社候補（論社）,KOKUGAKUIN_SHIKINAI,182447:2,2
T2S181193_1,明星神社に合祀された八柱神社,,,小,,,多気郡,,,,34.5258667,136.6366389,"https://maps.google.com/?q=34.5258667,136.6366389",,,延喜式内社データベースの現社候補,KOKUGAKUIN_SHIKINAI,181193:1,2
T2S181443_2,星宮社末社知我麻神社,,,小,,,愛智郡,,,,35.0884250,136.9347139,"https://maps.google.com/?q=35.0884250,136.9347139",,,延喜式内社データベースの現社候補（論社）,KOKUGAKUIN_SHIKINAI,181443:2,2
T2S181439_2,星神社,,,小,,,山田郡,,,,35.2147917,136.8812083,"https://maps.google.com/?q=35.2147917,136.8812083",,,延喜式内社データベースの現社候補（論社）,KOKUGAKUIN_SHIKINAI,181439:2,2
T2S180825_1,春日神社,,,小,,,高市郡,,,,34.4772889,135.7855417,"https://maps.google.com/?q=34.4772889,135.7855417",,,延喜式内社データベースの現社候補,KOKUGAKUIN_SHIKINAI,180825:1,2
T2S181507_1,春日神社,,,小,,,麁玉郡,,,,34.7668194,137.7936778,"https://maps.google.com/?q=34.7668194,137.7936778",,,延喜式内社データベースの現社候補（論社）,KOKUGAKUIN_SHIKINAI,181507:1,2
T2S181540_1,春日神社,,,小,,,城飼郡,,,,34.7186778,138.0815361,"https://maps.google.com/?q=34.7186778,138.0815361",,,延喜式内社データベースの現社候補（論社）,KOKUGAKUIN_SHIKINAI,181540:1,2
T2S181852_2,春日神社,,,小,,,伊香郡,,,,35.4594500,136.2314278,"https://maps.google.com/?q=35.4594500,136.2314278",,,延喜式内社データベースの現社候補（論社）,KOKUGAKUIN_SHIKINAI,181852:2,2
T2S182232_2,春日神社,,,小,,,丹生郡,,,,35.9443250,136.1674417,"https://maps.google.com/?q=35.9443250,136.1674417",,,延喜式内社データベースの現社候補（論社）,KOKUGAKUIN_SHIKINAI,182232:2,2
T2S182245_2,春日神社,,,小,,,今立郡,,,,35.9713833,136.2218972,"https://maps.google.com/?q=35.9713833,136.2218972",,,延喜式内社データベースの現社候補（論社）,KOKUGAKUIN_SHIKINAI,182245:2,2
T2S182265_2,春日神社,,,小,,,大野郡,,,,35.9971222,136.5670528,"https://maps.google.com/?q=35.9971222,136.5670528",,,延喜式内社データベースの現社候補（論社）,KOKUGAKUIN_SHIKINAI,182265:2,2
T2S182292_1,春日神社,,,小,,,坂井郡,,,,36.2497750,136.2624278,"https://maps.google.com/?q=36.2497750,136.2624278",,,延喜式内社データベースの現社候補,KOKUGAKUIN_SHIKINAI,182292:1,2
T2S182295_2,春日神社,,,小,,,坂井郡,,,,36.1379083,136.1232222,"https://maps.google.com/?q=36.1379083,136.1232222",,,延喜式内社データベースの現社候補（論社）,KOKUGAKUIN_SHIKINAI,182295:2,2
T2S182637_3,春日神社,,,小,,,養父郡,,,,35.4160611,134.8115778,"https://maps.google.com/?q=35.4160611,134.8115778",,,延喜式内社データベースの現社候補（論社）,KOKUGAKUIN_SHIKINAI,182637:3,2
T2S182281_2,春日神社（合祀）,,,小,,,坂井郡,,,,36.2068417,136.1433333,"https://maps.google.com/?q=36.2068417,136.1433333",,,延喜式内社データベースの現社候補（論社）,KOKUGAKUIN_SHIKINAI,182281:2,2
T2S181045_2,春日神社（論社）,,,小,,,島下郡,,,,34.8385750,135.5247139,"https://maps.google.com/?q=34.8385750,135.5247139",,,延喜式内社データベースの現社候補（論社）,KOKUGAKUIN_SHIKINAI,181045:2,2
T2S181431_6,景行天皇社,,,小,,,山田郡,,,,35.1773250,137.0391944,"https://maps.google.com/?q=35.1773250,137.0391944",,,延喜式内社データベースの現社候補（論社）,KOKUGAKUIN_SHIKINAI,181431:6,2
T2S182642_1,更杵神社,,,小,,,養父郡,,,,35.3640444,134.8436389,"https://maps.google.com/?q=35.3640444,134.8436389",,,延喜式内社データベースの現社候補（論社）,KOKUGAKUIN_SHIKINAI,182642:1,2
T2S181984_2,更級斗女神社,,,小,,,更級郡,,,,36.5902250,138.1623750,"https://maps.google.com/?q=36.5902250,138.1623750",,,延喜式内社データベースの現社候補（論社）,KOKUGAKUIN_SHIKINAI,181984:2,2
T2S181124_1,月夜見宮,,,小,,,度会郡,,,,34.4928778,136.7059667,"https://maps.google.com/?q=34.4928778,136.7059667",,,延喜式内社データベースの現社候補,KOKUGAKUIN_SHIKINAI,181124:1,2
T2S181112_1,月読宮,,,大,,,度会郡,,,,34.4736250,136.7290361,"https://maps.google.com/?q=34.4736250,136.7290361",,,延喜式内社データベースの現社候補,KOKUGAKUIN_SHIKINAI,181112:1,2
T2S180589_1,月読神社,,,名大,,,葛野郡,,,,34.9965667,135.6860278,"https://maps.google.com/?q=34.9965667,135.6860278",,,延喜式内社データベースの現社候補,KOKUGAKUIN_SHIKINAI,180589:1,2
T2S181112_2,月読荒御魂宮,,,大,,,度会郡,,,,34.4736111,136.7291611,"https://maps.google.com/?q=34.4736111,136.7291611",,,延喜式内社データベースの現社候補,KOKUGAKUIN_SHIKINAI,181112:2,2
T2S181610_1,月間神社,,,小,,,賀茂郡,,,,34.6379306,138.8813361,"https://maps.google.com/?q=34.6379306,138.8813361",,,延喜式内社データベースの現社候補（論社）,KOKUGAKUIN_SHIKINAI,181610:1,2
T2S181515_3,有玉神社,,,小,,,長上郡,,,,34.7699194,137.7459306,"https://maps.google.com/?q=34.7699194,137.7459306",,,延喜式内社データベースの現社候補（論社）,KOKUGAKUIN_SHIKINAI,181515:3,2
T2S181431_2,朝宮神社,,,小,,,山田郡,,,,35.2517139,136.9605222,"https://maps.google.com/?q=35.2517139,136.9605222",,,延喜式内社データベースの現社候補（論社）,KOKUGAKUIN_SHIKINAI,181431:2,2
T2S182089_2,朝日山計仙麻神社,,,小,,,牡鹿郡,,,,38.4892583,141.1809833,"https://maps.google.com/?q=38.4892583,141.1809833",,,延喜式内社データベースの現社候補（論社）,KOKUGAKUIN_SHIKINAI,182089:2,2
T2S180628_2,木幡神社,,,名大,,,宇治郡,,,,34.9268472,135.7988750,"https://maps.google.com/?q=34.9268472,135.7988750",,,延喜式内社データベースの現社候補,KOKUGAKUIN_SHIKINAI,180628:2,2
T2S182568_2,木積神社,,,小,,,与謝郡,,,,35.5553444,135.1348778,"https://maps.google.com/?q=35.5553444,135.1348778",,,延喜式内社データベースの現社候補（論社）,KOKUGAKUIN_SHIKINAI,182568:2,2
T2S182576_1,木積神社（与謝郡）,,,小,,,与謝郡,,,,35.5553389,135.1348472,"https://maps.google.com/?q=35.5553389,135.1348472",,,延喜式内社データベースの現社候補（論社）,KOKUGAKUIN_SHIKINAI,182576:1,2
T2S182576_2,木積神社（京丹後市）,,,小,,,与謝郡,,,,35.6150306,135.1325667,"https://maps.google.com/?q=35.6150306,135.1325667",,,延喜式内社データベースの現社候補（論社）,KOKUGAKUIN_SHIKINAI,182576:2,2
T2S180836_1,木葉神社,,,大,,,高市郡,,,,34.5008278,135.7725222,"https://maps.google.com/?q=34.5008278,135.7725222",,,延喜式内社データベースの現社候補,KOKUGAKUIN_SHIKINAI,180836:1,2
T2S180673_1,本宮神社,,,小,,,添上郡,,,,34.6814972,135.8524889,"https://maps.google.com/?q=34.6814972,135.8524889",,,延喜式内社データベースの現社候補,KOKUGAKUIN_SHIKINAI,180673:1,2
T2S182793_3,本宮神社境外末社日御崎神社,,,小,,,意宇郡,,,,35.4017361,132.9655056,"https://maps.google.com/?q=35.4017361,132.9655056",,,延喜式内社データベースの現社候補,KOKUGAKUIN_SHIKINAI,182793:3,2
T2S182278_1,本荘春日神社,,,小,,,坂井郡,,,,36.2059667,136.1968917,"https://maps.google.com/?q=36.2059667,136.1968917",,,延喜式内社データベースの現社候補,KOKUGAKUIN_SHIKINAI,182278:1,2
T2S181597_1,本郷富士浅間神社,,,小,,,賀茂郡,,,,34.6824306,138.9410167,"https://maps.google.com/?q=34.6824306,138.9410167",,,延喜式内社データベースの現社候補（論社）,KOKUGAKUIN_SHIKINAI,181597:1,2
T2S182410_3,杉原神社（婦中町浜子）,,,小,,,婦負郡,,,,36.6190389,137.1536944,"https://maps.google.com/?q=36.6190389,137.1536944",,,延喜式内社データベースの現社候補（論社）,KOKUGAKUIN_SHIKINAI,182410:3,2
T2S182410_2,杉原神社（婦中町田屋）,,,小,,,婦負郡,,,,36.6318500,137.1553694,"https://maps.google.com/?q=36.6318500,137.1553694",,,延喜式内社データベースの現社候補（論社）,KOKUGAKUIN_SHIKINAI,182410:2,2
T2S182410_1,杉原神社（富山市八尾町）,,,小,,,婦負郡,,,,36.6096667,137.1545917,"https://maps.google.com/?q=36.6096667,137.1545917",,,延喜式内社データベースの現社候補（論社）,KOKUGAKUIN_SHIKINAI,182410:1,2
T2S183196_1,杉尾神社,,,小,,,麻殖郡,,,,34.0795917,134.3981028,"https://maps.google.com/?q=34.0795917,134.3981028",,,延喜式内社データベースの現社候補,KOKUGAKUIN_SHIKINAI,183196:1,2
T2S182247_1,杉杜白髭神社,,,小,,,足羽郡,,,,36.0565861,136.2278472,"https://maps.google.com/?q=36.0565861,136.2278472",,,延喜式内社データベースの現社候補,KOKUGAKUIN_SHIKINAI,182247:1,2
T2S181944_1,村国神社,,,小,,,各務郡,,,,35.4205389,136.9058583,"https://maps.google.com/?q=35.4205389,136.9058583",,,延喜式内社データベースの現社候補,KOKUGAKUIN_SHIKINAI,181944:1,2
T2S181944_2,村国神社御旅所,,,小,,,各務郡,,,,35.4187083,136.9065139,"https://maps.google.com/?q=35.4187083,136.9065139",,,延喜式内社データベースの現社候補,KOKUGAKUIN_SHIKINAI,181944:2,2
T2S182613_1,村岳神社,,,小,,,熊野郡,,,,35.5847972,134.8839000,"https://maps.google.com/?q=35.5847972,134.8839000",,,延喜式内社データベースの現社候補（論社）,KOKUGAKUIN_SHIKINAI,182613:1,2
T2S182029_1,村檜神社,,,小,,,都賀郡,,,,36.3696139,139.6244861,"https://maps.google.com/?q=36.3696139,139.6244861",,,延喜式内社データベースの現社候補（論社）,KOKUGAKUIN_SHIKINAI,182029:1,2
T2S181508_2,東八王子神社,,,小,,,長下郡,,,,34.6973528,137.8258750,"https://maps.google.com/?q=34.6973528,137.8258750",,,延喜式内社データベースの現社候補（論社）,KOKUGAKUIN_SHIKINAI,181508:2,2
T2S181786_3,東本宮本殿,,,名大,,,滋賀郡,,,,35.0734917,135.8648333,"https://maps.google.com/?q=35.0734917,135.8648333",,,延喜式内社データベースの現社候補,KOKUGAKUIN_SHIKINAI,181786:3,2
T2S181509_2,東美薗八幡宮,,,小,,,長下郡,,,,34.7980500,137.8039333,"https://maps.google.com/?q=34.7980500,137.8039333",,,延喜式内社データベースの現社候補（論社）,KOKUGAKUIN_SHIKINAI,181509:2,2
T2S181420_2,松原神社,,,小,,,春部郡,,,,35.2765611,136.9884278,"https://maps.google.com/?q=35.2765611,136.9884278",,,延喜式内社データベースの現社候補（論社）,KOKUGAKUIN_SHIKINAI,181420:2,2
T2S181508_3,松尾八王子神社,,,小,,,長下郡,,,,34.7005583,137.8198278,"https://maps.google.com/?q=34.7005583,137.8198278",,,延喜式内社データベースの現社候補（論社）,KOKUGAKUIN_SHIKINAI,181508:3,2
T2S181208_1,松尾神社,,,小,,,飯高郡,,,,34.5443889,136.4977278,"https://maps.google.com/?q=34.5443889,136.4977278",,,延喜式内社データベースの現社候補,KOKUGAKUIN_SHIKINAI,181208:1,2
T2S182461_1,松浜稲荷神社,,,小,,,沼垂郡,,,,37.9513028,139.1427667,"https://maps.google.com/?q=37.9513028,139.1427667",,,延喜式内社データベースの現社候補（論社）,KOKUGAKUIN_SHIKINAI,182461:1,2
T2S182421_2,松苧神社,,,小,,,頸城郡,,,,37.1472000,138.6461583,"https://maps.google.com/?q=37.1472000,138.6461583",,,延喜式内社データベースの現社候補（論社）,KOKUGAKUIN_SHIKINAI,182421:2,2
T2S182577_1,板列八幡神社,,,小,,,与謝郡,,,,35.5757056,135.1627889,"https://maps.google.com/?q=35.5757056,135.1627889",,,延喜式内社データベースの現社候補（論社）,KOKUGAKUIN_SHIKINAI,182577:1,2
T2S182577_2,板列稲荷神社,,,小,,,与謝郡,,,,35.5720500,135.1510472,"https://maps.google.com/?q=35.5720500,135.1510472",,,延喜式内社データベースの現社候補（論社）,KOKUGAKUIN_SHIKINAI,182577:2,2
T2S182388_1,林神社（砺波市林）,,,小,,,礪波郡,,,,36.6450306,136.9426306,"https://maps.google.com/?q=36.6450306,136.9426306",,,延喜式内社データベースの現社候補（論社）,KOKUGAKUIN_SHIKINAI,182388:1,2
T2S182388_2,林神社（砺波市頼成）,,,小,,,礪波郡,,,,36.6407250,137.0182472,"https://maps.google.com/?q=36.6407250,137.0182472",,,延喜式内社データベースの現社候補（論社）,KOKUGAKUIN_SHIKINAI,182388:2,2
T2S182231_1,枚井手神社,,,小,,,丹生郡,,,,35.9066083,136.1618444,"https://maps.google.com/?q=35.9066083,136.1618444",,,延喜式内社データベースの現社候補（論社）,KOKUGAKUIN_SHIKINAI,182231:1,2
T2S181379_2,柳津天神神社,,,小,,,葉栗郡,,,,35.3678611,136.7361000,"https://maps.google.com/?q=35.3678611,136.7361000",,,延喜式内社データベースの現社候補（論社）,KOKUGAKUIN_SHIKINAI,181379:2,2
T2S182095_2,柳津虚空蔵尊,,,小,,,桃生郡,,,,38.5891472,141.3135889,"https://maps.google.com/?q=38.5891472,141.3135889",,,延喜式内社データベースの現社候補（論社）,KOKUGAKUIN_SHIKINAI,182095:2,2
T2S181568_1,桃澤神社,,,小,,,駿河郡,,,,35.1541750,138.8703611,"https://maps.google.com/?q=35.1541750,138.8703611",,,延喜式内社データベースの現社候補（論社）,KOKUGAKUIN_SHIKINAI,181568:1,2
T2S181568_2,桃澤神社,,,小,,,駿河郡,,,,35.1401444,138.8121861,"https://maps.google.com/?q=35.1401444,138.8121861",,,延喜式内社データベースの現社候補（論社）,KOKUGAKUIN_SHIKINAI,181568:2,2
T2S182433_1,桐原石部神社（上桐）,,,小,,,古志郡,,,,37.5864222,138.7894972,"https://maps.google.com/?q=37.5864222,138.7894972",,,延喜式内社データベースの現社候補（論社）,KOKUGAKUIN_SHIKINAI,182433:1,2
T2S182433_2,桐原石部神社（寺泊）,,,小,,,古志郡,,,,37.6092639,138.8040444,"https://maps.google.com/?q=37.6092639,138.8040444",,,延喜式内社データベースの現社候補（論社）,KOKUGAKUIN_SHIKINAI,182433:2,2
T2S182640_1,桐原神社,,,小,,,養父郡,,,,35.3576083,134.8565083,"https://maps.google.com/?q=35.3576083,134.8565083",,,延喜式内社データベースの現社候補,KOKUGAKUIN_SHIKINAI,182640:1,2
T2S182711_2,桑原神社（竹野町桑野本）,,,小,,,美含郡,,,,35.5614361,134.6820194,"https://maps.google.com/?q=35.5614361,134.6820194",,,延喜式内社データベースの現社候補（論社）,KOKUGAKUIN_SHIKINAI,182711:2,2
T2S182711_1,桑原神社（竹野町森本）,,,小,,,美含郡,,,,35.5829472,134.7338917,"https://maps.google.com/?q=35.5829472,134.7338917",,,延喜式内社データベースの現社候補（論社）,KOKUGAKUIN_SHIKINAI,182711:1,2
T2S181337_1,桑名神社に合祀,,,小,,,桑名郡,,,,35.0654833,136.6944417,"https://maps.google.com/?q=35.0654833,136.6944417",,,延喜式内社データベースの現社候補,KOKUGAKUIN_SHIKINAI,181337:1,2
T2S182483_1,桑田神社（山本）,,,小,,,桑田郡,,,,35.0143111,135.6094806,"https://maps.google.com/?q=35.0143111,135.6094806",,,延喜式内社データベースの現社候補（論社）,KOKUGAKUIN_SHIKINAI,182483:1,2
T2S182483_2,桑田神社（馬堀）,,,小,,,桑田郡,,,,35.0086583,135.6023139,"https://maps.google.com/?q=35.0086583,135.6023139",,,延喜式内社データベースの現社候補（論社）,KOKUGAKUIN_SHIKINAI,182483:2,2
T2S181312_1,桜神社古社地,,,小,,,朝明郡,,,,35.0151500,136.6302056,"https://maps.google.com/?q=35.0151500,136.6302056",,,延喜式内社データベースの現社候補,KOKUGAKUIN_SHIKINAI,181312:1,2
T2S181885_1,森本神社,,,小,,,伊香郡,,,,35.4679639,136.2386583,"https://maps.google.com/?q=35.4679639,136.2386583",,,延喜式内社データベースの現社候補,KOKUGAKUIN_SHIKINAI,181885:1,2
T2S180671_1,森神社,,,大,,,添上郡,,,,34.6323278,135.8335278,"https://maps.google.com/?q=34.6323278,135.8335278",,,延喜式内社データベースの現社候補,KOKUGAKUIN_SHIKINAI,180671:1,2
T2S181917_1,森神社,,,小,,,高島郡,,,,35.3594722,136.0385611,"https://maps.google.com/?q=35.3594722,136.0385611",,,延喜式内社データベースの現社候補,KOKUGAKUIN_SHIKINAI,181917:1,2
T2S181511_1,椎ケ脇神社,,,小,,,長下郡,,,,34.8535583,137.8026222,"https://maps.google.com/?q=34.8535583,137.8026222",,,延喜式内社データベースの現社候補（論社）,KOKUGAKUIN_SHIKINAI,181511:1,2
T2S181601_1,椎取神社,,,小,,,賀茂郡,,,,34.1076250,139.5579722,"https://maps.google.com/?q=34.1076250,139.5579722",,,延喜式内社データベースの現社候補（論社）,KOKUGAKUIN_SHIKINAI,181601:1,2
T2S181601_2,椎取神社本殿,,,小,,,賀茂郡,,,,34.1069639,139.5569667,"https://maps.google.com/?q=34.1069639,139.5569667",,,延喜式内社データベースの現社候補（論社）,KOKUGAKUIN_SHIKINAI,181601:2,2
T2S182350_2,椎葉円比咩神社,,,小,,,羽咋郡,,,,36.9075472,136.8094639,"https://maps.google.com/?q=36.9075472,136.8094639",,,延喜式内社データベースの現社候補（論社）,KOKUGAKUIN_SHIKINAI,182350:2,2
T2S182350_1,椎葉圓比咩神社,,,小,,,羽咋郡,,,,36.9449833,136.7648167,"https://maps.google.com/?q=36.9449833,136.7648167",,,延喜式内社データベースの現社候補（論社）,KOKUGAKUIN_SHIKINAI,182350:1,2
T2S180704_1,楢本神社,,,小,,,平群郡,,,,34.6336528,135.6982611,"https://maps.google.com/?q=34.6336528,135.6982611",,,延喜式内社データベースの現社候補,KOKUGAKUIN_SHIKINAI,180704:1,2
T2S182327_3,楢本神社（白山市上柏野町）,,,小,,,石川郡,,,,36.4987222,136.5485750,"https://maps.google.com/?q=36.4987222,136.5485750",,,延喜式内社データベースの現社候補（論社）,KOKUGAKUIN_SHIKINAI,182327:3,2
T2S182327_2,楢本神社（白山市下柏野町）,,,小,,,石川郡,,,,36.4971167,136.5342500,"https://maps.google.com/?q=36.4971167,136.5342500",,,延喜式内社データベースの現社候補（論社）,KOKUGAKUIN_SHIKINAI,182327:2,2
T2S182327_1,楢本神社（白山市宮丸町）,,,小,,,石川郡,,,,36.5083222,136.5534000,"https://maps.google.com/?q=36.5083222,136.5534000",,,延喜式内社データベースの現社候補（論社）,KOKUGAKUIN_SHIKINAI,182327:1,2
T2S182630_1,楯縫神社,,,小,,,養父郡,,,,35.2946944,134.7543944,"https://maps.google.com/?q=35.2946944,134.7543944",,,延喜式内社データベースの現社候補（論社）,KOKUGAKUIN_SHIKINAI,182630:1,2
T2S182630_2,楯縫神社（齋神社摂社）,,,小,,,養父郡,,,,35.2866472,134.7554917,"https://maps.google.com/?q=35.2866472,134.7554917",,,延喜式内社データベースの現社候補（論社）,KOKUGAKUIN_SHIKINAI,182630:2,2
T2S180675_1,榎本神社,,,小,,,添上郡,,,,34.6810222,135.8482000,"https://maps.google.com/?q=34.6810222,135.8482000",,,延喜式内社データベースの現社候補,KOKUGAKUIN_SHIKINAI,180675:1,2
T2S181386_3,榎神社,,,小,,,葉栗郡,,,,35.3665056,136.8302306,"https://maps.google.com/?q=35.3665056,136.8302306",,,延喜式内社データベースの現社候補（論社）,KOKUGAKUIN_SHIKINAI,181386:3,2
T2S182451_1,槻田神社（三条市大字月岡）,,,小,,,蒲原郡,,,,37.6115167,138.9773972,"https://maps.google.com/?q=37.6115167,138.9773972",,,延喜式内社データベースの現社候補（論社）,KOKUGAKUIN_SHIKINAI,182451:1,2
T2S182451_2,槻田神社（三条市大字荒町）,,,小,,,蒲原郡,,,,37.6368056,138.9516694,"https://maps.google.com/?q=37.6368056,138.9516694",,,延喜式内社データベースの現社候補（論社）,KOKUGAKUIN_SHIKINAI,182451:2,2
T2S181987_2,樋知大神社,,,名大,,,更級郡,,,,36.4934750,138.0210889,"https://maps.google.com/?q=36.4934750,138.0210889",,,延喜式内社データベースの現社候補（論社）,KOKUGAKUIN_SHIKINAI,181987:2,2
T2S181861_1,横山神社（木之本町）,,,小,,,伊香郡,,,,35.5656583,136.2663694,"https://maps.google.com/?q=35.5656583,136.2663694",,,延喜式内社データベースの現社候補（論社）,KOKUGAKUIN_SHIKINAI,181861:1,2
T2S181861_2,横山神社（高月町）,,,小,,,伊香郡,,,,35.4837611,136.2186833,"https://maps.google.com/?q=35.4837611,136.2186833",,,延喜式内社データベースの現社候補（論社）,KOKUGAKUIN_SHIKINAI,181861:2,2
T2S181922_3,横林神社,,,小,,,高島郡,,,,35.3221222,135.9790528,"https://maps.google.com/?q=35.3221222,135.9790528",,,延喜式内社データベースの現社候補（論社）,KOKUGAKUIN_SHIKINAI,181922:3,2
T2S180946_2,横野神社跡,,,小,,,渋川郡,,,,34.6455972,135.5457667,"https://maps.google.com/?q=34.6455972,135.5457667",,,延喜式内社データベースの現社候補,KOKUGAKUIN_SHIKINAI,180946:2,2
T2S182262_1,樺八幡神社,,,小,,,大野郡,,,,35.9595250,136.4150639,"https://maps.google.com/?q=35.9595250,136.4150639",,,延喜式内社データベースの現社候補（論社）,KOKUGAKUIN_SHIKINAI,182262:1,2
T2S180780_2,檜原神社（大神神社摂社）＝元伊勢,,,大,,,城上郡,,,,34.5383528,135.8546694,"https://maps.google.com/?q=34.5383528,135.8546694",,,延喜式内社データベースの現社候補（論社）,KOKUGAKUIN_SHIKINAI,180780:2,2
T2S181151_3,檜尻社（河原淵神社に比定）,,,小,,,度会郡,,,,34.4989111,136.7145028,"https://maps.google.com/?q=34.4989111,136.7145028",,,延喜式内社データベースの現社候補（論社）,KOKUGAKUIN_SHIKINAI,181151:3,2
T2S182352_5,櫛比神社,,,小,,,羽咋郡,,,,37.2893139,136.7697250,"https://maps.google.com/?q=37.2893139,136.7697250",,,延喜式内社データベースの現社候補（論社）,KOKUGAKUIN_SHIKINAI,182352:5,2
T2S181201_2,櫛田神社,,,小,,,多気郡,,,,34.5498500,136.5887833,"https://maps.google.com/?q=34.5498500,136.5887833",,,延喜式内社データベースの現社候補,KOKUGAKUIN_SHIKINAI,181201:2,2
T2S182374_4,櫟原北代比古神社,,,小,,,鳳至郡,,,,37.4158250,136.9779306,"https://maps.google.com/?q=37.4158250,136.9779306",,,延喜式内社データベースの現社候補（論社）,KOKUGAKUIN_SHIKINAI,182374:4,2
T2S181901_1,櫟原神社,,,小,,,高島郡,,,,35.4279694,136.0249167,"https://maps.google.com/?q=35.4279694,136.0249167",,,延喜式内社データベースの現社候補（論社）,KOKUGAKUIN_SHIKINAI,181901:1,2
T2S182414_2,櫟原神社（滑川市柳原）,,,小,,,新川郡,,,,36.7670778,137.3571083,"https://maps.google.com/?q=36.7670778,137.3571083",,,延喜式内社データベースの現社候補（論社）,KOKUGAKUIN_SHIKINAI,182414:2,2
T2S182414_1,櫟原神社（滑川市神明）,,,小,,,新川郡,,,,36.7685806,137.3403972,"https://maps.google.com/?q=36.7685806,137.3403972",,,延喜式内社データベースの現社候補（論社）,KOKUGAKUIN_SHIKINAI,182414:1,2
T2S181901_2,櫟神社,,,小,,,高島郡,,,,35.3491750,135.9887056,"https://maps.google.com/?q=35.3491750,135.9887056",,,延喜式内社データベースの現社候補（論社）,KOKUGAKUIN_SHIKINAI,181901:2,2
T2S180596_1,櫟谷宗像神社,,,小,,,葛野郡,,,,35.0114250,135.6764611,"https://maps.google.com/?q=35.0114250,135.6764611",,,延喜式内社データベースの現社候補,KOKUGAKUIN_SHIKINAI,180596:1,2
T2S181764_3,櫻川磯部稲村神社,,,小,,,久慈郡,,,,36.3683028,140.1410639,"https://maps.google.com/?q=36.3683028,140.1410639",,,延喜式内社データベースの現社候補（論社）,KOKUGAKUIN_SHIKINAI,181764:3,2
T2S181999_3,欅原神社,,,小,,,高井郡,,,,36.7071750,138.3178278,"https://maps.google.com/?q=36.7071750,138.3178278",,,延喜式内社データベースの現社候補（論社）,KOKUGAKUIN_SHIKINAI,181999:3,2
T2S183218_1,正八幡神社,,,小,,,那賀郡,,,,33.9209083,134.6417028,"https://maps.google.com/?q=33.9209083,134.6417028",,,延喜式内社データベースの現社候補,KOKUGAKUIN_SHIKINAI,183218:1,2
T2S182020_2,武内神社,,,小,,,群馬郡,,,,36.5418583,138.9513861,"https://maps.google.com/?q=36.5418583,138.9513861",,,延喜式内社データベースの現社候補（論社）,KOKUGAKUIN_SHIKINAI,182020:2,2
T2S182283_1,比古奈神社（神明社境内社）,,,小,,,坂井郡,,,,36.2182139,136.1454083,"https://maps.google.com/?q=36.2182139,136.1454083",,,延喜式内社データベースの現社候補（論社）,KOKUGAKUIN_SHIKINAI,182283:1,2
T2S181940_1,比奈守神社,,,小,,,厚見郡,,,,35.3926000,136.7535389,"https://maps.google.com/?q=35.3926000,136.7535389",,,延喜式内社データベースの現社候補,KOKUGAKUIN_SHIKINAI,181940:1,2
T2S182820_1,比婆山久米神社奥の宮（熊野神社）,,,小,,,意宇郡,,,,35.3154028,133.2432722,"https://maps.google.com/?q=35.3154028,133.2432722",,,延喜式内社データベースの現社候補,KOKUGAKUIN_SHIKINAI,182820:1,2
T2S182589_1,比沼麻奈爲神社,,,小,,,丹波郡,,,,35.5926361,135.0290472,"https://maps.google.com/?q=35.5926361,135.0290472",,,延喜式内社データベースの現社候補（論社）,KOKUGAKUIN_SHIKINAI,182589:1,2
T2S181626_1,比波預天神社,,,小,,,田方郡,,,,35.0107278,139.0831000,"https://maps.google.com/?q=35.0107278,139.0831000",,,延喜式内社データベースの現社候補（論社）,KOKUGAKUIN_SHIKINAI,181626:1,2
T2S181475_1,比蘇天神社,,,小,,,碧海郡,,,,34.9296889,137.1510389,"https://maps.google.com/?q=34.9296889,137.1510389",,,延喜式内社データベースの現社候補（論社）,KOKUGAKUIN_SHIKINAI,181475:1,2
T2S182390_4,比賣神社（南砺市）,,,小,,,礪波郡,,,,36.5406361,136.8679639,"https://maps.google.com/?q=36.5406361,136.8679639",,,延喜式内社データベースの現社候補（論社）,KOKUGAKUIN_SHIKINAI,182390:4,2
T2S182390_1,比賣神社（小矢部市）,,,小,,,礪波郡,,,,36.6924250,136.8578194,"https://maps.google.com/?q=36.6924250,136.8578194",,,延喜式内社データベースの現社候補（論社）,KOKUGAKUIN_SHIKINAI,182390:1,2
T2S182390_3,比賣神社（砺波市下中条）,,,小,,,礪波郡,,,,36.6583583,137.0001389,"https://maps.google.com/?q=36.6583583,137.0001389",,,延喜式内社データベースの現社候補（論社）,KOKUGAKUIN_SHIKINAI,182390:3,2
T2S182390_2,比賣神社（砺波市柳瀬）,,,小,,,礪波郡,,,,36.6405583,136.9915417,"https://maps.google.com/?q=36.6405583,136.9915417",,,延喜式内社データベースの現社候補（論社）,KOKUGAKUIN_SHIKINAI,182390:2,2
T2S182287_1,毛谷黒龍神社,,,小,,,坂井郡,,,,36.0568139,136.2117000,"https://maps.google.com/?q=36.0568139,136.2117000",,,延喜式内社データベースの現社候補（論社）,KOKUGAKUIN_SHIKINAI,182287:1,2
T2S182311_1,気多御子神社,,,小,,,江沼郡,,,,36.3575944,136.4071000,"https://maps.google.com/?q=36.3575944,136.4071000",,,延喜式内社データベースの現社候補（論社）,KOKUGAKUIN_SHIKINAI,182311:1,2
T2S181890_2,水分神社,,,小,,,伊香郡,,,,35.5181222,136.2488861,"https://maps.google.com/?q=35.5181222,136.2488861",,,延喜式内社データベースの現社候補（論社）,KOKUGAKUIN_SHIKINAI,181890:2,2
T2S182425_1,水嶋磯部神社（清里区梨平）,,,小,,,頸城郡,,,,37.0507722,138.3814472,"https://maps.google.com/?q=37.0507722,138.3814472",,,延喜式内社データベースの現社候補（論社）,KOKUGAKUIN_SHIKINAI,182425:1,2
T2S182425_3,水嶋磯部神社（清里区青柳坊ヶ池）,,,小,,,頸城郡,,,,37.0377694,138.3673194,"https://maps.google.com/?q=37.0377694,138.3673194",,,延喜式内社データベースの現社候補（論社）,KOKUGAKUIN_SHIKINAI,182425:3,2
T2S182425_2,水嶋磯部神社（糸魚川市）,,,小,,,頸城郡,,,,37.1338528,138.0538667,"https://maps.google.com/?q=37.1338528,138.0538667",,,延喜式内社データベースの現社候補（論社）,KOKUGAKUIN_SHIKINAI,182425:2,2
T2S181457_1,氷上姉子神社,,,小,,,愛智郡,,,,35.0613583,136.9302583,"https://maps.google.com/?q=35.0613583,136.9302583",,,延喜式内社データベースの現社候補（論社）,KOKUGAKUIN_SHIKINAI,181457:1,2
T2S182283_2,氷川神社,,,小,,,坂井郡,,,,36.2160833,136.1496611,"https://maps.google.com/?q=36.2160833,136.1496611",,,延喜式内社データベースの現社候補（論社）,KOKUGAKUIN_SHIKINAI,182283:2,2
T2S182798_3,氷川神社合祀三崎神社,,,小,,,意宇郡,,,,35.4088028,132.9091694,"https://maps.google.com/?q=35.4088028,132.9091694",,,延喜式内社データベースの現社候補,KOKUGAKUIN_SHIKINAI,182798:3,2
T2S181984_1,氷鉋斗売神社,,,小,,,更級郡,,,,36.6116417,138.1757639,"https://maps.google.com/?q=36.6116417,138.1757639",,,延喜式内社データベースの現社候補（論社）,KOKUGAKUIN_SHIKINAI,181984:1,2
T2S180803_1,池坐朝霧黄幡比売神社,,,大,,,城下郡,,,,34.5660500,135.8085278,"https://maps.google.com/?q=34.5660500,135.8085278",,,延喜式内社データベースの現社候補,KOKUGAKUIN_SHIKINAI,180803:1,2
T2S182380_3,沖波諏訪神社,,,小,,,鳳至郡,,,,37.2119972,137.0477917,"https://maps.google.com/?q=37.2119972,137.0477917",,,延喜式内社データベースの現社候補（論社）,KOKUGAKUIN_SHIKINAI,182380:3,2
T2S183290_1,沖津宮,,,名大,,,宗像郡,,,,34.2424306,130.1042306,"https://maps.google.com/?q=34.2424306,130.1042306",,,延喜式内社データベースの現社候補,KOKUGAKUIN_SHIKINAI,183290:1,2
T2S180816_1,河俣神社,,,大,,,高市郡,,,,34.5019972,135.7744194,"https://maps.google.com/?q=34.5019972,135.7744194",,,延喜式内社データベースの現社候補,KOKUGAKUIN_SHIKINAI,180816:1,2
T2S182469_5,河内神社,,,小,,,磐船郡,,,,38.2578778,139.4970028,"https://maps.google.com/?q=38.2578778,139.4970028",,,延喜式内社データベースの現社候補（論社）,KOKUGAKUIN_SHIKINAI,182469:5,2
T2S181151_1,河原神社,,,小,,,度会郡,,,,34.5147889,136.7213222,"https://maps.google.com/?q=34.5147889,136.7213222",,,延喜式内社データベースの現社候補,KOKUGAKUIN_SHIKINAI,181151:1,2
T2S181821_1,河桁御河辺神社,,,小,,,神崎郡,,,,35.1122639,136.2222250,"https://maps.google.com/?q=35.1122639,136.2222250",,,延喜式内社データベースの現社候補（論社）,KOKUGAKUIN_SHIKINAI,181821:1,2
T2S181821_3,河瀬神社,,,小,,,神崎郡,,,,35.2257222,136.2343667,"https://maps.google.com/?q=35.2257222,136.2343667",,,延喜式内社データベースの現社候補（論社）,KOKUGAKUIN_SHIKINAI,181821:3,2
T2S181821_6,河脇神社,,,小,,,神崎郡,,,,35.1775528,136.2094000,"https://maps.google.com/?q=35.1775528,136.2094000",,,延喜式内社データベースの現社候補（論社）,KOKUGAKUIN_SHIKINAI,181821:6,2
T2S182941_1,河邊神社,,,小,,,飯石郡,,,,35.2662222,132.9010250,"https://maps.google.com/?q=35.2662222,132.9010250",,,延喜式内社データベースの現社候補,KOKUGAKUIN_SHIKINAI,182941:1,2
T2S181986_2,治田神社上社（千曲市桑原字宮）,,,小,,,更級郡,,,,36.5252833,138.0854556,"https://maps.google.com/?q=36.5252833,138.0854556",,,延喜式内社データベースの現社候補,KOKUGAKUIN_SHIKINAI,181986:2,2
T2S181986_1,治田神社下社（千曲市大字稲荷）,,,小,,,更級郡,,,,36.5313861,138.0928944,"https://maps.google.com/?q=36.5313861,138.0928944",,,延喜式内社データベースの現社候補,KOKUGAKUIN_SHIKINAI,181986:1,2
T2S181762_1,泉神社,,,小,,,久慈郡,,,,36.5185500,140.6248667,"https://maps.google.com/?q=36.5185500,140.6248667",,,延喜式内社データベースの現社候補（論社）,KOKUGAKUIN_SHIKINAI,181762:1,2
T2S181592_1,泊神社,,,小,,,賀茂郡,,,,34.3337722,139.2128639,"https://maps.google.com/?q=34.3337722,139.2128639",,,延喜式内社データベースの現社候補,KOKUGAKUIN_SHIKINAI,181592:1,2
T2S180846_1,波多甕井神社,,,大,,,高市郡,,,,34.4365500,135.7846500,"https://maps.google.com/?q=34.4365500,135.7846500",,,延喜式内社データベースの現社候補,KOKUGAKUIN_SHIKINAI,180846:1,2
T2S181607_1,波知加麻神社,,,小,,,賀茂郡,,,,34.7741861,139.4242333,"https://maps.google.com/?q=34.7741861,139.4242333",,,延喜式内社データベースの現社候補（論社）,KOKUGAKUIN_SHIKINAI,181607:1,2
T2S183220_1,津峯神社,,,小,,,那賀郡,,,,33.8947639,134.6437667,"https://maps.google.com/?q=33.8947639,134.6437667",,,延喜式内社データベースの現社候補,KOKUGAKUIN_SHIKINAI,183220:1,2
T2S181938_1,津神社,,,小,,,方県郡,,,,35.4287583,136.7044917,"https://maps.google.com/?q=35.4287583,136.7044917",,,延喜式内社データベースの現社候補（論社）,KOKUGAKUIN_SHIKINAI,181938:1,2
T2S183149_1,津秦天満宮神社,,,小,,,名草郡,,,,34.2221222,135.2035083,"https://maps.google.com/?q=34.2221222,135.2035083",,,延喜式内社データベースの現社候補,KOKUGAKUIN_SHIKINAI,183149:1,2
T2S181905_1,津野神社（今津町北仰）,,,小,,,高島郡,,,,35.4224806,136.0315139,"https://maps.google.com/?q=35.4224806,136.0315139",,,延喜式内社データベースの現社候補（論社）,KOKUGAKUIN_SHIKINAI,181905:1,2
T2S181905_2,津野神社（今津町角川）,,,小,,,高島郡,,,,35.4208944,135.9501694,"https://maps.google.com/?q=35.4208944,135.9501694",,,延喜式内社データベースの現社候補（論社）,KOKUGAKUIN_SHIKINAI,181905:2,2
T2S181128_1,津長神社,,,小,,,度会郡,,,,34.4599139,136.7215389,"https://maps.google.com/?q=34.4599139,136.7215389",,,延喜式内社データベースの現社候補,KOKUGAKUIN_SHIKINAI,181128:1,2
T2S181355_2,浅井神社,,,小,,,中島郡,,,,35.2544778,136.7651194,"https://maps.google.com/?q=35.2544778,136.7651194",,,延喜式内社データベースの現社候補（論社）,KOKUGAKUIN_SHIKINAI,181355:2,2
T2S181806_1,浅殿神社,,,小,,,野洲郡,,,,35.1078667,136.0202722,"https://maps.google.com/?q=35.1078667,136.0202722",,,延喜式内社データベースの現社候補（論社）,KOKUGAKUIN_SHIKINAI,181806:1,2
T2S181651_1,浅間山浅間神社(大木山),,,小,,,那賀郡,,,,34.8779028,138.7717111,"https://maps.google.com/?q=34.8779028,138.7717111",,,延喜式内社データベースの現社候補（論社）,KOKUGAKUIN_SHIKINAI,181651:1,2
T2S181571_2,浅間神社(伊豆国二之宮),,,小,,,賀茂郡,,,,35.1231417,138.9136639,"https://maps.google.com/?q=35.1231417,138.9136639",,,延喜式内社データベースの現社候補（論社）,KOKUGAKUIN_SHIKINAI,181571:2,2
T2S181488_1,浜名総社神明宮,,,小,,,浜名郡,,,,34.8114444,137.5524444,"https://maps.google.com/?q=34.8114444,137.5524444",,,延喜式内社データベースの現社候補,KOKUGAKUIN_SHIKINAI,181488:1,2
T2S181493_1,浜松八幡宮,,,小,,,敷智郡,,,,34.7157972,137.7367417,"https://maps.google.com/?q=34.7157972,137.7367417",,,延喜式内社データベースの現社候補,KOKUGAKUIN_SHIKINAI,181493:1,2
T2S181652_5,浦守神社,,,小,,,那賀郡,,,,34.8276306,138.7639167,"https://maps.google.com/?q=34.8276306,138.7639167",,,延喜式内社データベースの現社候補（論社）,KOKUGAKUIN_SHIKINAI,181652:5,2
T2S182571_2,浦宮神社,,,小,,,与謝郡,,,,35.5558361,135.2348611,"https://maps.google.com/?q=35.5558361,135.2348611",,,延喜式内社データベースの現社候補（論社）,KOKUGAKUIN_SHIKINAI,182571:2,2
T2S182051_3,浮嶋神社,,,小,,,宮城郡,,,,38.3035917,140.9945111,"https://maps.google.com/?q=38.3035917,140.9945111",,,延喜式内社データベースの現社候補（論社）,KOKUGAKUIN_SHIKINAI,182051:3,2
T2S181525_1,淡海国玉神社(合祀),,,小,,,磐田郡,,,,34.7277167,137.8571167,"https://maps.google.com/?q=34.7277167,137.8571167",,,延喜式内社データベースの現社候補,KOKUGAKUIN_SHIKINAI,181525:1,2
T2S183352_1,深江神社,,,小,,,石田郡,,,,33.7676361,129.7454778,"https://maps.google.com/?q=33.7676361,129.7454778",,,延喜式内社データベースの現社候補,KOKUGAKUIN_SHIKINAI,183352:1,2
T2S181374_1,淵森稲荷社(布智神社),,,小,,,中島郡,,,,35.2437139,136.7398833,"https://maps.google.com/?q=35.2437139,136.7398833",,,延喜式内社データベースの現社候補（論社）,KOKUGAKUIN_SHIKINAI,181374:1,2
T2S182392_2,淺井神社（高岡市石堤）,,,小,,,礪波郡,,,,36.7443250,136.9374500,"https://maps.google.com/?q=36.7443250,136.9374500",,,延喜式内社データベースの現社候補（論社）,KOKUGAKUIN_SHIKINAI,182392:2,2
T2S182392_1,淺井神社（高岡市福岡町）,,,小,,,礪波郡,,,,36.7420639,136.9328333,"https://maps.google.com/?q=36.7420639,136.9328333",,,延喜式内社データベースの現社候補（論社）,KOKUGAKUIN_SHIKINAI,182392:1,2
T2S182146_3,添川神明社,,,小,,,山本郡,,,,39.7575056,140.1423500,"https://maps.google.com/?q=39.7575056,140.1423500",,,延喜式内社データベースの現社候補（論社）,KOKUGAKUIN_SHIKINAI,182146:3,2
T2S182342_2,清水八幡神社,,,小,,,加賀郡,,,,36.6740667,136.7355861,"https://maps.google.com/?q=36.6740667,136.7355861",,,延喜式内社データベースの現社候補（論社）,KOKUGAKUIN_SHIKINAI,182342:2,2
T2S182446_2,清水川辺神社,,,小,,,魚沼郡,,,,37.2334750,138.9603278,"https://maps.google.com/?q=37.2334750,138.9603278",,,延喜式内社データベースの現社候補（論社）,KOKUGAKUIN_SHIKINAI,182446:2,2
T2S181983_3,清水神社（長野市信更町三水氷山）,,,小,,,更級郡,,,,36.5680667,138.0548944,"https://maps.google.com/?q=36.5680667,138.0548944",,,延喜式内社データベースの現社候補（論社）,KOKUGAKUIN_SHIKINAI,181983:3,2
T2S181983_2,清水神社（長野市信更町田野口）,,,小,,,更級郡,,,,36.5628639,138.0755639,"https://maps.google.com/?q=36.5628639,138.0755639",,,延喜式内社データベースの現社候補（論社）,KOKUGAKUIN_SHIKINAI,181983:2,2
T2S181983_1,清水神社（長野市真島町）,,,小,,,更級郡,,,,36.6060500,138.2063000,"https://maps.google.com/?q=36.6060500,138.2063000",,,延喜式内社データベースの現社候補（論社）,KOKUGAKUIN_SHIKINAI,181983:1,2
T2S182266_1,清瀧神社（合祀）,,,小,,,大野郡,,,,35.9818472,136.4803889,"https://maps.google.com/?q=35.9818472,136.4803889",,,延喜式内社データベースの現社候補（論社）,KOKUGAKUIN_SHIKINAI,182266:1,2
T2S181491_1,湊神社,,,名大,,,浜名郡,,,,34.6917917,137.5611194,"https://maps.google.com/?q=34.6917917,137.5611194",,,延喜式内社データベースの現社候補（論社）,KOKUGAKUIN_SHIKINAI,181491:1,2
T2S181835_1,湯次神社（浅井町大路）,,,小,,,浅井郡,,,,35.4239583,136.3021333,"https://maps.google.com/?q=35.4239583,136.3021333",,,延喜式内社データベースの現社候補（論社）,KOKUGAKUIN_SHIKINAI,181835:1,2
T2S181835_3,湯次神社（浅井町湯次）,,,小,,,浅井郡,,,,35.4271917,136.2833639,"https://maps.google.com/?q=35.4271917,136.2833639",,,延喜式内社データベースの現社候補（論社）,KOKUGAKUIN_SHIKINAI,181835:3,2
T2S181613_2,満宮神社,,,小,,,田方郡,,,,35.0767778,138.9309139,"https://maps.google.com/?q=35.0767778,138.9309139",,,延喜式内社データベースの現社候補（論社）,KOKUGAKUIN_SHIKINAI,181613:2,2
T2S183160_1,潮岬本之宮神社（論社）,,,小,,,牟婁郡,,,,33.4630528,135.7783889,"https://maps.google.com/?q=33.4630528,135.7783889",,,延喜式内社データベースの現社候補（論社）,KOKUGAKUIN_SHIKINAI,183160:1,2
T2S182543_2,澤神社,,,小,,,何鹿郡,,,,35.3205778,135.2200389,"https://maps.google.com/?q=35.3205778,135.2200389",,,延喜式内社データベースの現社候補（論社）,KOKUGAKUIN_SHIKINAI,182543:2,2
T2S181110_1,瀧原宮,,,大,,,度会郡,,,,34.3660472,136.4259111,"https://maps.google.com/?q=34.3660472,136.4259111",,,延喜式内社データベースの現社候補,KOKUGAKUIN_SHIKINAI,181110:1,2
T2S182319_1,瀧浪神社（小松市）,,,小,,,能美郡,,,,36.3702167,136.4968750,"https://maps.google.com/?q=36.3702167,136.4968750",,,延喜式内社データベースの現社候補（論社）,KOKUGAKUIN_SHIKINAI,182319:1,2
T2S182319_2,瀧浪神社（能美市）,,,小,,,能美郡,,,,36.4453833,136.5809417,"https://maps.google.com/?q=36.4453833,136.5809417",,,延喜式内社データベースの現社候補（論社）,KOKUGAKUIN_SHIKINAI,182319:2,2
T2S182348_2,瀬戸比古神社（羽咋郡）,,,小,,,羽咋郡,,,,37.0692417,136.7865528,"https://maps.google.com/?q=37.0692417,136.7865528",,,延喜式内社データベースの現社候補（論社）,KOKUGAKUIN_SHIKINAI,182348:2,2
T2S182348_1,瀬戸比古神社（鹿島郡）,,,小,,,羽咋郡,,,,37.0091917,136.8741500,"https://maps.google.com/?q=37.0091917,136.8741500",,,延喜式内社データベースの現社候補（論社）,KOKUGAKUIN_SHIKINAI,182348:1,2
T2S182348_3,瀬戸菅原神社,,,小,,,羽咋郡,,,,36.7774472,136.7538833,"https://maps.google.com/?q=36.7774472,136.7538833",,,延喜式内社データベースの現社候補（論社）,KOKUGAKUIN_SHIKINAI,182348:3,2
T2S183314_1,火男火売神社上宮,,,小,,,速見郡,,,,33.2869417,131.4297583,"https://maps.google.com/?q=33.2869417,131.4297583",,,延喜式内社データベースの現社候補,KOKUGAKUIN_SHIKINAI,183314:1,2
T2S183314_3,火男火売神社下宮（鶴見権現）,,,小,,,速見郡,,,,33.3096083,131.4664472,"https://maps.google.com/?q=33.3096083,131.4664472",,,延喜式内社データベースの現社候補,KOKUGAKUIN_SHIKINAI,183314:3,2
T2S183314_2,火男火売神社中宮（御嶽権現）,,,小,,,速見郡,,,,33.2747917,131.4371444,"https://maps.google.com/?q=33.2747917,131.4371444",,,延喜式内社データベースの現社候補,KOKUGAKUIN_SHIKINAI,183314:2,2
T2S181468_1,灰寶神社,,,小,,,賀茂郡,,,,35.1087278,137.1852278,"https://maps.google.com/?q=35.1087278,137.1852278",,,延喜式内社データベースの現社候補,KOKUGAKUIN_SHIKINAI,181468:1,2
T2S183123_1,熊毛神社（有力）,,,小,,,熊毛郡,,,,34.0441250,131.9522028,"https://maps.google.com/?q=34.0441250,131.9522028",,,延喜式内社データベースの現社候補,KOKUGAKUIN_SHIKINAI,183123:1,2
T2S182604_3,熊野新宮神社,,,小,,,熊野郡,,,,35.5915111,134.8675944,"https://maps.google.com/?q=35.5915111,134.8675944",,,延喜式内社データベースの現社候補（論社）,KOKUGAKUIN_SHIKINAI,182604:3,2
T2S181412_2,熊野社,,,小,,,春部郡,,,,35.3126778,136.9326278,"https://maps.google.com/?q=35.3126778,136.9326278",,,延喜式内社データベースの現社候補（論社）,KOKUGAKUIN_SHIKINAI,181412:2,2
T2S182289_1,熊野神社,,,小,,,坂井郡,,,,36.1470861,136.1612528,"https://maps.google.com/?q=36.1470861,136.1612528",,,延喜式内社データベースの現社候補,KOKUGAKUIN_SHIKINAI,182289:1,2
T2S182407_3,熊野神社,,,小,,,婦負郡,,,,36.6778111,137.1441556,"https://maps.google.com/?q=36.6778111,137.1441556",,,延喜式内社データベースの現社候補（論社）,KOKUGAKUIN_SHIKINAI,182407:3,2
T2S182560_3,熊野神社,,,小,,,加佐郡,,,,35.3752139,135.1318361,"https://maps.google.com/?q=35.3752139,135.1318361",,,延喜式内社データベースの現社候補（論社）,KOKUGAKUIN_SHIKINAI,182560:3,2
T2S182604_1,熊野神社,,,小,,,熊野郡,,,,35.6127500,134.9111722,"https://maps.google.com/?q=35.6127500,134.9111722",,,延喜式内社データベースの現社候補（論社）,KOKUGAKUIN_SHIKINAI,182604:1,2
T2S181724_3,熊野神社(上里町堤),,,小,,,賀美郡,,,,36.2442528,139.1389667,"https://maps.google.com/?q=36.2442528,139.1389667",,,延喜式内社データベースの現社候補（論社）,KOKUGAKUIN_SHIKINAI,181724:3,2
T2S181723_2,熊野神社(八日市),,,小,,,賀美郡,,,,36.2112806,139.1141556,"https://maps.google.com/?q=36.2112806,139.1141556",,,延喜式内社データベースの現社候補（論社）,KOKUGAKUIN_SHIKINAI,181723:2,2
T2S181683_2,熊野神社(大庭神社旧蹟),,,小,,,高座郡,,,,35.3544333,139.4518806,"https://maps.google.com/?q=35.3544333,139.4518806",,,延喜式内社データベースの現社候補（論社）,KOKUGAKUIN_SHIKINAI,181683:2,2
T2S182777_1,熊野神社境内摂社伊邪那美神社,,,小,,,意宇郡,,,,35.3732472,133.0699806,"https://maps.google.com/?q=35.3732472,133.0699806",,,延喜式内社データベースの現社候補,KOKUGAKUIN_SHIKINAI,182777:1,2
T2S182776_1,熊野神社境内摂社稲田神社,,,小,,,意宇郡,,,,35.3736417,133.0702083,"https://maps.google.com/?q=35.3736417,133.0702083",,,延喜式内社データベースの現社候補,KOKUGAKUIN_SHIKINAI,182776:1,2
T2S181896_1,熊野神社（今津町）,,,小,,,高島郡,,,,35.4047028,135.9877694,"https://maps.google.com/?q=35.4047028,135.9877694",,,延喜式内社データベースの現社候補（論社）,KOKUGAKUIN_SHIKINAI,181896:1,2
T2S182409_3,熊野神社（婦中町中名）,,,小,,,婦負郡,,,,36.6425083,137.1666694,"https://maps.google.com/?q=36.6425083,137.1666694",,,延喜式内社データベースの現社候補（論社）,KOKUGAKUIN_SHIKINAI,182409:3,2
T2S182409_2,熊野神社（婦中町友坂）,,,小,,,婦負郡,,,,36.6778028,137.1441639,"https://maps.google.com/?q=36.6778028,137.1441639",,,延喜式内社データベースの現社候補（論社）,KOKUGAKUIN_SHIKINAI,182409:2,2
T2S182409_4,熊野神社（婦中町熊野道）,,,小,,,婦負郡,,,,36.6262972,137.1385972,"https://maps.google.com/?q=36.6262972,137.1385972",,,延喜式内社データベースの現社候補（論社）,KOKUGAKUIN_SHIKINAI,182409:4,2
T2S181896_3,熊野神社（安曇川町）,,,小,,,高島郡,,,,35.3684472,135.9732194,"https://maps.google.com/?q=35.3684472,135.9732194",,,延喜式内社データベースの現社候補（論社）,KOKUGAKUIN_SHIKINAI,181896:3,2
T2S182409_1,熊野神社（富山市宮保）,,,小,,,婦負郡,,,,36.6273139,137.2175861,"https://maps.google.com/?q=36.6273139,137.2175861",,,延喜式内社データベースの現社候補（論社）,KOKUGAKUIN_SHIKINAI,182409:1,2
T2S181896_2,熊野神社（新旭町）,,,小,,,高島郡,,,,35.3854000,136.0210639,"https://maps.google.com/?q=35.3854000,136.0210639",,,延喜式内社データベースの現社候補（論社）,KOKUGAKUIN_SHIKINAI,181896:2,2
T2S182604_2,熊野若宮三社神社,,,小,,,熊野郡,,,,35.5799861,134.9196278,"https://maps.google.com/?q=35.5799861,134.9196278",,,延喜式内社データベースの現社候補（論社）,KOKUGAKUIN_SHIKINAI,182604:2,2
T2S181443_1,熱田神宮摂社上知我麻神社,,,小,,,愛智郡,,,,35.1231361,136.9080750,"https://maps.google.com/?q=35.1231361,136.9080750",,,延喜式内社データベースの現社候補（論社）,KOKUGAKUIN_SHIKINAI,181443:1,2
T2S181446_1,熱田神宮摂社御田神社,,,小,,,愛智郡,,,,35.1268972,136.9098083,"https://maps.google.com/?q=35.1268972,136.9098083",,,延喜式内社データベースの現社候補（論社）,KOKUGAKUIN_SHIKINAI,181446:1,2
T2S180927_1,片埜神社（枚方えびす）,,,小,,,交野郡,,,,34.8418028,135.6676778,"https://maps.google.com/?q=34.8418028,135.6676778",,,延喜式内社データベースの現社候補,KOKUGAKUIN_SHIKINAI,180927:1,2
T2S181414_1,片山八幡社,,,小,,,春部郡,,,,35.2977139,136.9046750,"https://maps.google.com/?q=35.2977139,136.9046750",,,延喜式内社データベースの現社候補（論社）,KOKUGAKUIN_SHIKINAI,181414:1,2
T2S180724_1,片岡神社,,,名大,,,葛下郡,,,,34.5895889,135.7048139,"https://maps.google.com/?q=34.5895889,135.7048139",,,延喜式内社データベースの現社候補,KOKUGAKUIN_SHIKINAI,180724:1,2
T2S180724_2,片岡神社元宮,,,名大,,,葛下郡,,,,34.5926472,135.6995972,"https://maps.google.com/?q=34.5926472,135.6995972",,,延喜式内社データベースの現社候補,KOKUGAKUIN_SHIKINAI,180724:2,2
T2S182281_1,片岸神社,,,小,,,坂井郡,,,,36.1905167,136.1470556,"https://maps.google.com/?q=36.1905167,136.1470556",,,延喜式内社データベースの現社候補（論社）,KOKUGAKUIN_SHIKINAI,182281:1,2
T2S181584_2,片菅神社,,,小,,,賀茂郡,,,,34.1189056,139.5462083,"https://maps.google.com/?q=34.1189056,139.5462083",,,延喜式内社データベースの現社候補（論社）,KOKUGAKUIN_SHIKINAI,181584:2,2
T2S183357_3,物部布都神社跡,,,小,,,石田郡,,,,33.7592500,129.6982306,"https://maps.google.com/?q=33.7592500,129.6982306",,,延喜式内社データベースの現社候補,KOKUGAKUIN_SHIKINAI,183357:3,2
T2S180783_1,狭井神社,,,小,,,城上郡,,,,34.5308917,135.8541889,"https://maps.google.com/?q=34.5308917,135.8541889",,,延喜式内社データベースの現社候補,KOKUGAKUIN_SHIKINAI,180783:1,2
T2S180662_1,狭岡神社,,,小,,,添上郡,,,,34.6947250,135.8160528,"https://maps.google.com/?q=34.6947250,135.8160528",,,延喜式内社データベースの現社候補（論社）,KOKUGAKUIN_SHIKINAI,180662:1,2
T2S181101_1,猪田神社に合祀,,,小,,,伊賀郡,,,,34.7120639,136.1457500,"https://maps.google.com/?q=34.7120639,136.1457500",,,延喜式内社データベースの現社候補,KOKUGAKUIN_SHIKINAI,181101:1,2
T2S180661_1,率川神社,,,小,,,添上郡,,,,34.6813056,135.8257278,"https://maps.google.com/?q=34.6813056,135.8257278",,,延喜式内社データベースの現社候補,KOKUGAKUIN_SHIKINAI,180661:1,2
T2S182793_1,玉作湯神社相殿,,,小,,,意宇郡,,,,35.4136083,133.0118361,"https://maps.google.com/?q=35.4136083,133.0118361",,,延喜式内社データベースの現社候補,KOKUGAKUIN_SHIKINAI,182793:1,2
T2S181624_1,玉作神社(玉造神社),,,小,,,田方郡,,,,35.0975389,138.8710667,"https://maps.google.com/?q=35.0975389,138.8710667",,,延喜式内社データベースの現社候補（論社）,KOKUGAKUIN_SHIKINAI,181624:1,2
T2S181605_1,王子神社(南伊豆町),,,小,,,賀茂郡,,,,34.6136806,138.8498667,"https://maps.google.com/?q=34.6136806,138.8498667",,,延喜式内社データベースの現社候補（論社）,KOKUGAKUIN_SHIKINAI,181605:1,2
T2S181030_1,現社地,,,小,,,住吉郡,,,,34.6047583,135.4973167,"https://maps.google.com/?q=34.6047583,135.4973167",,,延喜式内社データベースの現社候補,KOKUGAKUIN_SHIKINAI,181030:1,2
T2S181833_1,現社地,,,小,,,坂田郡,,,,35.3305333,136.3226861,"https://maps.google.com/?q=35.3305333,136.3226861",,,延喜式内社データベースの現社候補,KOKUGAKUIN_SHIKINAI,181833:1,2
T2S183207_1,生夷神社,,,小,,,勝浦郡,,,,33.9484528,134.5541611,"https://maps.google.com/?q=33.9484528,134.5541611",,,延喜式内社データベースの現社候補,KOKUGAKUIN_SHIKINAI,183207:1,2
T2S181400_3,生田明神社,,,小,,,丹羽郡,,,,35.2643167,136.8712889,"https://maps.google.com/?q=35.2643167,136.8712889",,,延喜式内社データベースの現社候補（論社）,KOKUGAKUIN_SHIKINAI,181400:3,2
T2S181400_1,生田神社,,,小,,,丹羽郡,,,,35.2989917,136.8657278,"https://maps.google.com/?q=35.2989917,136.8657278",,,延喜式内社データベースの現社候補（論社）,KOKUGAKUIN_SHIKINAI,181400:1,2
T2S181400_4,生田神社,,,小,,,丹羽郡,,,,35.2580361,136.8705278,"https://maps.google.com/?q=35.2580361,136.8705278",,,延喜式内社データベースの現社候補（論社）,KOKUGAKUIN_SHIKINAI,181400:4,2
T2S180968_2,田坐神社（旧社地）,,,小,,,丹比郡,,,,34.5820556,135.5461972,"https://maps.google.com/?q=34.5820556,135.5461972",,,延喜式内社データベースの現社候補,KOKUGAKUIN_SHIKINAI,180968:2,2
T2S180968_1,田坐神社（柴籬神社境内社）,,,小,,,丹比郡,,,,34.5721500,135.5595528,"https://maps.google.com/?q=34.5721500,135.5595528",,,延喜式内社データベースの現社候補,KOKUGAKUIN_SHIKINAI,180968:1,2
T2S181895_1,田部神社,,,小,,,高島郡,,,,35.4225750,136.0314889,"https://maps.google.com/?q=35.4225750,136.0314889",,,延喜式内社データベースの現社候補（論社）,KOKUGAKUIN_SHIKINAI,181895:1,2
T2S181658_1,甲斐奈神社,,,小,,,山梨郡,,,,35.6609278,138.6510389,"https://maps.google.com/?q=35.6609278,138.6510389",,,延喜式内社データベースの現社候補（論社）,KOKUGAKUIN_SHIKINAI,181658:1,2
T2S181658_2,甲斐奈神社,,,小,,,山梨郡,,,,35.6611667,138.5781278,"https://maps.google.com/?q=35.6611667,138.5781278",,,延喜式内社データベースの現社候補（論社）,KOKUGAKUIN_SHIKINAI,181658:2,2
T2S182020_1,甲波宿禰神社（吾妻郡）,,,小,,,群馬郡,,,,36.5465639,138.9273972,"https://maps.google.com/?q=36.5465639,138.9273972",,,延喜式内社データベースの現社候補（論社）,KOKUGAKUIN_SHIKINAI,182020:1,2
T2S182020_3,甲波宿禰神社（渋川市川島）,,,小,,,群馬郡,,,,36.5307389,138.9676000,"https://maps.google.com/?q=36.5307389,138.9676000",,,延喜式内社データベースの現社候補（論社）,KOKUGAKUIN_SHIKINAI,182020:3,2
T2S182020_4,甲波宿禰神社（渋川市行幸田）,,,小,,,群馬郡,,,,36.4780889,138.9954278,"https://maps.google.com/?q=36.4780889,138.9954278",,,延喜式内社データベースの現社候補（論社）,KOKUGAKUIN_SHIKINAI,182020:4,2
T2S181200_2,畠田神社に合祀,,,小,,,多気郡,,,,34.5867222,136.6195417,"https://maps.google.com/?q=34.5867222,136.6195417",,,延喜式内社データベースの現社候補,KOKUGAKUIN_SHIKINAI,181200:2,2
T2S182449_3,白山堂,,,小,,,蒲原郡,,,,37.6367389,139.1929944,"https://maps.google.com/?q=37.6367389,139.1929944",,,延喜式内社データベースの現社候補（論社）,KOKUGAKUIN_SHIKINAI,182449:3,2
T2S181415_2,白山神社,,,小,,,春部郡,,,,35.2920611,137.0665111,"https://maps.google.com/?q=35.2920611,137.0665111",,,延喜式内社データベースの現社候補（論社）,KOKUGAKUIN_SHIKINAI,181415:2,2
T2S181916_2,白山神社,,,小,,,高島郡,,,,35.4004444,135.9688139,"https://maps.google.com/?q=35.4004444,135.9688139",,,延喜式内社データベースの現社候補（論社）,KOKUGAKUIN_SHIKINAI,181916:2,2
T2S182210_2,白山神社,,,小,,,敦賀郡,,,,35.6413250,136.0914333,"https://maps.google.com/?q=35.6413250,136.0914333",,,延喜式内社データベースの現社候補（論社）,KOKUGAKUIN_SHIKINAI,182210:2,2
T2S182225_1,白山神社,,,小,,,丹生郡,,,,35.7992944,136.2966278,"https://maps.google.com/?q=35.7992944,136.2966278",,,延喜式内社データベースの現社候補（論社）,KOKUGAKUIN_SHIKINAI,182225:1,2
T2S182229_2,白山神社,,,小,,,丹生郡,,,,35.9894000,136.1754861,"https://maps.google.com/?q=35.9894000,136.1754861",,,延喜式内社データベースの現社候補（論社）,KOKUGAKUIN_SHIKINAI,182229:2,2
T2S182382_3,白山神社,,,小,,,鳳至郡,,,,37.4319194,137.0208611,"https://maps.google.com/?q=37.4319194,137.0208611",,,延喜式内社データベースの現社候補（論社）,KOKUGAKUIN_SHIKINAI,182382:3,2
T2S182419_2,白山神社,,,小,,,頸城郡,,,,37.1069667,137.9943389,"https://maps.google.com/?q=37.1069667,137.9943389",,,延喜式内社データベースの現社候補（論社）,KOKUGAKUIN_SHIKINAI,182419:2,2
T2S182463_1,白山神社,,,小,,,沼垂郡,,,,37.9166417,139.0714861,"https://maps.google.com/?q=37.9166417,139.0714861",,,延喜式内社データベースの現社候補（論社）,KOKUGAKUIN_SHIKINAI,182463:1,2
T2S182366_1,白比古神社（七尾市）,,,小,,,能登郡,,,,37.0683028,136.8689972,"https://maps.google.com/?q=37.0683028,136.8689972",,,延喜式内社データベースの現社候補（論社）,KOKUGAKUIN_SHIKINAI,182366:1,2
T2S182366_2,白比古神社（鹿島郡）,,,小,,,能登郡,,,,36.9784639,136.8853806,"https://maps.google.com/?q=36.9784639,136.8853806",,,延喜式内社データベースの現社候補（論社）,KOKUGAKUIN_SHIKINAI,182366:2,2
T2S182040_1,白河神社,,,小,,,白河郡,,,,37.0471083,140.2292833,"https://maps.google.com/?q=37.0471083,140.2292833",,,延喜式内社データベースの現社候補（論社）,KOKUGAKUIN_SHIKINAI,182040:1,2
T2S182469_2,白滝,,,小,,,磐船郡,,,,38.2761500,139.5988139,"https://maps.google.com/?q=38.2761500,139.5988139",,,延喜式内社データベースの現社候補（論社）,KOKUGAKUIN_SHIKINAI,182469:2,2
T2S181386_2,白髭神社,,,小,,,葉栗郡,,,,35.3712417,136.8205583,"https://maps.google.com/?q=35.3712417,136.8205583",,,延喜式内社データベースの現社候補（論社）,KOKUGAKUIN_SHIKINAI,181386:2,2
T2S181934_2,白鬚神社,,,小,,,安八郡,,,,35.3676972,136.6879111,"https://maps.google.com/?q=35.3676972,136.6879111",,,延喜式内社データベースの現社候補（論社）,KOKUGAKUIN_SHIKINAI,181934:2,2
T2S182407_2,白鳥神社（富山市八尾町）,,,小,,,婦負郡,,,,36.6212333,137.1135083,"https://maps.google.com/?q=36.6212333,137.1135083",,,延喜式内社データベースの現社候補（論社）,KOKUGAKUIN_SHIKINAI,182407:2,2
T2S182407_1,白鳥神社（富山市寺町）,,,小,,,婦負郡,,,,36.6961861,137.1754361,"https://maps.google.com/?q=36.6961861,137.1754361",,,延喜式内社データベースの現社候補（論社）,KOKUGAKUIN_SHIKINAI,182407:1,2
T2S181727_5,皆野椋神社,,,小,,,秩父郡,,,,36.0637667,139.0928194,"https://maps.google.com/?q=36.0637667,139.0928194",,,延喜式内社データベースの現社候補（論社）,KOKUGAKUIN_SHIKINAI,181727:5,2
T2S181108_1,皇大神宮(内宮),,,大,,,度会郡,,,,34.4549833,136.7251639,"https://maps.google.com/?q=34.4549833,136.7251639",,,延喜式内社データベースの現社候補,KOKUGAKUIN_SHIKINAI,181108:1,2
T2S181688_7,皇大神宮(烏森神社),,,小,,,高座郡,,,,35.3417139,139.4727889,"https://maps.google.com/?q=35.3417139,139.4727889",,,延喜式内社データベースの現社候補（論社）,KOKUGAKUIN_SHIKINAI,181688:7,2
T2S181724_1,皇大神社？,,,小,,,賀美郡,,,,36.2350250,139.1076111,"https://maps.google.com/?q=36.2350250,139.1076111",,,延喜式内社データベースの現社候補（論社）,KOKUGAKUIN_SHIKINAI,181724:1,2
T2S181723_4,皇大神社？(長浜神田今城青八坂稲実神社跡),,,小,,,賀美郡,,,,36.2350250,139.1076111,"https://maps.google.com/?q=36.2350250,139.1076111",,,延喜式内社データベースの現社候補（論社）,KOKUGAKUIN_SHIKINAI,181723:4,2
T2S181995_4,皇足穂命神社,,,小,,,水内郡,,,,36.5654028,137.9986639,"https://maps.google.com/?q=36.5654028,137.9986639",,,延喜式内社データベースの現社候補（論社）,KOKUGAKUIN_SHIKINAI,181995:4,2
T2S181995_3,皇足穂命神社諏訪社合殿,,,小,,,水内郡,,,,36.6054389,138.0309444,"https://maps.google.com/?q=36.6054389,138.0309444",,,延喜式内社データベースの現社候補（論社）,KOKUGAKUIN_SHIKINAI,181995:3,2
T2S182428_2,直江八幡宮,,,小,,,頸城郡,,,,37.1216806,138.2569222,"https://maps.google.com/?q=37.1216806,138.2569222",,,延喜式内社データベースの現社候補（論社）,KOKUGAKUIN_SHIKINAI,182428:2,2
T2S181196_1,相生神社に合祀,,,小,,,多気郡,,,,34.5158417,136.5621778,"https://maps.google.com/?q=34.5158417,136.5621778",,,延喜式内社データベースの現社候補,KOKUGAKUIN_SHIKINAI,181196:1,2
T2S181199_1,相鹿上神社に合祀,,,小,,,多気郡,,,,34.5043139,136.5417222,"https://maps.google.com/?q=34.5043139,136.5417222",,,延喜式内社データベースの現社候補,KOKUGAKUIN_SHIKINAI,181199:1,2
T2S181839_1,矢合神社（中野町）,,,小,,,浅井郡,,,,35.4327167,136.2604889,"https://maps.google.com/?q=35.4327167,136.2604889",,,延喜式内社データベースの現社候補（論社）,KOKUGAKUIN_SHIKINAI,181839:1,2
T2S181839_2,矢合神社（西浅井町）,,,小,,,浅井郡,,,,35.5146000,136.1495333,"https://maps.google.com/?q=35.5146000,136.1495333",,,延喜式内社データベースの現社候補（論社）,KOKUGAKUIN_SHIKINAI,181839:2,2
T2S182455_3,矢津八幡宮,,,小,,,蒲原郡,,,,37.6955250,139.2022528,"https://maps.google.com/?q=37.6955250,139.2022528",,,延喜式内社データベースの現社候補（論社）,KOKUGAKUIN_SHIKINAI,182455:3,2
T2S182607_2,矢田八幡神社,,,小,,,熊野郡,,,,35.5801722,134.9743611,"https://maps.google.com/?q=35.5801722,134.9743611",,,延喜式内社データベースの現社候補（論社）,KOKUGAKUIN_SHIKINAI,182607:2,2
T2S182607_1,矢田神社,,,小,,,熊野郡,,,,35.5980472,134.9338778,"https://maps.google.com/?q=35.5980472,134.9338778",,,延喜式内社データベースの現社候補（論社）,KOKUGAKUIN_SHIKINAI,182607:1,2
T2S182530_3,矢降神社,,,小,,,氷上郡,,,,35.1277750,135.0219861,"https://maps.google.com/?q=35.1277750,135.0219861",,,延喜式内社データベースの現社候補（論社）,KOKUGAKUIN_SHIKINAI,182530:3,2
T2S182093_2,石上神社,,,小,,,桃生郡,,,,38.3846083,141.1763833,"https://maps.google.com/?q=38.3846083,141.1763833",,,延喜式内社データベースの現社候補（論社）,KOKUGAKUIN_SHIKINAI,182093:2,2
T2S182442_2,石井神社（三島郡）,,,小,,,三島郡,,,,37.5428861,138.6878250,"https://maps.google.com/?q=37.5428861,138.6878250",,,延喜式内社データベースの現社候補（論社）,KOKUGAKUIN_SHIKINAI,182442:2,2
T2S182442_4,石井神社（柏崎市大字北条）,,,小,,,三島郡,,,,37.3373861,138.6303583,"https://maps.google.com/?q=37.3373861,138.6303583",,,延喜式内社データベースの現社候補（論社）,KOKUGAKUIN_SHIKINAI,182442:4,2
T2S182442_1,石井神社（柏崎市西山町）,,,小,,,三島郡,,,,37.5209611,138.6586444,"https://maps.google.com/?q=37.5209611,138.6586444",,,延喜式内社データベースの現社候補（論社）,KOKUGAKUIN_SHIKINAI,182442:1,2
T2S182442_5,石井神社（柏崎市西本町）,,,小,,,三島郡,,,,37.3689583,138.5493000,"https://maps.google.com/?q=37.3689583,138.5493000",,,延喜式内社データベースの現社候補（論社）,KOKUGAKUIN_SHIKINAI,182442:5,2
T2S182442_3,石井神社（長岡市）,,,小,,,三島郡,,,,37.4888889,138.7773361,"https://maps.google.com/?q=37.4888889,138.7773361",,,延喜式内社データベースの現社候補（論社）,KOKUGAKUIN_SHIKINAI,182442:3,2
T2S181392_1,石作神社,,,小,,,丹羽郡,,,,35.3635528,136.9985806,"https://maps.google.com/?q=35.3635528,136.9985806",,,延喜式内社データベースの現社候補（論社）,KOKUGAKUIN_SHIKINAI,181392:1,2
T2S181579_1,石室神社,,,小,,,賀茂郡,,,,34.6022778,138.8456250,"https://maps.google.com/?q=34.6022778,138.8456250",,,延喜式内社データベースの現社候補（論社）,KOKUGAKUIN_SHIKINAI,181579:1,2
T2S182798_1,石宮神社,,,小,,,意宇郡,,,,35.4045194,132.9281250,"https://maps.google.com/?q=35.4045194,132.9281250",,,延喜式内社データベースの現社候補,KOKUGAKUIN_SHIKINAI,182798:1,2
T2S181485_1,石巻神社(山上社),,,小,,,八名郡,,,,34.7891556,137.4559500,"https://maps.google.com/?q=34.7891556,137.4559500",,,延喜式内社データベースの現社候補,KOKUGAKUIN_SHIKINAI,181485:1,2
T2S181485_2,石巻神社下社,,,小,,,八名郡,,,,34.7937111,137.4460222,"https://maps.google.com/?q=34.7937111,137.4460222",,,延喜式内社データベースの現社候補,KOKUGAKUIN_SHIKINAI,181485:2,2
T2S181619_2,石徳高神社(豆塚神社),,,小,,,田方郡,,,,35.0555194,138.9317306,"https://maps.google.com/?q=35.0555194,138.9317306",,,延喜式内社データベースの現社候補（論社）,KOKUGAKUIN_SHIKINAI,181619:2,2
T2S181688_1,石楯尾神社(佐野川),,,小,,,高座郡,,,,35.6564417,139.1196278,"https://maps.google.com/?q=35.6564417,139.1196278",,,延喜式内社データベースの現社候補（論社）,KOKUGAKUIN_SHIKINAI,181688:1,2
T2S181688_2,石楯尾神社(名倉権現),,,小,,,高座郡,,,,35.6143722,139.1318778,"https://maps.google.com/?q=35.6143722,139.1318778",,,延喜式内社データベースの現社候補（論社）,KOKUGAKUIN_SHIKINAI,181688:2,2
T2S181688_3,石楯尾神社(相模原市南区磯部),,,小,,,高座郡,,,,35.5084083,139.3928361,"https://maps.google.com/?q=35.5084083,139.3928361",,,延喜式内社データベースの現社候補（論社）,KOKUGAKUIN_SHIKINAI,181688:3,2
T2S182375_1,石瀬比古神社,,,小,,,鳳至郡,,,,37.4007750,137.0951278,"https://maps.google.com/?q=37.4007750,137.0951278",,,延喜式内社データベースの現社候補（論社）,KOKUGAKUIN_SHIKINAI,182375:1,2
T2S182295_1,石田神社,,,小,,,坂井郡,,,,35.9794389,136.1615750,"https://maps.google.com/?q=35.9794389,136.1615750",,,延喜式内社データベースの現社候補（論社）,KOKUGAKUIN_SHIKINAI,182295:1,2
T2S182053_1,石神山精神社,,,小,,,黒川郡,,,,38.4465417,140.8385583,"https://maps.google.com/?q=38.4465417,140.8385583",,,延喜式内社データベースの現社候補,KOKUGAKUIN_SHIKINAI,182053:1,2
T2S181812_1,石部神社（蒲生郡）,,,小,,,蒲生郡,,,,35.0715250,136.1000833,"https://maps.google.com/?q=35.0715250,136.1000833",,,延喜式内社データベースの現社候補（論社）,KOKUGAKUIN_SHIKINAI,181812:1,2
T2S181812_2,石部神社（近江八幡市）,,,小,,,蒲生郡,,,,35.1535583,136.1354361,"https://maps.google.com/?q=35.1535583,136.1354361",,,延喜式内社データベースの現社候補（論社）,KOKUGAKUIN_SHIKINAI,181812:2,2
T2S181482_2,砥鹿神社(奥宮),,,小,,,宝飫郡,,,,34.9058139,137.4214361,"https://maps.google.com/?q=34.9058139,137.4214361",,,延喜式内社データベースの現社候補,KOKUGAKUIN_SHIKINAI,181482:2,2
T2S183046_2,礒崎神社,,,小,,,賀茂郡,,,,34.9687056,134.8457000,"https://maps.google.com/?q=34.9687056,134.8457000",,,延喜式内社データベースの現社候補（論社）,KOKUGAKUIN_SHIKINAI,183046:2,2
T2S182007_1,祝神社,,,小,,,埴科郡,,,,36.5634528,138.2034028,"https://maps.google.com/?q=36.5634528,138.2034028",,,延喜式内社データベースの現社候補（論社）,KOKUGAKUIN_SHIKINAI,182007:1,2
T2S180651_1,神奈備神社,,,小,,,綴喜郡,,,,34.8105611,135.7445250,"https://maps.google.com/?q=34.8105611,135.7445250",,,延喜式内社データベースの現社候補,KOKUGAKUIN_SHIKINAI,180651:1,2
T2S181531_3,神妻神社,,,小,,,周知郡,,,,35.0688000,137.8020111,"https://maps.google.com/?q=35.0688000,137.8020111",,,延喜式内社データベースの現社候補（論社）,KOKUGAKUIN_SHIKINAI,181531:3,2
T2S181201_1,神山神社,,,小,,,多気郡,,,,34.5252139,136.5696472,"https://maps.google.com/?q=34.5252139,136.5696472",,,延喜式内社データベースの現社候補,KOKUGAKUIN_SHIKINAI,181201:1,2
T2S181203_2,神山神社に合祀,,,小,,,多気郡,,,,34.5252139,136.5696472,"https://maps.google.com/?q=34.5252139,136.5696472",,,延喜式内社データベースの現社候補,KOKUGAKUIN_SHIKINAI,181203:2,2
T2S182412_1,神度神社,,,小,,,新川郡,,,,36.7210000,137.3584139,"https://maps.google.com/?q=36.7210000,137.3584139",,,延喜式内社データベースの現社候補（論社）,KOKUGAKUIN_SHIKINAI,182412:1,2
T2S181097_1,神戸神社に合祀,,,小,,,伊賀郡,,,,34.6912639,136.1508333,"https://maps.google.com/?q=34.6912639,136.1508333",,,延喜式内社データベースの現社候補,KOKUGAKUIN_SHIKINAI,181097:1,2
T2S182464_1,神明宮,,,小,,,沼垂郡,,,,38.0282389,139.4813806,"https://maps.google.com/?q=38.0282389,139.4813806",,,延喜式内社データベースの現社候補（論社）,KOKUGAKUIN_SHIKINAI,182464:1,2
T2S181400_2,神明生田神社,,,小,,,丹羽郡,,,,35.2783139,136.8765500,"https://maps.google.com/?q=35.2783139,136.8765500",,,延喜式内社データベースの現社候補（論社）,KOKUGAKUIN_SHIKINAI,181400:2,2
T2S182270_2,神明社,,,小,,,坂井郡,,,,36.2182194,136.1454167,"https://maps.google.com/?q=36.2182194,136.1454167",,,延喜式内社データベースの現社候補（論社）,KOKUGAKUIN_SHIKINAI,182270:2,2
T2S182458_1,神明社,,,小,,,蒲原郡,,,,37.8251333,138.8783139,"https://maps.google.com/?q=37.8251333,138.8783139",,,延喜式内社データベースの現社候補（論社）,KOKUGAKUIN_SHIKINAI,182458:1,2
T2S181392_2,神明社(石作神社),,,小,,,丹羽郡,,,,35.3349972,136.8824667,"https://maps.google.com/?q=35.3349972,136.8824667",,,延喜式内社データベースの現社候補（論社）,KOKUGAKUIN_SHIKINAI,181392:2,2
T2S180864_1,神明神社,,,小,,,十市郡,,,,34.4866500,135.8646222,"https://maps.google.com/?q=34.4866500,135.8646222",,,延喜式内社データベースの現社候補（論社）,KOKUGAKUIN_SHIKINAI,180864:1,2
T2S181407_2,神明神社,,,小,,,丹羽郡,,,,35.2992056,136.8751111,"https://maps.google.com/?q=35.2992056,136.8751111",,,延喜式内社データベースの現社候補（論社）,KOKUGAKUIN_SHIKINAI,181407:2,2
T2S181412_6,神明神社,,,小,,,春部郡,,,,35.2567917,137.0226583,"https://maps.google.com/?q=35.2567917,137.0226583",,,延喜式内社データベースの現社候補（論社）,KOKUGAKUIN_SHIKINAI,181412:6,2
T2S181642_1,神明神社,,,小,,,那賀郡,,,,34.7737889,138.7904611,"https://maps.google.com/?q=34.7737889,138.7904611",,,延喜式内社データベースの現社候補（論社）,KOKUGAKUIN_SHIKINAI,181642:1,2
T2S181648_1,神明神社,,,小,,,那賀郡,,,,34.7940361,138.7608889,"https://maps.google.com/?q=34.7940361,138.7608889",,,延喜式内社データベースの現社候補（論社）,KOKUGAKUIN_SHIKINAI,181648:1,2
T2S181653_1,神明神社,,,小,,,那賀郡,,,,34.9015333,138.7823722,"https://maps.google.com/?q=34.9015333,138.7823722",,,延喜式内社データベースの現社候補（論社）,KOKUGAKUIN_SHIKINAI,181653:1,2
T2S182232_6,神明神社,,,小,,,丹生郡,,,,35.8882500,136.1570167,"https://maps.google.com/?q=35.8882500,136.1570167",,,延喜式内社データベースの現社候補（論社）,KOKUGAKUIN_SHIKINAI,182232:6,2
T2S182267_1,神明神社,,,小,,,大野郡,,,,35.9307278,136.5063028,"https://maps.google.com/?q=35.9307278,136.5063028",,,延喜式内社データベースの現社候補,KOKUGAKUIN_SHIKINAI,182267:1,2
T2S181613_3,神明神社(神明八幡神社),,,小,,,田方郡,,,,35.0172917,138.8102833,"https://maps.google.com/?q=35.0172917,138.8102833",,,延喜式内社データベースの現社候補（論社）,KOKUGAKUIN_SHIKINAI,181613:3,2
T2S182232_5,神明神社（合祀）,,,小,,,丹生郡,,,,35.8927278,136.1666833,"https://maps.google.com/?q=35.8927278,136.1666833",,,延喜式内社データベースの現社候補（論社）,KOKUGAKUIN_SHIKINAI,182232:5,2
T2S182291_2,神明神社（白山神社境内社）,,,小,,,坂井郡,,,,36.1919722,136.2457667,"https://maps.google.com/?q=36.1919722,136.2457667",,,延喜式内社データベースの現社候補（論社）,KOKUGAKUIN_SHIKINAI,182291:2,2
T2S182376_2,神杉伊豆牟比咩神社,,,小,,,鳳至郡,,,,37.2304306,136.9457028,"https://maps.google.com/?q=37.2304306,136.9457028",,,延喜式内社データベースの現社候補（論社）,KOKUGAKUIN_SHIKINAI,182376:2,2
T2S181589_3,神澤神社,,,小,,,賀茂郡,,,,34.1110917,139.4994222,"https://maps.google.com/?q=34.1110917,139.4994222",,,延喜式内社データベースの現社候補（論社）,KOKUGAKUIN_SHIKINAI,181589:3,2
T2S182335_2,神田神社,,,小,,,加賀郡,,,,36.5620167,136.6369583,"https://maps.google.com/?q=36.5620167,136.6369583",,,延喜式内社データベースの現社候補（論社）,KOKUGAKUIN_SHIKINAI,182335:2,2
T2S182330_1,神田神社（白山市）,,,小,,,石川郡,,,,36.4779056,136.5709583,"https://maps.google.com/?q=36.4779056,136.5709583",,,延喜式内社データベースの現社候補（論社）,KOKUGAKUIN_SHIKINAI,182330:1,2
T2S182330_2,神田神社（金沢市）,,,小,,,石川郡,,,,36.5620056,136.6369583,"https://maps.google.com/?q=36.5620056,136.6369583",,,延喜式内社データベースの現社候補（論社）,KOKUGAKUIN_SHIKINAI,182330:2,2
T2S182380_1,神目神社,,,小,,,鳳至郡,,,,37.3002528,137.1464639,"https://maps.google.com/?q=37.3002528,137.1464639",,,延喜式内社データベースの現社候補（論社）,KOKUGAKUIN_SHIKINAI,182380:1,2
T2S180928_2,神社址（旧社地）,,,小,,,交野郡,,,,34.8384389,135.6732167,"https://maps.google.com/?q=34.8384389,135.6732167",,,延喜式内社データベースの現社候補,KOKUGAKUIN_SHIKINAI,180928:2,2
T2S181656_1,神部神社,,,小,,,山梨郡,,,,35.7243639,138.7749306,"https://maps.google.com/?q=35.7243639,138.7749306",,,延喜式内社データベースの現社候補（論社）,KOKUGAKUIN_SHIKINAI,181656:1,2
T2S181656_2,神部神社,,,小,,,山梨郡,,,,35.6897389,138.6886167,"https://maps.google.com/?q=35.6897389,138.6886167",,,延喜式内社データベースの現社候補（論社）,KOKUGAKUIN_SHIKINAI,181656:2,2
T2S180791_1,秉田神社,,,小,,,城上郡,,,,34.5345528,135.8950611,"https://maps.google.com/?q=34.5345528,135.8950611",,,延喜式内社データベースの現社候補,KOKUGAKUIN_SHIKINAI,180791:1,2
T2S180798_2,稚桜神社（参考：履中天皇磐余稚桜宮跡）,,,小,,,城上郡,,,,34.4992500,135.8318611,"https://maps.google.com/?q=34.4992500,135.8318611",,,延喜式内社データベースの現社候補,KOKUGAKUIN_SHIKINAI,180798:2,2
T2S180821_1,稲代坐神社,,,大,,,高市郡,,,,34.4704000,135.7633861,"https://maps.google.com/?q=34.4704000,135.7633861",,,延喜式内社データベースの現社候補,KOKUGAKUIN_SHIKINAI,180821:1,2
T2S181650_1,稲宮神社・吾妻神社,,,小,,,那賀郡,,,,34.9071028,138.7917194,"https://maps.google.com/?q=34.9071028,138.7917194",,,延喜式内社データベースの現社候補（論社）,KOKUGAKUIN_SHIKINAI,181650:1,2
T2S181764_1,稲村神社(太田市天神林町),,,小,,,久慈郡,,,,36.5276722,140.5010667,"https://maps.google.com/?q=36.5276722,140.5010667",,,延喜式内社データベースの現社候補（論社）,KOKUGAKUIN_SHIKINAI,181764:1,2
T2S181574_1,稲根神社拝殿,,,小,,,賀茂郡,,,,33.8947167,139.5934361,"https://maps.google.com/?q=33.8947167,139.5934361",,,延喜式内社データベースの現社候補,KOKUGAKUIN_SHIKINAI,181574:1,2
T2S181574_2,稲根神社本殿,,,小,,,賀茂郡,,,,33.8582944,139.5938083,"https://maps.google.com/?q=33.8582944,139.5938083",,,延喜式内社データベースの現社候補,KOKUGAKUIN_SHIKINAI,181574:2,2
T2S183013_1,稲爪神社,,,小,,,明石郡,,,,34.6462361,135.0042639,"https://maps.google.com/?q=34.6462361,135.0042639",,,延喜式内社データベースの現社候補（論社）,KOKUGAKUIN_SHIKINAI,183013:1,2
T2S181511_2,稲荷神社,,,小,,,長下郡,,,,34.8110083,137.7905833,"https://maps.google.com/?q=34.8110083,137.7905833",,,延喜式内社データベースの現社候補（論社）,KOKUGAKUIN_SHIKINAI,181511:2,2
T2S181922_2,稲荷神社,,,小,,,高島郡,,,,35.3331306,136.0102722,"https://maps.google.com/?q=35.3331306,136.0102722",,,延喜式内社データベースの現社候補（論社）,KOKUGAKUIN_SHIKINAI,181922:2,2
T2S181724_4,稲荷神社？(元阿保),,,小,,,賀美郡,,,,36.2241028,139.1062528,"https://maps.google.com/?q=36.2241028,139.1062528",,,延喜式内社データベースの現社候補（論社）,KOKUGAKUIN_SHIKINAI,181724:4,2
T2S181666_1,穂見神社(中之社),,,小,,,巨麻郡,,,,35.7499972,138.4307444,"https://maps.google.com/?q=35.7499972,138.4307444",,,延喜式内社データベースの現社候補（論社）,KOKUGAKUIN_SHIKINAI,181666:1,2
T2S181975_2,穂高神社奥宮,,,名大,,,安曇郡,,,,36.2532333,137.6643500,"https://maps.google.com/?q=36.2532333,137.6643500",,,延喜式内社データベースの現社候補,KOKUGAKUIN_SHIKINAI,181975:2,2
T2S181975_1,穂高神社本宮,,,名大,,,安曇郡,,,,36.3388944,137.8842806,"https://maps.google.com/?q=36.3388944,137.8842806",,,延喜式内社データベースの現社候補,KOKUGAKUIN_SHIKINAI,181975:1,2
T2S180779_1,穴師坐兵主神社（穴師上社）,,,名大,,,城上郡,,,,34.5450500,135.8580306,"https://maps.google.com/?q=34.5450500,135.8580306",,,延喜式内社データベースの現社候補,KOKUGAKUIN_SHIKINAI,180779:1,2
T2S180797_1,穴師大兵主神社（穴師下社）,,,小,,,城上郡,,,,34.5450500,135.8580306,"https://maps.google.com/?q=34.5450500,135.8580306",,,延喜式内社データベースの現社候補,KOKUGAKUIN_SHIKINAI,180797:1,2
T2S180666_1,穴栗神社,,,小,,,添上郡,,,,34.6555694,135.8341139,"https://maps.google.com/?q=34.6555694,135.8341139",,,延喜式内社データベースの現社候補,KOKUGAKUIN_SHIKINAI,180666:1,2
T2S182382_1,穴水大宮,,,小,,,鳳至郡,,,,37.2278083,136.9068389,"https://maps.google.com/?q=37.2278083,136.9068389",,,延喜式内社データベースの現社候補（論社）,KOKUGAKUIN_SHIKINAI,182382:1,2
T2S182659_4,穴見郷戸主大生部兵主神社,,,小,,,出石郡,,,,35.5305000,134.8638194,"https://maps.google.com/?q=35.5305000,134.8638194",,,延喜式内社データベースの現社候補（論社）,KOKUGAKUIN_SHIKINAI,182659:4,2
T2S181663_1,窪八幡神社(大井俣窪八幡神社),,,小,,,山梨郡,,,,35.7050250,138.6898222,"https://maps.google.com/?q=35.7050250,138.6898222",,,延喜式内社データベースの現社候補（論社）,KOKUGAKUIN_SHIKINAI,181663:1,2
T2S183297_1,竈門神社上宮,,,名大,,,御笠郡,,,,33.5398000,130.5691222,"https://maps.google.com/?q=33.5398000,130.5691222",,,延喜式内社データベースの現社候補,KOKUGAKUIN_SHIKINAI,183297:1,2
T2S183297_3,竈門神社下宮,,,名大,,,御笠郡,,,,33.5288583,130.5522250,"https://maps.google.com/?q=33.5288583,130.5522250",,,延喜式内社データベースの現社候補,KOKUGAKUIN_SHIKINAI,183297:3,2
T2S183297_2,竈門神社中宮跡,,,名大,,,御笠郡,,,,33.5370333,130.5673222,"https://maps.google.com/?q=33.5370333,130.5673222",,,延喜式内社データベースの現社候補,KOKUGAKUIN_SHIKINAI,183297:2,2
T2S181406_2,立野天神,,,小,,,丹羽郡,,,,35.2917528,136.8731667,"https://maps.google.com/?q=35.2917528,136.8731667",,,延喜式内社データベースの現社候補（論社）,KOKUGAKUIN_SHIKINAI,181406:2,2
T2S181406_3,立野天神社,,,小,,,丹羽郡,,,,35.2890889,136.8345222,"https://maps.google.com/?q=35.2890889,136.8345222",,,延喜式内社データベースの現社候補（論社）,KOKUGAKUIN_SHIKINAI,181406:3,2
T2S181406_1,立野神社,,,小,,,丹羽郡,,,,35.3701444,136.9254139,"https://maps.google.com/?q=35.3701444,136.9254139",,,延喜式内社データベースの現社候補（論社）,KOKUGAKUIN_SHIKINAI,181406:1,2
T2S181765_2,立野神社(常陸大宮市上小瀬),,,小,,,久慈郡,,,,36.5992917,140.3213028,"https://maps.google.com/?q=36.5992917,140.3213028",,,延喜式内社データベースの現社候補（論社）,KOKUGAKUIN_SHIKINAI,181765:2,2
T2S181765_1,立野神社(水戸市谷津町),,,小,,,久慈郡,,,,36.4043639,140.3617667,"https://maps.google.com/?q=36.4043639,140.3617667",,,延喜式内社データベースの現社候補（論社）,KOKUGAKUIN_SHIKINAI,181765:1,2
T2S183084_2,竹島神社,,,小,,,児島郡,,,,34.6015278,133.9906111,"https://maps.google.com/?q=34.6015278,133.9906111",,,延喜式内社データベースの現社候補（論社）,KOKUGAKUIN_SHIKINAI,183084:2,2
T2S181758_1,竹来阿彌神社,,,小,,,信太郡,,,,36.0343278,140.2347250,"https://maps.google.com/?q=36.0343278,140.2347250",,,延喜式内社データベースの現社候補（論社）,KOKUGAKUIN_SHIKINAI,181758:1,2
T2S181817_2,竹田神社,,,小,,,蒲生郡,,,,35.0321417,136.2074194,"https://maps.google.com/?q=35.0321417,136.2074194",,,延喜式内社データベースの現社候補（論社）,KOKUGAKUIN_SHIKINAI,181817:2,2
T2S182558_1,笑原神社,,,小,,,加佐郡,,,,35.4480417,135.3235361,"https://maps.google.com/?q=35.4480417,135.3235361",,,延喜式内社データベースの現社候補（論社）,KOKUGAKUIN_SHIKINAI,182558:1,2
T2S182339_3,笠野神社,,,小,,,加賀郡,,,,36.6735250,136.7867389,"https://maps.google.com/?q=36.6735250,136.7867389",,,延喜式内社データベースの現社候補（論社）,KOKUGAKUIN_SHIKINAI,182339:3,2
T2S182342_1,笠野神社,,,小,,,加賀郡,,,,36.6929139,136.8043806,"https://maps.google.com/?q=36.6929139,136.8043806",,,延喜式内社データベースの現社候補,KOKUGAKUIN_SHIKINAI,182342:1,2
T2S183171_1,笶原神社東宮,,,小,,,三原郡,,,,34.3052139,134.7876333,"https://maps.google.com/?q=34.3052139,134.7876333",,,延喜式内社データベースの現社候補,KOKUGAKUIN_SHIKINAI,183171:1,2
T2S183171_2,笶原神社西宮,,,小,,,三原郡,,,,34.3043028,134.7855500,"https://maps.google.com/?q=34.3043028,134.7855500",,,延喜式内社データベースの現社候補,KOKUGAKUIN_SHIKINAI,183171:2,2
T2S182620_2,笹御霊神社,,,小,,,朝来郡,,,,35.2583500,134.8407417,"https://maps.google.com/?q=35.2583500,134.8407417",,,延喜式内社データベースの現社候補（論社）,KOKUGAKUIN_SHIKINAI,182620:2,2
T2S182466_2,筥堅八幡宮,,,小,,,磐船郡,,,,38.4919917,139.5156528,"https://maps.google.com/?q=38.4919917,139.5156528",,,延喜式内社データベースの現社候補（論社）,KOKUGAKUIN_SHIKINAI,182466:2,2
T2S181636_1,箕勾神社,,,小,,,那賀郡,,,,34.7614528,138.8203278,"https://maps.google.com/?q=34.7614528,138.8203278",,,延喜式内社データベースの現社候補（論社）,KOKUGAKUIN_SHIKINAI,181636:1,2
T2S182260_2,篠座神社境内磐座神社,,,小,,,大野郡,,,,35.9717250,136.4885750,"https://maps.google.com/?q=35.9717250,136.4885750",,,延喜式内社データベースの現社候補（論社）,KOKUGAKUIN_SHIKINAI,182260:2,2
T2S182541_2,篠田神社,,,小,,,何鹿郡,,,,35.3670472,135.2629333,"https://maps.google.com/?q=35.3670472,135.2629333",,,延喜式内社データベースの現社候補（論社）,KOKUGAKUIN_SHIKINAI,182541:2,2
T2S181382_1,籠守勝手神社,,,小,,,葉栗郡,,,,35.3485083,136.7867778,"https://maps.google.com/?q=35.3485083,136.7867778",,,延喜式内社データベースの現社候補（論社）,KOKUGAKUIN_SHIKINAI,181382:1,2
T2S180996_2,粟神社跡地,,,小,,,和泉郡,,,,34.4971444,135.4010417,"https://maps.google.com/?q=34.4971444,135.4010417",,,延喜式内社データベースの現社候補,KOKUGAKUIN_SHIKINAI,180996:2,2
T2S181993_2,粟野神社（長野市上野）,,,小,,,水内郡,,,,36.6900722,138.2284750,"https://maps.google.com/?q=36.6900722,138.2284750",,,延喜式内社データベースの現社候補（論社）,KOKUGAKUIN_SHIKINAI,181993:2,2
T2S181993_1,粟野神社（長野市豊野）,,,小,,,水内郡,,,,36.7064306,138.2573833,"https://maps.google.com/?q=36.7064306,138.2573833",,,延喜式内社データベースの現社候補（論社）,KOKUGAKUIN_SHIKINAI,181993:1,2
T2S181476_1,糟目春日神社,,,小,,,碧海郡,,,,35.0319000,137.1591056,"https://maps.google.com/?q=35.0319000,137.1591056",,,延喜式内社データベースの現社候補（論社）,KOKUGAKUIN_SHIKINAI,181476:1,2
T2S181476_2,糟目犬頭神社,,,小,,,碧海郡,,,,34.9271361,137.1475917,"https://maps.google.com/?q=34.9271361,137.1475917",,,延喜式内社データベースの現社候補（論社）,KOKUGAKUIN_SHIKINAI,181476:2,2
T2S182285_2,紀倍神社（坂井市坂井町）,,,小,,,坂井郡,,,,36.1662972,136.1605806,"https://maps.google.com/?q=36.1662972,136.1605806",,,延喜式内社データベースの現社候補（論社）,KOKUGAKUIN_SHIKINAI,182285:2,2
T2S182285_1,紀倍神社（坂井市春江町）,,,小,,,坂井郡,,,,36.1590861,136.1746139,"https://maps.google.com/?q=36.1590861,136.1746139",,,延喜式内社データベースの現社候補（論社）,KOKUGAKUIN_SHIKINAI,182285:1,2
T2S183105_3,素戔嗚神社,,,小,,,深津郡,,,,34.5700306,133.4035556,"https://maps.google.com/?q=34.5700306,133.4035556",,,延喜式内社データベースの現社候補（論社）,KOKUGAKUIN_SHIKINAI,183105:3,2
T2S181503_2,細江神社,,,小,,,引佐郡,,,,34.8104333,137.6529083,"https://maps.google.com/?q=34.8104333,137.6529083",,,延喜式内社データベースの現社候補（論社）,KOKUGAKUIN_SHIKINAI,181503:2,2
T2S182037_2,網戸神社,,,小,,,寒川郡,,,,36.2714667,139.7486667,"https://maps.google.com/?q=36.2714667,139.7486667",,,延喜式内社データベースの現社候補（論社）,KOKUGAKUIN_SHIKINAI,182037:2,2
T2S180577_1,綾戸国中神社（合祀）,,,小,,,乙訓郡,,,,34.9639167,135.7160056,"https://maps.google.com/?q=34.9639167,135.7160056",,,延喜式内社データベースの現社候補,KOKUGAKUIN_SHIKINAI,180577:1,2
T2S181385_3,綾衾神社,,,小,,,葉栗郡,,,,35.3751583,136.7945611,"https://maps.google.com/?q=35.3751583,136.7945611",,,延喜式内社データベースの現社候補（論社）,KOKUGAKUIN_SHIKINAI,181385:3,2
T2S182174_1,織田神社（美浜町佐田）,,,小,,,三方郡,,,,35.6247722,135.9921833,"https://maps.google.com/?q=35.6247722,135.9921833",,,延喜式内社データベースの現社候補（論社）,KOKUGAKUIN_SHIKINAI,182174:1,2
T2S182174_2,織田神社（美浜町北田）,,,小,,,三方郡,,,,35.6375028,135.9865139,"https://maps.google.com/?q=35.6375028,135.9865139",,,延喜式内社データベースの現社候補（論社）,KOKUGAKUIN_SHIKINAI,182174:2,2
T2S180885_1,美具久留御魂神社境内社,,,小,,,古市郡,,,,34.5181583,135.6014556,"https://maps.google.com/?q=34.5181583,135.6014556",,,延喜式内社データベースの現社候補,KOKUGAKUIN_SHIKINAI,180885:1,2
T2S182378_1,美麻奈比古神社,,,小,,,鳳至郡,,,,37.2370250,136.9028139,"https://maps.google.com/?q=37.2370250,136.9028139",,,延喜式内社データベースの現社候補（論社）,KOKUGAKUIN_SHIKINAI,182378:1,2
T2S180570_1,羽束師神社,,,大,,,乙訓郡,,,,34.9295389,135.7231111,"https://maps.google.com/?q=34.9295389,135.7231111",,,延喜式内社データベースの現社候補,KOKUGAKUIN_SHIKINAI,180570:1,2
T2S183214_1,羽浦神社,,,小,,,那賀郡,,,,33.9648361,134.6296417,"https://maps.google.com/?q=33.9648361,134.6296417",,,延喜式内社データベースの現社候補,KOKUGAKUIN_SHIKINAI,183214:1,2
T2S182089_3,羽黒神社,,,小,,,牡鹿郡,,,,38.8978889,141.5500306,"https://maps.google.com/?q=38.8978889,141.5500306",,,延喜式内社データベースの現社候補（論社）,KOKUGAKUIN_SHIKINAI,182089:3,2
T2S181777_4,胎安神社,,,小,,,茨城郡,,,,36.1662333,140.2607472,"https://maps.google.com/?q=36.1662333,140.2607472",,,延喜式内社データベースの現社候補（論社）,KOKUGAKUIN_SHIKINAI,181777:4,2
T2S182029_2,胸形神社,,,小,,,都賀郡,,,,36.5498278,139.7363667,"https://maps.google.com/?q=36.5498278,139.7363667",,,延喜式内社データベースの現社候補（論社）,KOKUGAKUIN_SHIKINAI,182029:2,2
T2S182037_1,胸形神社,,,小,,,寒川郡,,,,36.2783361,139.7253472,"https://maps.google.com/?q=36.2783361,139.7253472",,,延喜式内社データベースの現社候補（論社）,KOKUGAKUIN_SHIKINAI,182037:1,2
T2S182365_2,能登生國玉比古神社,,,小,,,能登郡,,,,36.9502056,136.8421000,"https://maps.google.com/?q=36.9502056,136.8421000",,,延喜式内社データベースの現社候補（論社）,KOKUGAKUIN_SHIKINAI,182365:2,2
T2S182365_1,能登生國玉比古神社(気多本宮),,,小,,,能登郡,,,,37.0375806,136.9641750,"https://maps.google.com/?q=37.0375806,136.9641750",,,延喜式内社データベースの現社候補（論社）,KOKUGAKUIN_SHIKINAI,182365:1,2
T2S182365_3,能登部神社,,,小,,,能登郡,,,,36.9692222,136.8724083,"https://maps.google.com/?q=36.9692222,136.8724083",,,延喜式内社データベースの現社候補（論社）,KOKUGAKUIN_SHIKINAI,182365:3,2
T2S181250_1,能褒野神社に合祀,,,小,,,鈴鹿郡,,,,34.8856222,136.4832472,"https://maps.google.com/?q=34.8856222,136.4832472",,,延喜式内社データベースの現社候補,KOKUGAKUIN_SHIKINAI,181250:1,2
T2S181894_1,與呂伎神社,,,小,,,高島郡,,,,35.3297333,136.0353111,"https://maps.google.com/?q=35.3297333,136.0353111",,,延喜式内社データベースの現社候補（論社）,KOKUGAKUIN_SHIKINAI,181894:1,2
T2S181641_2,舟寄神社,,,小,,,那賀郡,,,,34.7590333,138.7807472,"https://maps.google.com/?q=34.7590333,138.7807472",,,延喜式内社データベースの現社候補（論社）,KOKUGAKUIN_SHIKINAI,181641:2,2
T2S182287_2,舟橋黒龍神社,,,小,,,坂井郡,,,,36.1000250,136.2278611,"https://maps.google.com/?q=36.1000250,136.2278611",,,延喜式内社データベースの現社候補（論社）,KOKUGAKUIN_SHIKINAI,182287:2,2
T2S182232_1,舟津神社（合祀）,,,小,,,丹生郡,,,,35.9388472,136.1860472,"https://maps.google.com/?q=35.9388472,136.1860472",,,延喜式内社データベースの現社候補（論社）,KOKUGAKUIN_SHIKINAI,182232:1,2
T2S181236_1,船山神社旧跡,,,小,,,安濃郡,,,,34.7588222,136.3982056,"https://maps.google.com/?q=34.7588222,136.3982056",,,延喜式内社データベースの現社候補,KOKUGAKUIN_SHIKINAI,181236:1,2
T2S182055_3,船形山神社,,,小,,,黒川郡,,,,38.4623528,140.6799889,"https://maps.google.com/?q=38.4623528,140.6799889",,,延喜式内社データベースの現社候補（論社）,KOKUGAKUIN_SHIKINAI,182055:3,2
T2S182458_2,船江太神宮,,,小,,,蒲原郡,,,,37.9157944,139.0407250,"https://maps.google.com/?q=37.9157944,139.0407250",,,延喜式内社データベースの現社候補（論社）,KOKUGAKUIN_SHIKINAI,182458:2,2
T2S183127_2,船路八幡宮,,,小,,,佐波郡,,,,34.2475444,131.6467500,"https://maps.google.com/?q=34.2475444,131.6467500",,,延喜式内社データベースの現社候補（論社）,KOKUGAKUIN_SHIKINAI,183127:2,2
T2S182637_1,花岡神社,,,小,,,養父郡,,,,35.4219861,134.8061889,"https://maps.google.com/?q=35.4219861,134.8061889",,,延喜式内社データベースの現社候補（論社）,KOKUGAKUIN_SHIKINAI,182637:1,2
T2S182045_1,苅田嶺神社（蔵王町宮字馬場）,,,名大,,,苅田郡,,,,38.0501250,140.6528917,"https://maps.google.com/?q=38.0501250,140.6528917",,,延喜式内社データベースの現社候補（論社）,KOKUGAKUIN_SHIKINAI,182045:1,2
T2S182045_2,苅田嶺神社（蔵王町蔵王山刈田嶺）,,,名大,,,苅田郡,,,,38.1278194,140.4481056,"https://maps.google.com/?q=38.1278194,140.4481056",,,延喜式内社データベースの現社候補（論社）,KOKUGAKUIN_SHIKINAI,182045:2,2
T2S180899_1,若倭姫神社,,,小,,,大県郡,,,,34.5991472,135.6347333,"https://maps.google.com/?q=34.5991472,135.6347333",,,延喜式内社データベースの現社候補,KOKUGAKUIN_SHIKINAI,180899:1,2
T2S180898_1,若倭彦神社,,,小,,,大県郡,,,,34.5940444,135.6330250,"https://maps.google.com/?q=34.5940444,135.6330250",,,延喜式内社データベースの現社候補,KOKUGAKUIN_SHIKINAI,180898:1,2
T2S182352_2,若宮神社,,,小,,,羽咋郡,,,,37.0651111,136.7819972,"https://maps.google.com/?q=37.0651111,136.7819972",,,延喜式内社データベースの現社候補（論社）,KOKUGAKUIN_SHIKINAI,182352:2,2
T2S181610_3,若宮神社(南伊豆町湊),,,小,,,賀茂郡,,,,34.6368500,138.8926583,"https://maps.google.com/?q=34.6368500,138.8926583",,,延喜式内社データベースの現社候補（論社）,KOKUGAKUIN_SHIKINAI,181610:3,2
T2S180798_1,若桜神社,,,小,,,城上郡,,,,34.5081278,135.8465500,"https://maps.google.com/?q=34.5081278,135.8465500",,,延喜式内社データベースの現社候補,KOKUGAKUIN_SHIKINAI,180798:1,2
T2S182148_2,若狭姫神社,,,名大,,,遠敷郡,,,,35.4788694,135.7802861,"https://maps.google.com/?q=35.4788694,135.7802861",,,延喜式内社データベースの現社候補,KOKUGAKUIN_SHIKINAI,182148:2,2
T2S182403_1,草岡神社,,,小,,,射水郡,,,,36.7692306,137.1302611,"https://maps.google.com/?q=36.7692306,137.1302611",,,延喜式内社データベースの現社候補（論社）,KOKUGAKUIN_SHIKINAI,182403:1,2
T2S182389_2,荊波神社（南砺市）,,,小,,,礪波郡,,,,36.5864111,136.8760917,"https://maps.google.com/?q=36.5864111,136.8760917",,,延喜式内社データベースの現社候補（論社）,KOKUGAKUIN_SHIKINAI,182389:2,2
T2S182389_1,荊波神社（砺波市）,,,小,,,礪波郡,,,,36.6406972,137.0370278,"https://maps.google.com/?q=36.6406972,137.0370278",,,延喜式内社データベースの現社候補（論社）,KOKUGAKUIN_SHIKINAI,182389:1,2
T2S182389_3,荊波神社（高岡市）,,,小,,,礪波郡,,,,36.7352361,136.9848528,"https://maps.google.com/?q=36.7352361,136.9848528",,,延喜式内社データベースの現社候補（論社）,KOKUGAKUIN_SHIKINAI,182389:3,2
T2S182504_1,荒井神社,,,小,,,船井郡,,,,35.0969306,135.5063694,"https://maps.google.com/?q=35.0969306,135.5063694",,,延喜式内社データベースの現社候補（論社）,KOKUGAKUIN_SHIKINAI,182504:1,2
T2S182468_1,荒川神社（村上市小岩内）,,,小,,,磐船郡,,,,38.1174250,139.4844250,"https://maps.google.com/?q=38.1174250,139.4844250",,,延喜式内社データベースの現社候補（論社）,KOKUGAKUIN_SHIKINAI,182468:1,2
T2S182468_2,荒川神社（村上市荒川）,,,小,,,磐船郡,,,,38.4567611,139.6001417,"https://maps.google.com/?q=38.4567611,139.6001417",,,延喜式内社データベースの現社候補（論社）,KOKUGAKUIN_SHIKINAI,182468:2,2
T2S182468_3,荒川神社（胎内市）,,,小,,,磐船郡,,,,38.1409167,139.4075167,"https://maps.google.com/?q=38.1409167,139.4075167",,,延喜式内社データベースの現社候補（論社）,KOKUGAKUIN_SHIKINAI,182468:3,2
T2S182363_1,荒石比古神社,,,小,,,能登郡,,,,37.0683111,136.8965889,"https://maps.google.com/?q=37.0683111,136.8965889",,,延喜式内社データベースの現社候補（論社）,KOKUGAKUIN_SHIKINAI,182363:1,2
T2S182363_3,荒石神社,,,小,,,能登郡,,,,37.0995583,136.8615778,"https://maps.google.com/?q=37.0995583,136.8615778",,,延喜式内社データベースの現社候補（論社）,KOKUGAKUIN_SHIKINAI,182363:3,2
T2S181963_2,荒神社,,,小,,,大野郡,,,,36.1207250,137.2903972,"https://maps.google.com/?q=36.1207250,137.2903972",,,延喜式内社データベースの現社候補（論社）,KOKUGAKUIN_SHIKINAI,181963:2,2
T2S182060_2,荒雄河神（大崎市岩出山池月）,,,小,,,玉造郡,,,,38.7171083,140.8204639,"https://maps.google.com/?q=38.7171083,140.8204639",,,延喜式内社データベースの現社候補（論社）,KOKUGAKUIN_SHIKINAI,182060:2,2
T2S182060_1,荒雄河神（大崎市鳴子温泉）,,,小,,,玉造郡,,,,38.7931694,140.6586722,"https://maps.google.com/?q=38.7931694,140.6586722",,,延喜式内社データベースの現社候補（論社）,KOKUGAKUIN_SHIKINAI,182060:1,2
T2S181735_1,莫越山神社(南房総市宮下),,,小,,,朝夷郡,,,,35.0561722,139.9533944,"https://maps.google.com/?q=35.0561722,139.9533944",,,延喜式内社データベースの現社候補（論社）,KOKUGAKUIN_SHIKINAI,181735:1,2
T2S181735_2,莫越山神社(南房総市沓見),,,小,,,朝夷郡,,,,35.0168972,139.9540444,"https://maps.google.com/?q=35.0168972,139.9540444",,,延喜式内社データベースの現社候補（論社）,KOKUGAKUIN_SHIKINAI,181735:2,2
T2S180688_1,菅原天満宮,,,小,,,添下郡,,,,34.6856139,135.7783889,"https://maps.google.com/?q=34.6856139,135.7783889",,,延喜式内社データベースの現社候補,KOKUGAKUIN_SHIKINAI,180688:1,2
T2S182359_1,菅忍比咩神社,,,小,,,能登郡,,,,37.0910278,136.8445194,"https://maps.google.com/?q=37.0910278,136.8445194",,,延喜式内社データベースの現社候補（論社）,KOKUGAKUIN_SHIKINAI,182359:1,2
T2S183087_2,菅生天津神社,,,小,,,窪屋郡,,,,34.6215222,133.7735000,"https://maps.google.com/?q=34.6215222,133.7735000",,,延喜式内社データベースの現社候補（論社）,KOKUGAKUIN_SHIKINAI,183087:2,2
T2S181817_1,菅田神社,,,小,,,蒲生郡,,,,35.1110056,136.0819750,"https://maps.google.com/?q=35.1110056,136.0819750",,,延喜式内社データベースの現社候補（論社）,KOKUGAKUIN_SHIKINAI,181817:1,2
T2S183050_1,菅田神社,,,小,,,賀茂郡,,,,34.8775861,134.9762861,"https://maps.google.com/?q=34.8775861,134.9762861",,,延喜式内社データベースの現社候補（論社）,KOKUGAKUIN_SHIKINAI,183050:1,2
T2S180723_1,葛木倭文坐天羽雷命神社,,,大,,,葛下郡,,,,34.5308972,135.6887250,"https://maps.google.com/?q=34.5308972,135.6887250",,,延喜式内社データベースの現社候補（論社）,KOKUGAKUIN_SHIKINAI,180723:1,2
T2S180739_1,葛木坐火雷神社（笛吹神社）,,,名大,,,忍海郡,,,,34.4716389,135.7100500,"https://maps.google.com/?q=34.4716389,135.7100500",,,延喜式内社データベースの現社候補,KOKUGAKUIN_SHIKINAI,180739:1,2
T2S181618_1,葛見神社,,,小,,,田方郡,,,,34.9640667,139.0987639,"https://maps.google.com/?q=34.9640667,139.0987639",,,延喜式内社データベースの現社候補（論社）,KOKUGAKUIN_SHIKINAI,181618:1,2
T2S181157_1,葭原神社,,,小,,,度会郡,,,,34.4724778,136.7288500,"https://maps.google.com/?q=34.4724778,136.7288500",,,延喜式内社データベースの現社候補,KOKUGAKUIN_SHIKINAI,181157:1,2
T2S182448_2,蒲原神社,,,小,,,蒲原郡,,,,37.9147500,139.0701250,"https://maps.google.com/?q=37.9147500,139.0701250",,,延喜式内社データベースの現社候補（論社）,KOKUGAKUIN_SHIKINAI,182448:2,2
T2S182466_1,蒲原神社,,,小,,,磐船郡,,,,38.4961722,139.5196139,"https://maps.google.com/?q=38.4961722,139.5196139",,,延喜式内社データベースの現社候補（論社）,KOKUGAKUIN_SHIKINAI,182466:1,2
T2S181515_4,蒲神明宮,,,小,,,長上郡,,,,34.7516333,137.7504944,"https://maps.google.com/?q=34.7516333,137.7504944",,,延喜式内社データベースの現社候補（論社）,KOKUGAKUIN_SHIKINAI,181515:4,2
T2S182420_4,藤崎神社,,,小,,,頸城郡,,,,37.1168944,138.0366417,"https://maps.google.com/?q=37.1168944,138.0366417",,,延喜式内社データベースの現社候補（論社）,KOKUGAKUIN_SHIKINAI,182420:4,2
T2S182463_3,藤戸社,,,小,,,沼垂郡,,,,37.9614306,139.3806417,"https://maps.google.com/?q=37.9614306,139.3806417",,,延喜式内社データベースの現社候補（論社）,KOKUGAKUIN_SHIKINAI,182463:3,2
T2S181431_5,藤森神明社,,,小,,,山田郡,,,,35.1796528,137.0160056,"https://maps.google.com/?q=35.1796528,137.0160056",,,延喜式内社データベースの現社候補（論社）,KOKUGAKUIN_SHIKINAI,181431:5,2
T2S182589_2,藤社神社,,,小,,,丹波郡,,,,35.5770444,135.0207778,"https://maps.google.com/?q=35.5770444,135.0207778",,,延喜式内社データベースの現社候補（論社）,KOKUGAKUIN_SHIKINAI,182589:2,2
T2S183114_1,蘇羅比古神社（本村町）,,,小,,,三上郡,,,,34.8512222,133.0881972,"https://maps.google.com/?q=34.8512222,133.0881972",,,延喜式内社データベースの現社候補（論社）,KOKUGAKUIN_SHIKINAI,183114:1,2
T2S183114_2,蘇羅比古神社（高町）,,,小,,,三上郡,,,,34.8923528,133.0718500,"https://maps.google.com/?q=34.8923528,133.0718500",,,延喜式内社データベースの現社候補（論社）,KOKUGAKUIN_SHIKINAI,183114:2,2
T2S181753_2,蛟蝄神社 奥の宮 （上のは消すかも）,,,小,,,相馬郡,,,,35.8710944,140.1815889,"https://maps.google.com/?q=35.8710944,140.1815889",,,延喜式内社データベースの現社候補,KOKUGAKUIN_SHIKINAI,181753:2,2
T2S181753_1,蛟蝄神社 門の宮,,,小,,,相馬郡,,,,35.8701139,140.1743306,"https://maps.google.com/?q=35.8701139,140.1743306",,,延喜式内社データベースの現社候補,KOKUGAKUIN_SHIKINAI,181753:1,2
T2S182613_2,蛭兒神社,,,小,,,熊野郡,,,,35.6432194,134.9027972,"https://maps.google.com/?q=35.6432194,134.9027972",,,延喜式内社データベースの現社候補（論社）,KOKUGAKUIN_SHIKINAI,182613:2,2
T2S183188_1,蜂須神社,,,小,,,美馬郡,,,,33.9968028,134.0853667,"https://maps.google.com/?q=33.9968028,134.0853667",,,延喜式内社データベースの現社候補,KOKUGAKUIN_SHIKINAI,183188:1,2
T2S182104_2,表刀神社（大崎市）,,,小,,,栗原郡,,,,38.6261917,140.9992361,"https://maps.google.com/?q=38.6261917,140.9992361",,,延喜式内社データベースの現社候補（論社）,KOKUGAKUIN_SHIKINAI,182104:2,2
T2S182104_1,表刀神社（栗原市）,,,小,,,栗原郡,,,,38.7402722,140.9888667,"https://maps.google.com/?q=38.7402722,140.9888667",,,延喜式内社データベースの現社候補（論社）,KOKUGAKUIN_SHIKINAI,182104:1,2
T2S181527_1,見付天神 矢奈比賣神社,,,小,,,磐田郡,,,,34.7300000,137.8641528,"https://maps.google.com/?q=34.7300000,137.8641528",,,延喜式内社データベースの現社候補,KOKUGAKUIN_SHIKINAI,181527:1,2
T2S181591_1,見高神社,,,小,,,賀茂郡,,,,34.7533167,139.0126528,"https://maps.google.com/?q=34.7533167,139.0126528",,,延喜式内社データベースの現社候補（論社）,KOKUGAKUIN_SHIKINAI,181591:1,2
T2S180573_1,角宮神社,,,名大,,,乙訓郡,,,,34.9422444,135.6888139,"https://maps.google.com/?q=34.9422444,135.6888139",,,延喜式内社データベースの現社候補（論社）,KOKUGAKUIN_SHIKINAI,180573:1,2
T2S182089_5,計仙麻大嶋神社,,,小,,,牡鹿郡,,,,38.7481694,141.4681556,"https://maps.google.com/?q=38.7481694,141.4681556",,,延喜式内社データベースの現社候補（論社）,KOKUGAKUIN_SHIKINAI,182089:5,2
T2S181415_1,訓原神社,,,小,,,春部郡,,,,35.2459778,136.8871111,"https://maps.google.com/?q=35.2459778,136.8871111",,,延喜式内社データベースの現社候補（論社）,KOKUGAKUIN_SHIKINAI,181415:1,2
T2S180628_1,許波多神社,,,名大,,,宇治郡,,,,34.9171083,135.7939889,"https://maps.google.com/?q=34.9171083,135.7939889",,,延喜式内社データベースの現社候補,KOKUGAKUIN_SHIKINAI,180628:1,2
T2S181533_2,許禰神社,,,小,,,山名郡,,,,34.8999444,137.9441250,"https://maps.google.com/?q=34.8999444,137.9441250",,,延喜式内社データベースの現社候補（論社）,KOKUGAKUIN_SHIKINAI,181533:2,2
T2S181533_1,許禰神社(木原権現社),,,小,,,山名郡,,,,34.7439694,137.9021083,"https://maps.google.com/?q=34.7439694,137.9021083",,,延喜式内社データベースの現社候補（論社）,KOKUGAKUIN_SHIKINAI,181533:1,2
T2S182492_2,請田神社,,,小,,,桑田郡,,,,35.0155667,135.6077194,"https://maps.google.com/?q=35.0155667,135.6077194",,,延喜式内社データベースの現社候補（論社）,KOKUGAKUIN_SHIKINAI,182492:2,2
T2S181971_2,諏訪大社上社前宮,,,名大,,,諏方郡,,,,35.9911361,138.1333861,"https://maps.google.com/?q=35.9911361,138.1333861",,,延喜式内社データベースの現社候補,KOKUGAKUIN_SHIKINAI,181971:2,2
T2S181971_3,諏訪大社下社春宮,,,名大,,,諏方郡,,,,36.0818889,138.0821028,"https://maps.google.com/?q=36.0818889,138.0821028",,,延喜式内社データベースの現社候補,KOKUGAKUIN_SHIKINAI,181971:3,2
T2S181971_4,諏訪大社下社秋宮,,,名大,,,諏方郡,,,,36.0753583,138.0912389,"https://maps.google.com/?q=36.0753583,138.0912389",,,延喜式内社データベースの現社候補,KOKUGAKUIN_SHIKINAI,181971:4,2
T2S181688_5,諏訪明神(座間市),,,小,,,高座郡,,,,35.4815417,139.3968889,"https://maps.google.com/?q=35.4815417,139.3968889",,,延喜式内社データベースの現社候補（論社）,KOKUGAKUIN_SHIKINAI,181688:5,2
T2S181688_6,諏訪明神(相模原市大島),,,小,,,高座郡,,,,35.5827972,139.3066861,"https://maps.google.com/?q=35.5827972,139.3066861",,,延喜式内社データベースの現社候補（論社）,KOKUGAKUIN_SHIKINAI,181688:6,2
T2S181491_2,諏訪神社,,,名大,,,浜名郡,,,,34.6939639,137.5573000,"https://maps.google.com/?q=34.6939639,137.5573000",,,延喜式内社データベースの現社候補（論社）,KOKUGAKUIN_SHIKINAI,181491:2,2
T2S181531_2,諏訪神社,,,小,,,周知郡,,,,35.1104028,137.8630028,"https://maps.google.com/?q=35.1104028,137.8630028",,,延喜式内社データベースの現社候補（論社）,KOKUGAKUIN_SHIKINAI,181531:2,2
T2S181604_1,諏訪神社,,,小,,,賀茂郡,,,,34.6694333,138.8495861,"https://maps.google.com/?q=34.6694333,138.8495861",,,延喜式内社データベースの現社候補（論社）,KOKUGAKUIN_SHIKINAI,181604:1,2
T2S181958_2,諏訪神社,,,小,,,恵奈郡,,,,35.4578111,137.4580000,"https://maps.google.com/?q=35.4578111,137.4580000",,,延喜式内社データベースの現社候補（論社）,KOKUGAKUIN_SHIKINAI,181958:2,2
T2S182240_4,諏訪神社,,,小,,,今立郡,,,,35.8926611,136.2299028,"https://maps.google.com/?q=35.8926611,136.2299028",,,延喜式内社データベースの現社候補（論社）,KOKUGAKUIN_SHIKINAI,182240:4,2
T2S182446_3,諏訪神社,,,小,,,魚沼郡,,,,37.2003444,138.9519528,"https://maps.google.com/?q=37.2003444,138.9519528",,,延喜式内社データベースの現社候補（論社）,KOKUGAKUIN_SHIKINAI,182446:3,2
T2S182447_3,諏訪神社,,,小,,,魚沼郡,,,,37.2393722,138.9555222,"https://maps.google.com/?q=37.2393722,138.9555222",,,延喜式内社データベースの現社候補（論社）,KOKUGAKUIN_SHIKINAI,182447:3,2
T2S180687_1,論社①佐紀神社（亀畑）,,,小,,,添下郡,,,,34.6956111,135.7926028,"https://maps.google.com/?q=34.6956111,135.7926028",,,延喜式内社データベースの現社候補（論社）,KOKUGAKUIN_SHIKINAI,180687:1,2
T2S180813_1,論社①鏡作伊多神社（保津）,,,小,,,城下郡,,,,34.5568722,135.7824139,"https://maps.google.com/?q=34.5568722,135.7824139",,,延喜式内社データベースの現社候補（論社）,KOKUGAKUIN_SHIKINAI,180813:1,2
T2S180693_1,論社①龍田神社,,,小,,,平群郡,,,,34.6080389,135.7249500,"https://maps.google.com/?q=34.6080389,135.7249500",,,延喜式内社データベースの現社候補（論社）,KOKUGAKUIN_SHIKINAI,180693:1,2
T2S180687_2,論社②佐紀神社（西畑）,,,小,,,添下郡,,,,34.6959611,135.7910139,"https://maps.google.com/?q=34.6959611,135.7910139",,,延喜式内社データベースの現社候補（論社）,KOKUGAKUIN_SHIKINAI,180687:2,2
T2S180813_2,論社②鏡作伊多神社（宮古）,,,小,,,城下郡,,,,34.5585500,135.7830139,"https://maps.google.com/?q=34.5585500,135.7830139",,,延喜式内社データベースの現社候補（論社）,KOKUGAKUIN_SHIKINAI,180813:2,2
T2S180693_2,論社②龍田比古命社・龍田比売命社（龍田大社摂社）,,,小,,,平群郡,,,,34.5931083,135.6875083,"https://maps.google.com/?q=34.5931083,135.6875083",,,延喜式内社データベースの現社候補（論社）,KOKUGAKUIN_SHIKINAI,180693:2,2
T2S181652_1,諸口神社,,,小,,,那賀郡,,,,34.9767500,138.7668667,"https://maps.google.com/?q=34.9767500,138.7668667",,,延喜式内社データベースの現社候補（論社）,KOKUGAKUIN_SHIKINAI,181652:1,2
T2S182375_2,諸岡比古神社,,,小,,,鳳至郡,,,,37.2887250,136.7481583,"https://maps.google.com/?q=37.2887250,136.7481583",,,延喜式内社データベースの現社候補（論社）,KOKUGAKUIN_SHIKINAI,182375:2,2
T2S182352_1,諸岡比古神社（志賀町二所宮）,,,小,,,羽咋郡,,,,36.9858778,136.8104389,"https://maps.google.com/?q=36.9858778,136.8104389",,,延喜式内社データベースの現社候補（論社）,KOKUGAKUIN_SHIKINAI,182352:1,2
T2S182352_3,諸岡比古神社（志賀町東小室）,,,小,,,羽咋郡,,,,37.1447083,136.7461917,"https://maps.google.com/?q=37.1447083,136.7461917",,,延喜式内社データベースの現社候補（論社）,KOKUGAKUIN_SHIKINAI,182352:3,2
T2S182352_4,諸岡比古神社（輪島市）,,,小,,,羽咋郡,,,,37.2887667,136.7480722,"https://maps.google.com/?q=37.2887667,136.7480722",,,延喜式内社データベースの現社候補（論社）,KOKUGAKUIN_SHIKINAI,182352:4,2
T2S182380_2,諸橋稲荷神社,,,小,,,鳳至郡,,,,37.2199750,137.0672583,"https://maps.google.com/?q=37.2199750,137.0672583",,,延喜式内社データベースの現社候補（論社）,KOKUGAKUIN_SHIKINAI,182380:2,2
T2S181113_1,豊受大神宮（外宮）,,,大,,,度会郡,,,,34.4872194,136.7033278,"https://maps.google.com/?q=34.4872194,136.7033278",,,延喜式内社データベースの現社候補,KOKUGAKUIN_SHIKINAI,181113:1,2
T2S183212_1,豊国神社境内北隅にある小祠,,,小,,,勝浦郡,,,,34.0073500,134.5654056,"https://maps.google.com/?q=34.0073500,134.5654056",,,延喜式内社データベースの現社候補,KOKUGAKUIN_SHIKINAI,183212:1,2
T2S182102_2,貴布禰神社,,,名大,,,行方郡,,,,37.5665667,140.9896667,"https://maps.google.com/?q=37.5665667,140.9896667",,,延喜式内社データベースの現社候補（論社）,KOKUGAKUIN_SHIKINAI,182102:2,2
T2S180730_2,貴舟神社,,,小,,,葛下郡,,,,34.5647528,135.7087278,"https://maps.google.com/?q=34.5647528,135.7087278",,,延喜式内社データベースの現社候補（論社）,KOKUGAKUIN_SHIKINAI,180730:2,2
T2S181966_2,貴船神社,,,小,,,荒城郡,,,,36.2289333,137.1904278,"https://maps.google.com/?q=36.2289333,137.1904278",,,延喜式内社データベースの現社候補（論社）,KOKUGAKUIN_SHIKINAI,181966:2,2
T2S182650_1,貴船神社,,,小,,,出石郡,,,,35.4446194,134.9010333,"https://maps.google.com/?q=35.4446194,134.9010333",,,延喜式内社データベースの現社候補,KOKUGAKUIN_SHIKINAI,182650:1,2
T2S180613_2,貴船神社奥宮（旧社地）,,,名大,,,愛宕郡,,,,35.1295306,135.7649889,"https://maps.google.com/?q=35.1295306,135.7649889",,,延喜式内社データベースの現社候補,KOKUGAKUIN_SHIKINAI,180613:2,2
T2S181379_1,賀茂神社,,,小,,,葉栗郡,,,,35.3364139,136.7601278,"https://maps.google.com/?q=35.3364139,136.7601278",,,延喜式内社データベースの現社候補（論社）,KOKUGAKUIN_SHIKINAI,181379:1,2
T2S182235_2,賀茂神社,,,小,,,丹生郡,,,,36.0201139,136.1159722,"https://maps.google.com/?q=36.0201139,136.1159722",,,延喜式内社データベースの現社候補（論社）,KOKUGAKUIN_SHIKINAI,182235:2,2
T2S182609_1,賣布神社,,,小,,,熊野郡,,,,35.5988111,134.9590111,"https://maps.google.com/?q=35.5988111,134.9590111",,,延喜式内社データベースの現社候補（論社）,KOKUGAKUIN_SHIKINAI,182609:1,2
T2S181535_1,赤尾渋垂郡辺神社,,,小,,,山名郡,,,,34.7408194,137.9372861,"https://maps.google.com/?q=34.7408194,137.9372861",,,延喜式内社データベースの現社候補（論社）,KOKUGAKUIN_SHIKINAI,181535:1,2
T2S181580_1,走湯神社,,,小,,,賀茂郡,,,,34.6760611,138.9088250,"https://maps.google.com/?q=34.6760611,138.9088250",,,延喜式内社データベースの現社候補（論社）,KOKUGAKUIN_SHIKINAI,181580:1,2
T2S181998_2,越智神社（中野市）,,,小,,,高井郡,,,,36.7798111,138.3696833,"https://maps.google.com/?q=36.7798111,138.3696833",,,延喜式内社データベースの現社候補（論社）,KOKUGAKUIN_SHIKINAI,181998:2,2
T2S181998_1,越智神社（須坂市）,,,小,,,高井郡,,,,36.6405917,138.2836583,"https://maps.google.com/?q=36.6405917,138.2836583",,,延喜式内社データベースの現社候補（論社）,KOKUGAKUIN_SHIKINAI,181998:1,2
T2S182257_1,越知神社,,,小,,,足羽郡,,,,36.0517833,136.2765222,"https://maps.google.com/?q=36.0517833,136.2765222",,,延喜式内社データベースの現社候補,KOKUGAKUIN_SHIKINAI,182257:1,2
T2S181777_3,足尾神社本宮(石岡市),,,小,,,茨城郡,,,,36.2788750,140.1467167,"https://maps.google.com/?q=36.2788750,140.1467167",,,延喜式内社データベースの現社候補（論社）,KOKUGAKUIN_SHIKINAI,181777:3,2
T2S180948_1,跡部神社,,,小,,,渋川郡,,,,34.6180556,135.5787528,"https://maps.google.com/?q=34.6180556,135.5787528",,,延喜式内社データベースの現社候補,KOKUGAKUIN_SHIKINAI,180948:1,2
T2S181822_2,軽野神社（岩倉）,,,小,,,愛智郡,,,,35.1736306,136.2618028,"https://maps.google.com/?q=35.1736306,136.2618028",,,延喜式内社データベースの現社候補（論社）,KOKUGAKUIN_SHIKINAI,181822:2,2
T2S181822_1,軽野神社（蚊野）,,,小,,,愛智郡,,,,35.1681917,136.2535278,"https://maps.google.com/?q=35.1681917,136.2535278",,,延喜式内社データベースの現社候補（論社）,KOKUGAKUIN_SHIKINAI,181822:1,2
T2S183290_3,辺津宮,,,名大,,,宗像郡,,,,33.8311528,130.5143278,"https://maps.google.com/?q=33.8311528,130.5143278",,,延喜式内社データベースの現社候補,KOKUGAKUIN_SHIKINAI,183290:3,2
T2S181764_2,近津神社(下野宮),,,小,,,久慈郡,,,,36.8177278,140.3731917,"https://maps.google.com/?q=36.8177278,140.3731917",,,延喜式内社データベースの現社候補（論社）,KOKUGAKUIN_SHIKINAI,181764:2,2
T2S182399_1,速川神社（氷見市）,,,小,,,射水郡,,,,36.8536222,136.9168833,"https://maps.google.com/?q=36.8536222,136.9168833",,,延喜式内社データベースの現社候補（論社）,KOKUGAKUIN_SHIKINAI,182399:1,2
T2S182399_2,速川神社（高岡市）,,,小,,,射水郡,,,,36.7537889,136.9900722,"https://maps.google.com/?q=36.7537889,136.9900722",,,延喜式内社データベースの現社候補（論社）,KOKUGAKUIN_SHIKINAI,182399:2,2
T2S183161_3,速玉大社・鍵宮（論社）,,,小,,,牟婁郡,,,,33.7315000,135.9844472,"https://maps.google.com/?q=33.7315000,135.9844472",,,延喜式内社データベースの現社候補（論社）,KOKUGAKUIN_SHIKINAI,183161:3,2
T2S182394_1,道神社（射水市）,,,小,,,射水郡,,,,36.7527333,137.0945278,"https://maps.google.com/?q=36.7527333,137.0945278",,,延喜式内社データベースの現社候補（論社）,KOKUGAKUIN_SHIKINAI,182394:1,2
T2S182394_3,道神社（氷見市）,,,小,,,射水郡,,,,36.9422556,137.0242806,"https://maps.google.com/?q=36.9422556,137.0242806",,,延喜式内社データベースの現社候補（論社）,KOKUGAKUIN_SHIKINAI,182394:3,2
T2S182394_2,道神社（高岡市）,,,小,,,射水郡,,,,36.7779139,136.9878333,"https://maps.google.com/?q=36.7779139,136.9878333",,,延喜式内社データベースの現社候補（論社）,KOKUGAKUIN_SHIKINAI,182394:2,2
T2S181535_2,遠江国三之宮冨士浅間宮,,,小,,,山名郡,,,,34.7671222,137.9503361,"https://maps.google.com/?q=34.7671222,137.9503361",,,延喜式内社データベースの現社候補（論社）,KOKUGAKUIN_SHIKINAI,181535:2,2
T2S182141_1,遠賀神社（鶴岡市井岡）,,,小,,,田川郡,,,,38.7125194,139.7937028,"https://maps.google.com/?q=38.7125194,139.7937028",,,延喜式内社データベースの現社候補（論社）,KOKUGAKUIN_SHIKINAI,182141:1,2
T2S182141_3,遠賀神社（鶴岡市外内島）,,,小,,,田川郡,,,,38.7061806,139.8330611,"https://maps.google.com/?q=38.7061806,139.8330611",,,延喜式内社データベースの現社候補（論社）,KOKUGAKUIN_SHIKINAI,182141:3,2
T2S182141_2,遠賀神社（鶴岡市遠賀原）,,,小,,,田川郡,,,,38.7096250,139.8379944,"https://maps.google.com/?q=38.7096250,139.8379944",,,延喜式内社データベースの現社候補（論社）,KOKUGAKUIN_SHIKINAI,182141:2,2
T2S181250_2,那久志里神社古社地,,,小,,,鈴鹿郡,,,,34.8835000,136.4872556,"https://maps.google.com/?q=34.8835000,136.4872556",,,延喜式内社データベースの現社候補,KOKUGAKUIN_SHIKINAI,181250:2,2
T2S182337_1,郡家神社（金沢市吉原町）,,,小,,,加賀郡,,,,36.6109639,136.6925444,"https://maps.google.com/?q=36.6109639,136.6925444",,,延喜式内社データベースの現社候補（論社）,KOKUGAKUIN_SHIKINAI,182337:1,2
T2S182337_3,郡家神社（金沢市鈴見町）,,,小,,,加賀郡,,,,36.5598556,136.6856694,"https://maps.google.com/?q=36.5598556,136.6856694",,,延喜式内社データベースの現社候補（論社）,KOKUGAKUIN_SHIKINAI,182337:3,2
T2S181646_1,部田神社,,,小,,,那賀郡,,,,34.9707861,138.7917667,"https://maps.google.com/?q=34.9707861,138.7917667",,,延喜式内社データベースの現社候補（論社）,KOKUGAKUIN_SHIKINAI,181646:1,2
T2S182038_2,都都古別神社（棚倉町大字八槻）,,,名大,,,白河郡,,,,36.9944056,140.3923528,"https://maps.google.com/?q=36.9944056,140.3923528",,,延喜式内社データベースの現社候補（論社）,KOKUGAKUIN_SHIKINAI,182038:2,2
T2S182038_1,都都古別神社（棚倉町馬場）,,,名大,,,白河郡,,,,37.0321972,140.3760722,"https://maps.google.com/?q=37.0321972,140.3760722",,,延喜式内社データベースの現社候補（論社）,KOKUGAKUIN_SHIKINAI,182038:1,2
T2S182434_2,都野神社（与板町）,,,小,,,古志郡,,,,37.5372722,138.8071917,"https://maps.google.com/?q=37.5372722,138.8071917",,,延喜式内社データベースの現社候補（論社）,KOKUGAKUIN_SHIKINAI,182434:2,2
T2S182434_3,都野神社（芹川町）,,,小,,,古志郡,,,,37.4929389,138.8242972,"https://maps.google.com/?q=37.4929389,138.8242972",,,延喜式内社データベースの現社候補（論社）,KOKUGAKUIN_SHIKINAI,182434:3,2
T2S183142_2,都麻津姫神社（和歌山市平尾）,,,名大,,,名草郡,,,,34.2082250,135.2473083,"https://maps.google.com/?q=34.2082250,135.2473083",,,延喜式内社データベースの現社候補,KOKUGAKUIN_SHIKINAI,183142:2,2
T2S183142_1,都麻都姫神社（和歌山市吉礼）,,,名大,,,名草郡,,,,34.2050306,135.2351778,"https://maps.google.com/?q=34.2050306,135.2351778",,,延喜式内社データベースの現社候補,KOKUGAKUIN_SHIKINAI,183142:1,2
T2S182230_3,酒列神社,,,小,,,丹生郡,,,,35.9018750,136.0499694,"https://maps.google.com/?q=35.9018750,136.0499694",,,延喜式内社データベースの現社候補（論社）,KOKUGAKUIN_SHIKINAI,182230:3,2
T2S180966_1,酒屋神社（屯倉神社境内社）,,,小,,,丹比郡,,,,34.5889639,135.5554389,"https://maps.google.com/?q=34.5889639,135.5554389",,,延喜式内社データベースの現社候補,KOKUGAKUIN_SHIKINAI,180966:1,2
T2S181904_2,酒波神社,,,小,,,高島郡,,,,35.4618917,136.0279222,"https://maps.google.com/?q=35.4618917,136.0279222",,,延喜式内社データベースの現社候補（論社）,KOKUGAKUIN_SHIKINAI,181904:2,2
T2S180587_1,酒解神社,,,名大,,,乙訓郡,,,,34.9016861,135.6787639,"https://maps.google.com/?q=34.9016861,135.6787639",,,延喜式内社データベースの現社候補,KOKUGAKUIN_SHIKINAI,180587:1,2
T2S182214_2,野坂神社合祀織田神社,,,小,,,敦賀郡,,,,35.6186861,136.0323222,"https://maps.google.com/?q=35.6186861,136.0323222",,,延喜式内社データベースの現社候補（論社）,KOKUGAKUIN_SHIKINAI,182214:2,2
T2S181727_4,野巻椋神社,,,小,,,秩父郡,,,,36.0654417,139.0679083,"https://maps.google.com/?q=36.0654417,139.0679083",,,延喜式内社データベースの現社候補（論社）,KOKUGAKUIN_SHIKINAI,181727:4,2
T2S181636_2,野本神社(大神宮),,,小,,,那賀郡,,,,34.7577472,138.8229972,"https://maps.google.com/?q=34.7577472,138.8229972",,,延喜式内社データベースの現社候補（論社）,KOKUGAKUIN_SHIKINAI,181636:2,2
T2S183027_2,野桑神社,,,小,,,赤穂郡,,,,34.9050250,134.3908333,"https://maps.google.com/?q=34.9050250,134.3908333",,,延喜式内社データベースの現社候補（論社）,KOKUGAKUIN_SHIKINAI,183027:2,2
T2S181355_1,野見神社,,,小,,,中島郡,,,,35.3158000,136.7830111,"https://maps.google.com/?q=35.3158000,136.7830111",,,延喜式内社データベースの現社候補（論社）,KOKUGAKUIN_SHIKINAI,181355:1,2
T2S181462_1,野見神社,,,小,,,賀茂郡,,,,35.0636361,137.1832917,"https://maps.google.com/?q=35.0636361,137.1832917",,,延喜式内社データベースの現社候補（論社）,KOKUGAKUIN_SHIKINAI,181462:1,2
T2S181462_2,野見神社,,,小,,,賀茂郡,,,,35.1912667,137.3630528,"https://maps.google.com/?q=35.1912667,137.3630528",,,延喜式内社データベースの現社候補（論社）,KOKUGAKUIN_SHIKINAI,181462:2,2
T2S182332_2,野間神社（金沢市小坂町）,,,小,,,加賀郡,,,,36.5901389,136.6794111,"https://maps.google.com/?q=36.5901389,136.6794111",,,延喜式内社データベースの現社候補（論社）,KOKUGAKUIN_SHIKINAI,182332:2,2
T2S182332_1,野間神社（金沢市玉鉾町）,,,小,,,加賀郡,,,,36.5698139,136.6247861,"https://maps.google.com/?q=36.5698139,136.6247861",,,延喜式内社データベースの現社候補（論社）,KOKUGAKUIN_SHIKINAI,182332:1,2
T2S180894_1,金山媛神社,,,小,,,大県郡,,,,34.5856111,135.6633167,"https://maps.google.com/?q=34.5856111,135.6633167",,,延喜式内社データベースの現社候補,KOKUGAKUIN_SHIKINAI,180894:1,2
T2S180893_1,金山彦神社,,,小,,,大県郡,,,,34.5773167,135.6597528,"https://maps.google.com/?q=34.5773167,135.6597528",,,延喜式内社データベースの現社候補,KOKUGAKUIN_SHIKINAI,180893:1,2
T2S182339_2,金山彦神社,,,小,,,加賀郡,,,,36.6263361,136.6449278,"https://maps.google.com/?q=36.6263361,136.6449278",,,延喜式内社データベースの現社候補（論社）,KOKUGAKUIN_SHIKINAI,182339:2,2
T2S181660_3,金桜神社,,,小,,,山梨郡,,,,35.6684500,138.6881139,"https://maps.google.com/?q=35.6684500,138.6881139",,,延喜式内社データベースの現社候補（論社）,KOKUGAKUIN_SHIKINAI,181660:3,2
T2S181660_4,金桜神社,,,小,,,山梨郡,,,,35.6903861,138.6632222,"https://maps.google.com/?q=35.6903861,138.6632222",,,延喜式内社データベースの現社候補（論社）,KOKUGAKUIN_SHIKINAI,181660:4,2
T2S181660_2,金櫻神社,,,小,,,山梨郡,,,,35.7777361,138.6946250,"https://maps.google.com/?q=35.7777361,138.6946250",,,延喜式内社データベースの現社候補（論社）,KOKUGAKUIN_SHIKINAI,181660:2,2
T2S181890_4,鉛練比古神社境外社(奥宮),,,小,,,伊香郡,,,,35.5508667,136.2138083,"https://maps.google.com/?q=35.5508667,136.2138083",,,延喜式内社データベースの現社候補（論社）,KOKUGAKUIN_SHIKINAI,181890:4,2
T2S180799_1,鍋倉神社,,,小,,,城上郡,,,,34.5345917,135.9094389,"https://maps.google.com/?q=34.5345917,135.9094389",,,延喜式内社データベースの現社候補,KOKUGAKUIN_SHIKINAI,180799:1,2
T2S181615_1,鍬戸神社,,,小,,,田方郡,,,,35.0927139,138.9159361,"https://maps.google.com/?q=35.0927139,138.9159361",,,延喜式内社データベースの現社候補（論社）,KOKUGAKUIN_SHIKINAI,181615:1,2
T2S180895_1,鐸比古鐸比売神社,,,小,,,大県郡,,,,34.5898028,135.6342167,"https://maps.google.com/?q=34.5898028,135.6342167",,,延喜式内社データベースの現社候補,KOKUGAKUIN_SHIKINAI,180895:1,2
T2S181312_2,長倉神社に合祀,,,小,,,朝明郡,,,,35.0172583,136.6322917,"https://maps.google.com/?q=35.0172583,136.6322917",,,延喜式内社データベースの現社候補,KOKUGAKUIN_SHIKINAI,181312:2,2
T2S181815_1,長寸神社,,,小,,,蒲生郡,,,,35.0421389,136.2655917,"https://maps.google.com/?q=35.0421389,136.2655917",,,延喜式内社データベースの現社候補（論社）,KOKUGAKUIN_SHIKINAI,181815:1,2
T2S181832_3,長岡神社,,,小,,,坂田郡,,,,35.3610000,136.3712778,"https://maps.google.com/?q=35.3610000,136.3712778",,,延喜式内社データベースの現社候補（論社）,KOKUGAKUIN_SHIKINAI,181832:3,2
T2S182229_1,長岡神社,,,小,,,丹生郡,,,,35.9328139,136.1222806,"https://maps.google.com/?q=35.9328139,136.1222806",,,延喜式内社データベースの現社候補（論社）,KOKUGAKUIN_SHIKINAI,182229:1,2
T2S182387_1,長岡神社,,,小,,,礪波郡,,,,36.6756250,136.9283611,"https://maps.google.com/?q=36.6756250,136.9283611",,,延喜式内社データベースの現社候補（論社）,KOKUGAKUIN_SHIKINAI,182387:1,2
T2S180937_2,長柄神社跡地碑,,,小,,,若江郡,,,,34.6264306,135.6037333,"https://maps.google.com/?q=34.6264306,135.6037333",,,延喜式内社データベースの現社候補,KOKUGAKUIN_SHIKINAI,180937:2,2
T2S182455_2,長瀬神社（加茂市大字上条）,,,小,,,蒲原郡,,,,37.6565361,139.0733333,"https://maps.google.com/?q=37.6565361,139.0733333",,,延喜式内社データベースの現社候補（論社）,KOKUGAKUIN_SHIKINAI,182455:2,2
T2S182455_1,長瀬神社（加茂市大字宮寄）,,,小,,,蒲原郡,,,,37.5819000,139.1354667,"https://maps.google.com/?q=37.5819000,139.1354667",,,延喜式内社データベースの現社候補（論社）,KOKUGAKUIN_SHIKINAI,182455:1,2
T2S180938_2,長田神社,,,小,,,若江郡,,,,34.6763250,135.5902833,"https://maps.google.com/?q=34.6763250,135.5902833",,,延喜式内社データベースの現社候補（論社）,KOKUGAKUIN_SHIKINAI,180938:2,2
T2S180785_1,長谷山口坐神社,,,大,,,城上郡,,,,34.5298111,135.9058333,"https://maps.google.com/?q=34.5298111,135.9058333",,,延喜式内社データベースの現社候補,KOKUGAKUIN_SHIKINAI,180785:1,2
T2S181981_1,長谷神社上社,,,小,,,更級郡,,,,36.5483333,138.0989028,"https://maps.google.com/?q=36.5483333,138.0989028",,,延喜式内社データベースの現社候補,KOKUGAKUIN_SHIKINAI,181981:1,2
T2S181981_2,長谷神社下社,,,小,,,更級郡,,,,36.5473611,138.0999389,"https://maps.google.com/?q=36.5473611,138.0999389",,,延喜式内社データベースの現社候補,KOKUGAKUIN_SHIKINAI,181981:2,2
T2S181508_1,長野神社,,,小,,,長下郡,,,,34.8117056,137.8171639,"https://maps.google.com/?q=34.8117056,137.8171639",,,延喜式内社データベースの現社候補（論社）,KOKUGAKUIN_SHIKINAI,181508:1,2
T2S181628_1,関八州総鎮護伊豆山神社,,,小,,,田方郡,,,,35.1157000,139.0824778,"https://maps.google.com/?q=35.1157000,139.0824778",,,延喜式内社データベースの現社候補（論社）,KOKUGAKUIN_SHIKINAI,181628:1,2
T2S182420_6,關山神社（上越市）,,,小,,,頸城郡,,,,36.9338889,138.2134917,"https://maps.google.com/?q=36.9338889,138.2134917",,,延喜式内社データベースの現社候補（論社）,KOKUGAKUIN_SHIKINAI,182420:6,2
T2S180929_1,阪合神社,,,小,,,若江郡,,,,34.6261306,135.6144167,"https://maps.google.com/?q=34.6261306,135.6144167",,,延喜式内社データベースの現社候補,KOKUGAKUIN_SHIKINAI,180929:1,2
T2S181723_3,阿保神社(元阿保),,,小,,,賀美郡,,,,36.2264500,139.1002667,"https://maps.google.com/?q=36.2264500,139.1002667",,,延喜式内社データベースの現社候補（論社）,KOKUGAKUIN_SHIKINAI,181723:3,2
T2S181893_1,阿志都彌神社（今津町）,,,小,,,高島郡,,,,35.4065694,136.0260722,"https://maps.google.com/?q=35.4065694,136.0260722",,,延喜式内社データベースの現社候補（論社）,KOKUGAKUIN_SHIKINAI,181893:1,2
T2S181893_2,阿志都彌神社（安曇川町）,,,小,,,高島郡,,,,35.3293806,136.0510278,"https://maps.google.com/?q=35.3293806,136.0510278",,,延喜式内社データベースの現社候補（論社）,KOKUGAKUIN_SHIKINAI,181893:2,2
T2S181970_1,阿智神社前宮,,,小,,,伊那郡,,,,35.4573444,137.7164944,"https://maps.google.com/?q=35.4573444,137.7164944",,,延喜式内社データベースの現社候補,KOKUGAKUIN_SHIKINAI,181970:1,2
T2S181970_2,阿智神社奥宮,,,小,,,伊那郡,,,,35.4639361,137.7040139,"https://maps.google.com/?q=35.4639361,137.7040139",,,延喜式内社データベースの現社候補,KOKUGAKUIN_SHIKINAI,181970:2,2
T2S182660_2,阿牟加神社,,,小,,,出石郡,,,,35.5215528,134.8743250,"https://maps.google.com/?q=35.5215528,134.8743250",,,延喜式内社データベースの現社候補（論社）,KOKUGAKUIN_SHIKINAI,182660:2,2
T2S182573_1,阿知江□部神社,,,小,,,与謝郡,,,,35.5254000,135.0709778,"https://maps.google.com/?q=35.5254000,135.0709778",,,延喜式内社データベースの現社候補（論社）,KOKUGAKUIN_SHIKINAI,182573:1,2
T2S181974_1,阿禮神社前宮,,,小,,,筑摩郡,,,,36.1056222,137.9729306,"https://maps.google.com/?q=36.1056222,137.9729306",,,延喜式内社データベースの現社候補,KOKUGAKUIN_SHIKINAI,181974:1,2
T2S181974_2,阿禮神社奥宮,,,小,,,筑摩郡,,,,36.1044944,137.9949722,"https://maps.google.com/?q=36.1044944,137.9949722",,,延喜式内社データベースの現社候補,KOKUGAKUIN_SHIKINAI,181974:2,2
T2S182557_1,阿良須神社（福知山市）,,,小,,,加佐郡,,,,35.3954056,135.1711139,"https://maps.google.com/?q=35.3954056,135.1711139",,,延喜式内社データベースの現社候補（論社）,KOKUGAKUIN_SHIKINAI,182557:1,2
T2S182557_2,阿良須神社（舞鶴市）,,,小,,,加佐郡,,,,35.4804361,135.4307306,"https://maps.google.com/?q=35.4804361,135.4307306",,,延喜式内社データベースの現社候補（論社）,KOKUGAKUIN_SHIKINAI,182557:2,2
T2S183320_2,阿蘇山上神社,,,名大,,,阿蘇郡,,,,32.8800306,131.0755222,"https://maps.google.com/?q=32.8800306,131.0755222",,,延喜式内社データベースの現社候補,KOKUGAKUIN_SHIKINAI,183320:2,2
T2S181575_1,阿豆佐和気命神社,,,小,,,賀茂郡,,,,34.5296333,139.2769833,"https://maps.google.com/?q=34.5296333,139.2769833",,,延喜式内社データベースの現社候補,KOKUGAKUIN_SHIKINAI,181575:1,2
T2S182541_1,阿須須岐神社,,,小,,,何鹿郡,,,,35.3896444,135.2511472,"https://maps.google.com/?q=35.3896444,135.2511472",,,延喜式内社データベースの現社候補（論社）,KOKUGAKUIN_SHIKINAI,182541:1,2
T2S180978_1,陶荒田神社,,,小,,,大鳥郡,,,,34.5104222,135.5225306,"https://maps.google.com/?q=34.5104222,135.5225306",,,延喜式内社データベースの現社候補,KOKUGAKUIN_SHIKINAI,180978:1,2
T2S182051_2,陸奥總社宮,,,小,,,宮城郡,,,,38.3109917,140.9933194,"https://maps.google.com/?q=38.3109917,140.9933194",,,延喜式内社データベースの現社候補（論社）,KOKUGAKUIN_SHIKINAI,182051:2,2
T2S182130_2,隠津島神社（二本松市）,,,小,,,安積郡,,,,37.6193306,140.5720111,"https://maps.google.com/?q=37.6193306,140.5720111",,,延喜式内社データベースの現社候補（論社）,KOKUGAKUIN_SHIKINAI,182130:2,2
T2S182130_1,隠津島神社（郡山市喜久田町）,,,小,,,安積郡,,,,37.4566222,140.3327639,"https://maps.google.com/?q=37.4566222,140.3327639",,,延喜式内社データベースの現社候補（論社）,KOKUGAKUIN_SHIKINAI,182130:1,2
T2S182130_3,隠津島神社（郡山市湖南町）,,,小,,,安積郡,,,,37.3348000,140.0826333,"https://maps.google.com/?q=37.3348000,140.0826333",,,延喜式内社データベースの現社候補（論社）,KOKUGAKUIN_SHIKINAI,182130:3,2
T2S180569_1,隼神社,,,大,,,左京四条,,,,35.0034306,135.7440750,"https://maps.google.com/?q=35.0034306,135.7440750",,,延喜式内社データベースの現社候補,KOKUGAKUIN_SHIKINAI,180569:1,2
T2S180569_2,隼神社旧蹟,,,大,,,左京四条,,,,35.0060444,135.7443611,"https://maps.google.com/?q=35.0060444,135.7443611",,,延喜式内社データベースの現社候補,KOKUGAKUIN_SHIKINAI,180569:2,2
T2S182418_2,雄山神社中宮祈願殿,,,小,,,新川郡,,,,36.5832500,137.3926028,"https://maps.google.com/?q=36.5832500,137.3926028",,,延喜式内社データベースの現社候補,KOKUGAKUIN_SHIKINAI,182418:2,2
T2S182418_3,雄山神社前立社壇,,,小,,,新川郡,,,,36.6075361,137.3148694,"https://maps.google.com/?q=36.6075361,137.3148694",,,延喜式内社データベースの現社候補,KOKUGAKUIN_SHIKINAI,182418:3,2
T2S182418_1,雄山神社峰本社,,,小,,,新川郡,,,,36.5732028,137.6179139,"https://maps.google.com/?q=36.5732028,137.6179139",,,延喜式内社データベースの現社候補,KOKUGAKUIN_SHIKINAI,182418:1,2
T2S182417_2,雄山神社（合祀）,,,小,,,新川郡,,,,36.5832500,137.3926028,"https://maps.google.com/?q=36.5832500,137.3926028",,,延喜式内社データベースの現社候補（論社）,KOKUGAKUIN_SHIKINAI,182417:2,2
T2S182391_1,雄神神社,,,小,,,礪波郡,,,,36.5915000,136.9970583,"https://maps.google.com/?q=36.5915000,136.9970583",,,延喜式内社データベースの現社候補,KOKUGAKUIN_SHIKINAI,182391:1,2
T2S182106_1,雄鋭神社,,,小,,,栗原郡,,,,38.8321222,140.9470167,"https://maps.google.com/?q=38.8321222,140.9470167",,,延喜式内社データベースの現社候補（論社）,KOKUGAKUIN_SHIKINAI,182106:1,2
T2S181536_1,雨櫻神社,,,小,,,佐野郡,,,,34.8171806,137.9815583,"https://maps.google.com/?q=34.8171806,137.9815583",,,延喜式内社データベースの現社候補（論社）,KOKUGAKUIN_SHIKINAI,181536:1,2
T2S183200_1,雨降神社,,,小,,,名方郡,,,,34.0963194,134.4990500,"https://maps.google.com/?q=34.0963194,134.4990500",,,延喜式内社データベースの現社候補,KOKUGAKUIN_SHIKINAI,183200:1,2
T2S181593_1,雲見浅間神社御嶽浅間宮,,,小,,,賀茂郡,,,,34.7255250,138.7402972,"https://maps.google.com/?q=34.7255250,138.7402972",,,延喜式内社データベースの現社候補（論社）,KOKUGAKUIN_SHIKINAI,181593:1,2
T2S181521_1,雷三柱神社(淡海国玉神社境内社),,,小,,,磐田郡,,,,34.7257778,137.8580778,"https://maps.google.com/?q=34.7257778,137.8580778",,,延喜式内社データベースの現社候補（論社）,KOKUGAKUIN_SHIKINAI,181521:1,2
T2S182235_1,雷神社,,,小,,,丹生郡,,,,35.8895500,136.1322056,"https://maps.google.com/?q=35.8895500,136.1322056",,,延喜式内社データベースの現社候補（論社）,KOKUGAKUIN_SHIKINAI,182235:1,2
T2S182620_3,青倉神社,,,小,,,朝来郡,,,,35.2521583,134.8672611,"https://maps.google.com/?q=35.2521583,134.8672611",,,延喜式内社データベースの現社候補（論社）,KOKUGAKUIN_SHIKINAI,182620:3,2
T2S183027_1,鞍居神社,,,小,,,赤穂郡,,,,34.9167833,134.4207694,"https://maps.google.com/?q=34.9167833,134.4207694",,,延喜式内社データベースの現社候補（論社）,KOKUGAKUIN_SHIKINAI,183027:1,2
T2S182685_1,韓國神社,,,小,,,城崎郡,,,,35.6087694,134.8333333,"https://maps.google.com/?q=35.6087694,134.8333333",,,延喜式内社データベースの現社候補,KOKUGAKUIN_SHIKINAI,182685:1,2
T2S181045_1,須久久神社,,,小,,,島下郡,,,,34.8416500,135.5335917,"https://maps.google.com/?q=34.8416500,135.5335917",,,延喜式内社データベースの現社候補,KOKUGAKUIN_SHIKINAI,181045:1,2
T2S182052_1,須岐神社,,,小,,,黒川郡,,,,38.4838444,140.9160139,"https://maps.google.com/?q=38.4838444,140.9160139",,,延喜式内社データベースの現社候補（論社）,KOKUGAKUIN_SHIKINAI,182052:1,2
T2S180611_1,須波神社（賀茂別雷神社境内末社）,,,小,,,愛宕郡,,,,35.0600639,135.7530361,"https://maps.google.com/?q=35.0600639,135.7530361",,,延喜式内社データベースの現社候補,KOKUGAKUIN_SHIKINAI,180611:1,2
T2S182240_2,須波阿津疑神社,,,小,,,今立郡,,,,35.9213361,136.2789167,"https://maps.google.com/?q=35.9213361,136.2789167",,,延喜式内社データベースの現社候補（論社）,KOKUGAKUIN_SHIKINAI,182240:2,2
T2S182240_1,須波阿湏疑神社,,,小,,,今立郡,,,,35.8862139,136.3458667,"https://maps.google.com/?q=35.8862139,136.3458667",,,延喜式内社データベースの現社候補（論社）,KOKUGAKUIN_SHIKINAI,182240:1,2
T2S182573_2,須津彦神社,,,小,,,与謝郡,,,,35.5482472,135.1560028,"https://maps.google.com/?q=35.5482472,135.1560028",,,延喜式内社データベースの現社候補（論社）,KOKUGAKUIN_SHIKINAI,182573:2,2
T2S182007_2,須須岐水神社境内祝神社,,,小,,,埴科郡,,,,36.5391111,138.1263500,"https://maps.google.com/?q=36.5391111,138.1263500",,,延喜式内社データベースの現社候補（論社）,KOKUGAKUIN_SHIKINAI,182007:2,2
T2S182383_3,須須神社奥宮,,,小,,,珠洲郡,,,,37.5115972,137.3300167,"https://maps.google.com/?q=37.5115972,137.3300167",,,延喜式内社データベースの現社候補,KOKUGAKUIN_SHIKINAI,182383:3,2
T2S182383_2,須須神社金分宮,,,小,,,珠洲郡,,,,37.4957028,137.3446139,"https://maps.google.com/?q=37.4957028,137.3446139",,,延喜式内社データベースの現社候補,KOKUGAKUIN_SHIKINAI,182383:2,2
T2S182383_1,須須神社高座宮,,,小,,,珠洲郡,,,,37.4984333,137.3462361,"https://maps.google.com/?q=37.4984333,137.3462361",,,延喜式内社データベースの現社候補,KOKUGAKUIN_SHIKINAI,182383:1,2
T2S181985_1,頤氣神社（長野市小島田町）,,,小,,,更級郡,,,,36.5940083,138.1905417,"https://maps.google.com/?q=36.5940083,138.1905417",,,延喜式内社データベースの現社候補（論社）,KOKUGAKUIN_SHIKINAI,181985:1,2
T2S181985_2,頤氣神社（長野市松代町）,,,小,,,更級郡,,,,36.5747861,138.1957861,"https://maps.google.com/?q=36.5747861,138.1957861",,,延喜式内社データベースの現社候補（論社）,KOKUGAKUIN_SHIKINAI,181985:2,2
T2S182265_1,風速神社,,,小,,,大野郡,,,,36.0127139,136.4852167,"https://maps.google.com/?q=36.0127139,136.4852167",,,延喜式内社データベースの現社候補（論社）,KOKUGAKUIN_SHIKINAI,182265:1,2
T2S182139_3,飛澤神社,,,小,,,飽海郡,,,,38.9717056,139.9497556,"https://maps.google.com/?q=38.9717056,139.9497556",,,延喜式内社データベースの現社候補（論社）,KOKUGAKUIN_SHIKINAI,182139:3,2
T2S181515_5,飯田稲荷神社,,,小,,,長上郡,,,,34.7052444,137.7717694,"https://maps.google.com/?q=34.7052444,137.7717694",,,延喜式内社データベースの現社候補（論社）,KOKUGAKUIN_SHIKINAI,181515:5,2
T2S181995_1,飯縄神社奥宮,,,小,,,水内郡,,,,36.7362722,138.1306194,"https://maps.google.com/?q=36.7362722,138.1306194",,,延喜式内社データベースの現社候補,KOKUGAKUIN_SHIKINAI,181995:1,2
T2S181995_2,飯縄神社里宮,,,小,,,水内郡,,,,36.6807889,138.1685639,"https://maps.google.com/?q=36.6807889,138.1685639",,,延喜式内社データベースの現社候補,KOKUGAKUIN_SHIKINAI,181995:2,2
T2S181800_1,飯道神社（信楽町）,,,小,,,甲賀郡,,,,34.9400889,136.1034056,"https://maps.google.com/?q=34.9400889,136.1034056",,,延喜式内社データベースの現社候補（論社）,KOKUGAKUIN_SHIKINAI,181800:1,2
T2S181800_2,飯道神社（甲西町）,,,小,,,甲賀郡,,,,34.9955333,136.0798861,"https://maps.google.com/?q=34.9955333,136.0798861",,,延喜式内社データベースの現社候補（論社）,KOKUGAKUIN_SHIKINAI,181800:2,2
T2S182090_2,飯野山神社（外吉野戸場柄）,,,小,,,桃生郡,,,,38.5332750,141.2977750,"https://maps.google.com/?q=38.5332750,141.2977750",,,延喜式内社データベースの現社候補（論社）,KOKUGAKUIN_SHIKINAI,182090:2,2
T2S182090_1,飯野山神社（宮下北）,,,小,,,桃生郡,,,,38.5327583,141.2882889,"https://maps.google.com/?q=38.5327583,141.2882889",,,延喜式内社データベースの現社候補（論社）,KOKUGAKUIN_SHIKINAI,182090:1,2
T2S181834_3,香取五神社,,,小,,,浅井郡,,,,35.5271528,136.1666833,"https://maps.google.com/?q=35.5271528,136.1666833",,,延喜式内社データベースの現社候補（論社）,KOKUGAKUIN_SHIKINAI,181834:3,2
T2S182109_2,香取御児神社,,,小,,,栗原郡,,,,38.7377250,141.0118639,"https://maps.google.com/?q=38.7377250,141.0118639",,,延喜式内社データベースの現社候補（論社）,KOKUGAKUIN_SHIKINAI,182109:2,2
T2S181834_2,香取神社,,,小,,,浅井郡,,,,35.5269944,136.1563778,"https://maps.google.com/?q=35.5269944,136.1563778",,,延喜式内社データベースの現社候補（論社）,KOKUGAKUIN_SHIKINAI,181834:2,2
T2S181531_4,馬背神社,,,小,,,周知郡,,,,35.0831500,137.7960222,"https://maps.google.com/?q=35.0831500,137.7960222",,,延喜式内社データベースの現社候補（論社）,KOKUGAKUIN_SHIKINAI,181531:4,2
T2S181818_1,馬見岡神社,,,小,,,蒲生郡,,,,35.1034500,136.1221611,"https://maps.google.com/?q=35.1034500,136.1221611",,,延喜式内社データベースの現社候補（論社）,KOKUGAKUIN_SHIKINAI,181818:1,2
T2S180719_1,駒形大重神社,,,小,,,葛上郡,,,,34.4547806,135.7108194,"https://maps.google.com/?q=34.4547806,135.7108194",,,延喜式内社データベースの現社候補,KOKUGAKUIN_SHIKINAI,180719:1,2
T2S182107_2,駒形根神社嶽宮,,,小,,,栗原郡,,,,38.9609778,140.7885833,"https://maps.google.com/?q=38.9609778,140.7885833",,,延喜式内社データベースの現社候補,KOKUGAKUIN_SHIKINAI,182107:2,2
T2S182107_1,駒形根神社里宮,,,小,,,栗原郡,,,,38.8718222,140.9448111,"https://maps.google.com/?q=38.8718222,140.9448111",,,延喜式内社データベースの現社候補,KOKUGAKUIN_SHIKINAI,182107:1,2
T2S182518_1,高倉神社（丹波市山南町）,,,小,,,氷上郡,,,,35.0692500,135.0505833,"https://maps.google.com/?q=35.0692500,135.0505833",,,延喜式内社データベースの現社候補（論社）,KOKUGAKUIN_SHIKINAI,182518:1,2
T2S182518_2,高倉神社（丹波市青垣町）,,,小,,,氷上郡,,,,35.2352361,135.0352111,"https://maps.google.com/?q=35.2352361,135.0352111",,,延喜式内社データベースの現社候補（論社）,KOKUGAKUIN_SHIKINAI,182518:2,2
T2S180800_1,高屋安倍神社（若桜神社境内）,,,名大,,,城上郡,,,,34.5081278,135.8465500,"https://maps.google.com/?q=34.5081278,135.8465500",,,延喜式内社データベースの現社候補,KOKUGAKUIN_SHIKINAI,180800:1,2
T2S183237_3,高屋神社（下宮）,,,小,,,苅田郡,,,,34.1523583,133.6498722,"https://maps.google.com/?q=34.1523583,133.6498722",,,延喜式内社データベースの現社候補,KOKUGAKUIN_SHIKINAI,183237:3,2
T2S183237_2,高屋神社（中宮）,,,小,,,苅田郡,,,,34.1556583,133.6511139,"https://maps.google.com/?q=34.1556583,133.6511139",,,延喜式内社データベースの現社候補,KOKUGAKUIN_SHIKINAI,183237:2,2
T2S180886_2,高屋神社（再建）,,,小,,,古市郡,,,,34.5446167,135.6090917,"https://maps.google.com/?q=34.5446167,135.6090917",,,延喜式内社データベースの現社候補,KOKUGAKUIN_SHIKINAI,180886:2,2
T2S183237_1,高屋神社（本宮）,,,小,,,苅田郡,,,,34.1607444,133.6549056,"https://maps.google.com/?q=34.1607444,133.6549056",,,延喜式内社データベースの現社候補,KOKUGAKUIN_SHIKINAI,183237:1,2
T2S181280_2,高岡神社,,,小,,,河曲郡,,,,34.9056556,136.5933139,"https://maps.google.com/?q=34.9056556,136.5933139",,,延喜式内社データベースの現社候補,KOKUGAKUIN_SHIKINAI,181280:2,2
T2S182210_1,高岡神社,,,小,,,敦賀郡,,,,35.6173889,136.0468500,"https://maps.google.com/?q=35.6173889,136.0468500",,,延喜式内社データベースの現社候補（論社）,KOKUGAKUIN_SHIKINAI,182210:1,2
T2S183046_1,高峯神社,,,小,,,賀茂郡,,,,34.9584111,134.8094333,"https://maps.google.com/?q=34.9584111,134.8094333",,,延喜式内社データベースの現社候補（論社）,KOKUGAKUIN_SHIKINAI,183046:1,2
T2S182434_1,高彦根神社,,,小,,,古志郡,,,,37.4261667,138.8410111,"https://maps.google.com/?q=37.4261667,138.8410111",,,延喜式内社データベースの現社候補（論社）,KOKUGAKUIN_SHIKINAI,182434:1,2
T2S183118_1,高杉町,,,小,,,三谿郡,,,,34.7773333,132.8991806,"https://maps.google.com/?q=34.7773333,132.8991806",,,延喜式内社データベースの現社候補（論社）,KOKUGAKUIN_SHIKINAI,183118:1,2
T2S182002_2,高杜神社中社,,,小,,,高井郡,,,,36.7869611,138.3702944,"https://maps.google.com/?q=36.7869611,138.3702944",,,延喜式内社データベースの現社候補,KOKUGAKUIN_SHIKINAI,182002:2,2
T2S182002_3,高杜神社奥社,,,小,,,高井郡,,,,36.7992861,138.4034028,"https://maps.google.com/?q=36.7992861,138.4034028",,,延喜式内社データベースの現社候補,KOKUGAKUIN_SHIKINAI,182002:3,2
T2S182002_1,高杜神社里社,,,小,,,高井郡,,,,36.7879528,138.3631111,"https://maps.google.com/?q=36.7879528,138.3631111",,,延喜式内社データベースの現社候補,KOKUGAKUIN_SHIKINAI,182002:1,2
T2S181505_1,高根神社,,,小,,,麁玉郡,,,,34.8362528,137.7770750,"https://maps.google.com/?q=34.8362528,137.7770750",,,延喜式内社データベースの現社候補（論社）,KOKUGAKUIN_SHIKINAI,181505:1,2
T2S181616_1,高橋神社,,,小,,,田方郡,,,,35.0928861,138.9158722,"https://maps.google.com/?q=35.0928861,138.9158722",,,延喜式内社データベースの現社候補（論社）,KOKUGAKUIN_SHIKINAI,181616:1,2
T2S181137_1,高河原神社,,,小,,,度会郡,,,,34.4930361,136.7061972,"https://maps.google.com/?q=34.4930361,136.7061972",,,延喜式内社データベースの現社候補,KOKUGAKUIN_SHIKINAI,181137:1,2
T2S181420_1,高牟神社,,,小,,,春部郡,,,,35.2075611,136.9389528,"https://maps.google.com/?q=35.2075611,136.9389528",,,延喜式内社データベースの現社候補（論社）,KOKUGAKUIN_SHIKINAI,181420:1,2
T2S183288_1,高知座神社,,,小,,,幡多郡,,,,32.9511778,132.8001139,"https://maps.google.com/?q=32.9511778,132.8001139",,,延喜式内社データベースの現社候補,KOKUGAKUIN_SHIKINAI,183288:1,2
T2S182002_4,高社神社,,,小,,,高井郡,,,,36.6662139,138.3565972,"https://maps.google.com/?q=36.6662139,138.3565972",,,延喜式内社データベースの現社候補（論社）,KOKUGAKUIN_SHIKINAI,182002:4,2
T2S180767_1,高角神社,,,小,,,宇陀郡,,,,34.4701333,135.9411556,"https://maps.google.com/?q=34.4701333,135.9411556",,,延喜式内社データベースの現社候補,KOKUGAKUIN_SHIKINAI,180767:1,2
T2S183061_2,高野本郷：高野神社,,,小,,,苫東郡,,,,35.0774667,134.0522000,"https://maps.google.com/?q=35.0774667,134.0522000",,,延喜式内社データベースの現社候補（論社）,KOKUGAKUIN_SHIKINAI,183061:2,2
T2S180756_1,高鉾神社,,,小,,,吉野郡,,,,34.4146889,135.8917000,"https://maps.google.com/?q=34.4146889,135.8917000",,,延喜式内社データベースの現社候補,KOKUGAKUIN_SHIKINAI,180756:1,2
T2S182403_3,高階社,,,小,,,射水郡,,,,36.9226472,136.9225333,"https://maps.google.com/?q=36.9226472,136.9225333",,,延喜式内社データベースの現社候補（論社）,KOKUGAKUIN_SHIKINAI,182403:3,2
T2S183112_1,高龗神社,,,小,,,葦田郡,,,,34.6192444,133.2753667,"https://maps.google.com/?q=34.6192444,133.2753667",,,延喜式内社データベースの現社候補（論社）,KOKUGAKUIN_SHIKINAI,183112:1,2
T2S181729_1,髙城神社,,,小,,,大里郡,,,,36.1456056,139.3872444,"https://maps.google.com/?q=36.1456056,139.3872444",,,延喜式内社データベースの現社候補（論社）,KOKUGAKUIN_SHIKINAI,181729:1,2
T2S182445_4,魚沼神社,,,小,,,魚沼郡,,,,36.9325139,138.8201694,"https://maps.google.com/?q=36.9325139,138.8201694",,,延喜式内社データベースの現社候補（論社）,KOKUGAKUIN_SHIKINAI,182445:4,2
T2S182443_2,魚沼神社（南魚沼郡）,,,小,,,魚沼郡,,,,36.9323778,138.8203056,"https://maps.google.com/?q=36.9323778,138.8203056",,,延喜式内社データベースの現社候補（論社）,KOKUGAKUIN_SHIKINAI,182443:2,2
T2S182443_1,魚沼神社（小千谷市）,,,小,,,魚沼郡,,,,37.3050306,138.7876306,"https://maps.google.com/?q=37.3050306,138.7876306",,,延喜式内社データベースの現社候補（論社）,KOKUGAKUIN_SHIKINAI,182443:1,2
T2S181635_1,鮑玉白珠比咩命神社,,,小,,,田方郡,,,,35.0233278,138.8751972,"https://maps.google.com/?q=35.0233278,138.8751972",,,延喜式内社データベースの現社候補（論社）,KOKUGAKUIN_SHIKINAI,181635:1,2
T2S182359_2,鰀目嶽神社,,,小,,,能登郡,,,,37.1517667,137.0511861,"https://maps.google.com/?q=37.1517667,137.0511861",,,延喜式内社データベースの現社候補（論社）,KOKUGAKUIN_SHIKINAI,182359:2,2
T2S182085_2,鳥屋神社,,,小,,,牡鹿郡,,,,38.4316000,141.3027361,"https://maps.google.com/?q=38.4316000,141.3027361",,,延喜式内社データベースの現社候補（論社）,KOKUGAKUIN_SHIKINAI,182085:2,2
T2S182138_1,鳥海山大物忌神社,,,名大,,,飽海郡,,,,39.0977333,140.0487083,"https://maps.google.com/?q=39.0977333,140.0487083",,,延喜式内社データベースの現社候補,KOKUGAKUIN_SHIKINAI,182138:1,2
T2S182138_3,鳥海山大物忌神社蕨岡口之宮,,,名大,,,飽海郡,,,,38.9968750,139.9439000,"https://maps.google.com/?q=38.9968750,139.9439000",,,延喜式内社データベースの現社候補,KOKUGAKUIN_SHIKINAI,182138:3,2
T2S182534_3,鴨神社,,,小,,,氷上郡,,,,35.1999722,135.1293694,"https://maps.google.com/?q=35.1999722,135.1293694",,,延喜式内社データベースの現社候補（論社）,KOKUGAKUIN_SHIKINAI,182534:3,2
T2S180710_1,鴨都波神社（下鴨神社）,,,名大,,,葛上郡,,,,34.4604667,135.7328417,"https://maps.google.com/?q=34.4604667,135.7328417",,,延喜式内社データベースの現社候補,KOKUGAKUIN_SHIKINAI,180710:1,2
T2S182439_1,鵜川神社・山宮（柏崎市高柳町）,,,小,,,三島郡,,,,37.2259194,138.5940111,"https://maps.google.com/?q=37.2259194,138.5940111",,,延喜式内社データベースの現社候補（論社）,KOKUGAKUIN_SHIKINAI,182439:1,2
T2S182439_4,鵜川神社（柏崎市大字新道）,,,小,,,三島郡,,,,37.3258722,138.5654556,"https://maps.google.com/?q=37.3258722,138.5654556",,,延喜式内社データベースの現社候補（論社）,KOKUGAKUIN_SHIKINAI,182439:4,2
T2S182439_5,鵜川神社（柏崎市大字野田）,,,小,,,三島郡,,,,37.2794028,138.5622444,"https://maps.google.com/?q=37.2794028,138.5622444",,,延喜式内社データベースの現社候補（論社）,KOKUGAKUIN_SHIKINAI,182439:5,2
T2S182439_3,鵜川神社（柏崎市宮場町）,,,小,,,三島郡,,,,37.3560972,138.5529917,"https://maps.google.com/?q=37.3560972,138.5529917",,,延喜式内社データベースの現社候補（論社）,KOKUGAKUIN_SHIKINAI,182439:3,2
T2S182290_1,鵜森神社,,,小,,,坂井郡,,,,36.1930750,136.1573083,"https://maps.google.com/?q=36.1930750,136.1573083",,,延喜式内社データベースの現社候補（論社）,KOKUGAKUIN_SHIKINAI,182290:1,2
T2S182244_2,鵜甘神社（今立郡池田町）,,,小,,,今立郡,,,,35.8913583,136.3672806,"https://maps.google.com/?q=35.8913583,136.3672806",,,延喜式内社データベースの現社候補（論社）,KOKUGAKUIN_SHIKINAI,182244:2,2
T2S182244_5,鵜甘神社（南条郡南越前町）,,,小,,,今立郡,,,,35.8239528,136.2153222,"https://maps.google.com/?q=35.8239528,136.2153222",,,延喜式内社データベースの現社候補（論社）,KOKUGAKUIN_SHIKINAI,182244:5,2
T2S182244_3,鵜甘神社（荒樫神社境内）,,,小,,,今立郡,,,,35.9164139,136.2304250,"https://maps.google.com/?q=35.9164139,136.2304250",,,延喜式内社データベースの現社候補（論社）,KOKUGAKUIN_SHIKINAI,182244:3,2
T2S182244_1,鵜甘神社（越前市入谷町）,,,小,,,今立郡,,,,35.8785417,136.2839361,"https://maps.google.com/?q=35.8785417,136.2839361",,,延喜式内社データベースの現社候補（論社）,KOKUGAKUIN_SHIKINAI,182244:1,2
T2S182244_4,鵜甘神社（越前市片屋町）,,,小,,,今立郡,,,,35.9208722,136.1426000,"https://maps.google.com/?q=35.9208722,136.1426000",,,延喜式内社データベースの現社候補（論社）,KOKUGAKUIN_SHIKINAI,182244:4,2
T2S183381_1,鶏知住吉神社,,,名大,,,下県郡,,,,34.2688194,129.3151889,"https://maps.google.com/?q=34.2688194,129.3151889",,,延喜式内社データベースの現社候補,KOKUGAKUIN_SHIKINAI,183381:1,2
T2S182052_2,鶴ケ峯八幡宮境内鳴上賀茂明神宮,,,小,,,黒川郡,,,,38.4235694,140.8567083,"https://maps.google.com/?q=38.4235694,140.8567083",,,延喜式内社データベースの現社候補（論社）,KOKUGAKUIN_SHIKINAI,182052:2,2
T2S181373_1,鹽江神社,,,小,,,中島郡,,,,35.2451833,136.7578528,"https://maps.google.com/?q=35.2451833,136.7578528",,,延喜式内社データベースの現社候補（論社）,KOKUGAKUIN_SHIKINAI,181373:1,2
T2S181834_1,鹽津神社,,,小,,,浅井郡,,,,35.5159250,136.1685222,"https://maps.google.com/?q=35.5159250,136.1685222",,,延喜式内社データベースの現社候補,KOKUGAKUIN_SHIKINAI,181834:1,2
T2S182053_2,鹿島天足別神社,,,小,,,黒川郡,,,,38.3674806,140.9271972,"https://maps.google.com/?q=38.3674806,140.9271972",,,延喜式内社データベースの現社候補（論社）,KOKUGAKUIN_SHIKINAI,182053:2,2
T2S182062_2,鹿島天足和気神社,,,小,,,曰理郡,,,,38.0422278,140.8434500,"https://maps.google.com/?q=38.0422278,140.8434500",,,延喜式内社データベースの現社候補（論社）,KOKUGAKUIN_SHIKINAI,182062:2,2
T2S180730_1,鹿島神社,,,小,,,葛下郡,,,,34.5426694,135.7040833,"https://maps.google.com/?q=34.5426694,135.7040833",,,延喜式内社データベースの現社候補（論社）,KOKUGAKUIN_SHIKINAI,180730:1,2
T2S181762_2,鹿島神社(春友町),,,小,,,久慈郡,,,,36.5948667,140.5426833,"https://maps.google.com/?q=36.5948667,140.5426833",,,延喜式内社データベースの現社候補（論社）,KOKUGAKUIN_SHIKINAI,181762:2,2
T2S182066_4,鹿島神社（伊達郡国見町）,,,小,,,信夫郡,,,,37.8780111,140.5463833,"https://maps.google.com/?q=37.8780111,140.5463833",,,延喜式内社データベースの現社候補（論社）,KOKUGAKUIN_SHIKINAI,182066:4,2
T2S182066_2,鹿島神社（福島市小田）,,,小,,,信夫郡,,,,37.7071528,140.4347944,"https://maps.google.com/?q=37.7071528,140.4347944",,,延喜式内社データベースの現社候補（論社）,KOKUGAKUIN_SHIKINAI,182066:2,2
T2S182066_3,鹿島神社（福島市岡島）,,,小,,,信夫郡,,,,37.7831278,140.5107222,"https://maps.google.com/?q=37.7831278,140.5107222",,,延喜式内社データベースの現社候補（論社）,KOKUGAKUIN_SHIKINAI,182066:3,2
T2S182066_1,鹿島神社（福島市鳥谷野）,,,小,,,信夫郡,,,,37.7343250,140.4678167,"https://maps.google.com/?q=37.7343250,140.4678167",,,延喜式内社データベースの現社候補（論社）,KOKUGAKUIN_SHIKINAI,182066:1,2
T2S182062_1,鹿島緒名太神社,,,小,,,曰理郡,,,,38.0758444,140.8278556,"https://maps.google.com/?q=38.0758444,140.8278556",,,延喜式内社データベースの現社候補（論社）,KOKUGAKUIN_SHIKINAI,182062:1,2
T2S182100_1,鹿嶋御子神社,,,小,,,行方郡,,,,37.7029167,140.9668500,"https://maps.google.com/?q=37.7029167,140.9668500",,,延喜式内社データベースの現社候補,KOKUGAKUIN_SHIKINAI,182100:1,2
T2S182100_2,鹿嶋御子神社古社地,,,小,,,行方郡,,,,37.7014917,140.9672722,"https://maps.google.com/?q=37.7014917,140.9672722",,,延喜式内社データベースの現社候補,KOKUGAKUIN_SHIKINAI,182100:2,2
T2S181840_3,鹿嶋神社,,,小,,,浅井郡,,,,35.4430778,136.2699917,"https://maps.google.com/?q=35.4430778,136.2699917",,,延喜式内社データベースの現社候補（論社）,KOKUGAKUIN_SHIKINAI,181840:3,2
T2S182412_2,鹿嶋神社,,,小,,,新川郡,,,,36.9723444,137.5876750,"https://maps.google.com/?q=36.9723444,137.5876750",,,延喜式内社データベースの現社候補（論社）,KOKUGAKUIN_SHIKINAI,182412:2,2
T2S182093_3,鹿石神社,,,小,,,桃生郡,,,,38.4018361,141.1816306,"https://maps.google.com/?q=38.4018361,141.1816306",,,延喜式内社データベースの現社候補（論社）,KOKUGAKUIN_SHIKINAI,182093:3,2
T2S183298_1,麻氐良布神社 （下宮）,,,小,,,上座郡,,,,33.3750222,130.7697139,"https://maps.google.com/?q=33.3750222,130.7697139",,,延喜式内社データベースの現社候補,KOKUGAKUIN_SHIKINAI,183298:1,2
T2S183298_2,麻氐良布神社 （奥宮）,,,小,,,上座郡,,,,33.3776028,130.7690500,"https://maps.google.com/?q=33.3776028,130.7690500",,,延喜式内社データベースの現社候補,KOKUGAKUIN_SHIKINAI,183298:2,2
T2S182230_2,麻気神社（丹生郡）,,,小,,,丹生郡,,,,36.0129778,136.0662389,"https://maps.google.com/?q=36.0129778,136.0662389",,,延喜式内社データベースの現社候補（論社）,KOKUGAKUIN_SHIKINAI,182230:2,2
T2S182230_1,麻気神社（南条郡）,,,小,,,丹生郡,,,,35.8385667,136.2168389,"https://maps.google.com/?q=35.8385667,136.2168389",,,延喜式内社データベースの現社候補（論社）,KOKUGAKUIN_SHIKINAI,182230:1,2
T2S181361_2,黒岩 石刀神社,,,小,,,中島郡,,,,35.3520611,136.8346194,"https://maps.google.com/?q=35.3520611,136.8346194",,,延喜式内社データベースの現社候補（論社）,KOKUGAKUIN_SHIKINAI,181361:2,2
T2S182067_1,黒沼神社（福島市御山堂殿）,,,小,,,信夫郡,,,,37.7677222,140.4688083,"https://maps.google.com/?q=37.7677222,140.4688083",,,延喜式内社データベースの現社候補（論社）,KOKUGAKUIN_SHIKINAI,182067:1,2
T2S182067_3,黒沼神社（福島市松川町浅川）,,,小,,,信夫郡,,,,37.6838861,140.4700472,"https://maps.google.com/?q=37.6838861,140.4700472",,,延喜式内社データベースの現社候補（論社）,KOKUGAKUIN_SHIKINAI,182067:3,2
T2S182067_2,黒沼神社（福島市松川町金沢）,,,小,,,信夫郡,,,,37.6702083,140.4812222,"https://maps.google.com/?q=37.6702083,140.4812222",,,延喜式内社データベースの現社候補（論社）,KOKUGAKUIN_SHIKINAI,182067:2,2
T2S182287_3,黒龍神社（白山神社境内）,,,小,,,坂井郡,,,,36.1056917,136.2226444,"https://maps.google.com/?q=36.1056917,136.2226444",,,延喜式内社データベースの現社候補（論社）,KOKUGAKUIN_SHIKINAI,182287:3,2
T2S182093_4,龍口神社内石神社,,,小,,,桃生郡,,,,38.5288528,141.1807306,"https://maps.google.com/?q=38.5288528,141.1807306",,,延喜式内社データベースの現社候補（論社）,KOKUGAKUIN_SHIKINAI,182093:4,2
T2S182093_5,龍口神社内石神社古社地,,,小,,,桃生郡,,,,38.5215583,141.1806250,"https://maps.google.com/?q=38.5215583,141.1806250",,,延喜式内社データベースの現社候補（論社）,KOKUGAKUIN_SHIKINAI,182093:5,2
T2S180775_1,龍穴神社,,,小,,,宇陀郡,,,,34.5348917,136.0471611,"https://maps.google.com/?q=34.5348917,136.0471611",,,延喜式内社データベースの現社候補,KOKUGAKUIN_SHIKINAI,180775:1,2
T2S183110_2,（1の旧社地？）,,,小,,,品治郡,,,,34.6280778,133.3012167,"https://maps.google.com/?q=34.6280778,133.3012167",,,延喜式内社データベースの現社候補,KOKUGAKUIN_SHIKINAI,183110:2,2
T2S181809_1,（上社）己爾乃神社,,,小,,,野洲郡,,,,35.0936861,135.9702778,"https://maps.google.com/?q=35.0936861,135.9702778",,,延喜式内社データベースの現社候補,KOKUGAKUIN_SHIKINAI,181809:1,2
T2S182439_2,（上記神社里宮）黒姫神社（柏崎市高柳町）,,,小,,,三島郡,,,,37.2273167,138.6390972,"https://maps.google.com/?q=37.2273167,138.6390972",,,延喜式内社データベースの現社候補,KOKUGAKUIN_SHIKINAI,182439:2,2
T2S181809_2,（下社）己爾乃神社,,,小,,,野洲郡,,,,35.0948833,135.9656361,"https://maps.google.com/?q=35.0948833,135.9656361",,,延喜式内社データベースの現社候補,KOKUGAKUIN_SHIKINAI,181809:2,2
T2S183059_1,（二宮神社）,,,小,,,大庭郡,,,,35.1825611,133.7508472,"https://maps.google.com/?q=35.1825611,133.7508472",,,延喜式内社データベースの現社候補,KOKUGAKUIN_SHIKINAI,183059:1,2
T2S181053_2,（伊射奈岐神社〈吹田市佐井寺〉）,,,大,,,島下郡,,,,34.7839806,135.5183722,"https://maps.google.com/?q=34.7839806,135.5183722",,,延喜式内社データベースの現社候補,KOKUGAKUIN_SHIKINAI,181053:2,2
T2S181053_1,（伊射奈岐神社〈吹田市山田東〉,,,大,,,島下郡,,,,34.7963917,135.5298472,"https://maps.google.com/?q=34.7963917,135.5298472",,,延喜式内社データベースの現社候補,KOKUGAKUIN_SHIKINAI,181053:1,2
T2S182159_1,（伝合祀先）山口神社,,,小,,,遠敷郡,,,,35.3991500,135.4816222,"https://maps.google.com/?q=35.3991500,135.4816222",,,延喜式内社データベースの現社候補,KOKUGAKUIN_SHIKINAI,182159:1,2
T2S181197_1,（伝承地A）國之御神社跡,,,小,,,多気郡,,,,34.5747639,136.6354389,"https://maps.google.com/?q=34.5747639,136.6354389",,,延喜式内社データベースの現社候補,KOKUGAKUIN_SHIKINAI,181197:1,2
T2S181197_3,（伝承地C）相鹿上神社,,,小,,,多気郡,,,,34.5043139,136.5417222,"https://maps.google.com/?q=34.5043139,136.5417222",,,延喜式内社データベースの現社候補,KOKUGAKUIN_SHIKINAI,181197:3,2
T2S182608_2,（参考）丸田神社（久美浜町関家ノ上）,,,小,,,熊野郡,,,,35.6204750,134.9529917,"https://maps.google.com/?q=35.6204750,134.9529917",,,延喜式内社データベースの現社候補,KOKUGAKUIN_SHIKINAI,182608:2,2
T2S182301_2,（参考）亀島神社,,,小,,,坂井郡,,,,36.1253167,136.0511083,"https://maps.google.com/?q=36.1253167,136.0511083",,,延喜式内社データベースの現社候補,KOKUGAKUIN_SHIKINAI,182301:2,2
T2S182191_1,（参考）八幡神社,,,小,,,敦賀郡,,,,36.0735667,136.0284472,"https://maps.google.com/?q=36.0735667,136.0284472",,,延喜式内社データベースの現社候補,KOKUGAKUIN_SHIKINAI,182191:1,2
T2S182248_1,（参考）八幡神社,,,小,,,足羽郡,,,,36.0010333,136.4119750,"https://maps.google.com/?q=36.0010333,136.4119750",,,延喜式内社データベースの現社候補,KOKUGAKUIN_SHIKINAI,182248:1,2
T2S182252_1,（参考）八幡神社,,,小,,,足羽郡,,,,36.0981667,136.3134278,"https://maps.google.com/?q=36.0981667,136.3134278",,,延喜式内社データベースの現社候補,KOKUGAKUIN_SHIKINAI,182252:1,2
T2S182299_1,（参考）八幡神社,,,小,,,坂井郡,,,,36.1423389,136.2755444,"https://maps.google.com/?q=36.1423389,136.2755444",,,延喜式内社データベースの現社候補,KOKUGAKUIN_SHIKINAI,182299:1,2
T2S182640_2,（参考）八幡神社,,,小,,,養父郡,,,,35.3559472,134.8706278,"https://maps.google.com/?q=35.3559472,134.8706278",,,延喜式内社データベースの現社候補,KOKUGAKUIN_SHIKINAI,182640:2,2
T2S182301_1,（参考）天満神社,,,小,,,坂井郡,,,,36.1206556,136.0583667,"https://maps.google.com/?q=36.1206556,136.0583667",,,延喜式内社データベースの現社候補,KOKUGAKUIN_SHIKINAI,182301:1,2
T2S182187_1,（参考）天神社,,,小,,,三方郡,,,,35.5366361,135.8889778,"https://maps.google.com/?q=35.5366361,135.8889778",,,延喜式内社データベースの現社候補,KOKUGAKUIN_SHIKINAI,182187:1,2
T2S182345_2,（参考）寺家遺跡,,,名大,,,羽咋郡,,,,36.9203056,136.7740111,"https://maps.google.com/?q=36.9203056,136.7740111",,,延喜式内社データベースの現社候補,KOKUGAKUIN_SHIKINAI,182345:2,2
T2S182183_1,（参考）川中神社,,,小,,,三方郡,,,,35.5811444,135.9070028,"https://maps.google.com/?q=35.5811444,135.9070028",,,延喜式内社データベースの現社候補,KOKUGAKUIN_SHIKINAI,182183:1,2
T2S182387_3,（参考）川田八幡宮,,,小,,,礪波郡,,,,36.6689611,136.9251278,"https://maps.google.com/?q=36.6689611,136.9251278",,,延喜式内社データベースの現社候補,KOKUGAKUIN_SHIKINAI,182387:3,2
T2S180610_1,（参考）愛宕社（賀茂御祖神社境内末社）,,,小,,,愛宕郡,,,,35.0391333,135.7714750,"https://maps.google.com/?q=35.0391333,135.7714750",,,延喜式内社データベースの現社候補,KOKUGAKUIN_SHIKINAI,180610:1,2
T2S182205_2,（参考）春日神社,,,小,,,敦賀郡,,,,35.9444778,136.1674444,"https://maps.google.com/?q=35.9444778,136.1674444",,,延喜式内社データベースの現社候補,KOKUGAKUIN_SHIKINAI,182205:2,2
T2S182553_2,（参考）松尾寺院青葉山権現,,,小,,,加佐郡,,,,35.4974361,135.4693139,"https://maps.google.com/?q=35.4974361,135.4693139",,,延喜式内社データベースの現社候補,KOKUGAKUIN_SHIKINAI,182553:2,2
T2S182205_1,（参考）気比神社境内社山神神社,,,小,,,敦賀郡,,,,35.6060444,136.1452083,"https://maps.google.com/?q=35.6060444,136.1452083",,,延喜式内社データベースの現社候補,KOKUGAKUIN_SHIKINAI,182205:1,2
T2S182418_4,（参考）熊野神社,,,小,,,新川郡,,,,36.6051556,137.3267333,"https://maps.google.com/?q=36.6051556,137.3267333",,,延喜式内社データベースの現社候補,KOKUGAKUIN_SHIKINAI,182418:4,2
T2S182215_1,（参考）石田神社,,,小,,,敦賀郡,,,,35.9794389,136.1615889,"https://maps.google.com/?q=35.9794389,136.1615889",,,延喜式内社データベースの現社候補,KOKUGAKUIN_SHIKINAI,182215:1,2
T2S182311_2,（参考）神明宮（市ノ瀬神社に合祀）,,,小,,,江沼郡,,,,36.2948889,136.3634917,"https://maps.google.com/?q=36.2948889,136.3634917",,,延喜式内社データベースの現社候補,KOKUGAKUIN_SHIKINAI,182311:2,2
T2S182248_3,（参考）神明社境内土宮,,,小,,,足羽郡,,,,35.9711056,136.1825250,"https://maps.google.com/?q=35.9711056,136.1825250",,,延喜式内社データベースの現社候補,KOKUGAKUIN_SHIKINAI,182248:3,2
T2S182387_2,（参考）糸岡神社,,,小,,,礪波郡,,,,36.6816056,136.9160111,"https://maps.google.com/?q=36.6816056,136.9160111",,,延喜式内社データベースの現社候補,KOKUGAKUIN_SHIKINAI,182387:2,2
T2S182248_2,（参考）足羽神社（合祀）,,,小,,,足羽郡,,,,36.0584083,136.2095722,"https://maps.google.com/?q=36.0584083,136.2095722",,,延喜式内社データベースの現社候補,KOKUGAKUIN_SHIKINAI,182248:2,2
T2S182267_2,（参考）高尾磐座神社,,,小,,,大野郡,,,,35.9302694,136.5131583,"https://maps.google.com/?q=35.9302694,136.5131583",,,延喜式内社データベースの現社候補,KOKUGAKUIN_SHIKINAI,182267:2,2
T2S183099_3,（参考）鵜江神社,,,小,,,小田郡,,,,34.6371750,133.5726361,"https://maps.google.com/?q=34.6371750,133.5726361",,,延喜式内社データベースの現社候補,KOKUGAKUIN_SHIKINAI,183099:3,2
T2S180594_2,（参）夫荒社（福王子神社境内社〈『考証』〉）,,,小,,,葛野郡,,,,35.0290306,135.7091194,"https://maps.google.com/?q=35.0290306,135.7091194",,,延喜式内社データベースの現社候補,KOKUGAKUIN_SHIKINAI,180594:2,2
T2S181050_2,（合祀先）,,,小,,,島下郡,,,,34.8541472,135.5630528,"https://maps.google.com/?q=34.8541472,135.5630528",,,延喜式内社データベースの現社候補,KOKUGAKUIN_SHIKINAI,181050:2,2
T2S182117_1,（合祀先）,,,小,,,胆沢郡,,,,39.1298667,141.0305361,"https://maps.google.com/?q=39.1298667,141.0305361",,,延喜式内社データベースの現社候補,KOKUGAKUIN_SHIKINAI,182117:1,2
T2S183021_1,（合祀先）中臣印達神社,,,小,,,揖保郡,,,,34.8407806,134.5409778,"https://maps.google.com/?q=34.8407806,134.5409778",,,延喜式内社データベースの現社候補,KOKUGAKUIN_SHIKINAI,183021:1,2
T2S182047_1,（合祀先）佐倍乃神社,,,小,,,名取郡,,,,38.1619556,140.8464306,"https://maps.google.com/?q=38.1619556,140.8464306",,,延喜式内社データベースの現社候補,KOKUGAKUIN_SHIKINAI,182047:1,2
T2S182202_1,（合祀先）利椋八幡神社,,,小,,,敦賀郡,,,,35.7229722,136.0982528,"https://maps.google.com/?q=35.7229722,136.0982528",,,延喜式内社データベースの現社候補,KOKUGAKUIN_SHIKINAI,182202:1,2
T2S182071_2,（合祀先）若宮八幡神社境内摂社敷玉早御玉神社,,,小,,,志太郡,,,,38.5279556,140.9204278,"https://maps.google.com/?q=38.5279556,140.9204278",,,延喜式内社データベースの現社候補,KOKUGAKUIN_SHIKINAI,182071:2,2
T2S182109_1,（合祀先）鹿島神社,,,小,,,栗原郡,,,,38.7754028,141.0220778,"https://maps.google.com/?q=38.7754028,141.0220778",,,延喜式内社データベースの現社候補,KOKUGAKUIN_SHIKINAI,182109:1,2
T2S181848_1,（合祀）乎彌神社,,,小,,,伊香郡,,,,35.5323694,136.2043833,"https://maps.google.com/?q=35.5323694,136.2043833",,,延喜式内社データベースの現社候補,KOKUGAKUIN_SHIKINAI,181848:1,2
T2S181166_1,（合祀）二十五柱神社,,,小,,,多気郡,,,,34.5899944,136.5997528,"https://maps.google.com/?q=34.5899944,136.5997528",,,延喜式内社データベースの現社候補,KOKUGAKUIN_SHIKINAI,181166:1,2
T2S183060_1,（合祀）二宮神社,,,小,,,大庭郡,,,,35.1825667,133.7507944,"https://maps.google.com/?q=35.1825667,133.7507944",,,延喜式内社データベースの現社候補,KOKUGAKUIN_SHIKINAI,183060:1,2
T2S183056_1,（合祀）二宮神社内,,,小,,,大庭郡,,,,35.1825056,133.7508667,"https://maps.google.com/?q=35.1825056,133.7508667",,,延喜式内社データベースの現社候補,KOKUGAKUIN_SHIKINAI,183056:1,2
T2S181942_1,（合祀）伊奈波神社,,,小,,,厚見郡,,,,35.4272278,136.7708139,"https://maps.google.com/?q=35.4272278,136.7708139",,,延喜式内社データベースの現社候補,KOKUGAKUIN_SHIKINAI,181942:1,2
T2S180621_1,（合祀）伏見稲荷大社,,,小,,,紀伊郡,,,,34.9672028,135.7733861,"https://maps.google.com/?q=34.9672028,135.7733861",,,延喜式内社データベースの現社候補,KOKUGAKUIN_SHIKINAI,180621:1,2
T2S181865_1,（合祀）八幡神社,,,小,,,伊香郡,,,,35.5030306,136.1857278,"https://maps.google.com/?q=35.5030306,136.1857278",,,延喜式内社データベースの現社候補,KOKUGAKUIN_SHIKINAI,181865:1,2
T2S181869_2,（合祀）八幡神社,,,小,,,伊香郡,,,,35.6137722,136.1740333,"https://maps.google.com/?q=35.6137722,136.1740333",,,延喜式内社データベースの現社候補,KOKUGAKUIN_SHIKINAI,181869:2,2
T2S180882_1,（合祀）咸古神社,,,小,,,石川郡,,,,34.4627500,135.5977694,"https://maps.google.com/?q=34.4627500,135.5977694",,,延喜式内社データベースの現社候補,KOKUGAKUIN_SHIKINAI,180882:1,2
T2S181151_2,（合祀）大口神社（論社を合祀）,,,小,,,度会郡,,,,34.5081083,136.7322833,"https://maps.google.com/?q=34.5081083,136.7322833",,,延喜式内社データベースの現社候補（論社）,KOKUGAKUIN_SHIKINAI,181151:2,2
T2S183089_2,（合祀）大和神社,,,小,,,賀夜郡,,,,34.7973333,133.7020722,"https://maps.google.com/?q=34.7973333,133.7020722",,,延喜式内社データベースの現社候補,KOKUGAKUIN_SHIKINAI,183089:2,2
T2S182279_1,（合祀）大湊神社,,,小,,,坂井郡,,,,36.2506583,136.1195722,"https://maps.google.com/?q=36.2506583,136.1195722",,,延喜式内社データベースの現社候補,KOKUGAKUIN_SHIKINAI,182279:1,2
T2S182234_1,（合祀）大虫神社,,,小,,,丹生郡,,,,35.9010222,136.1265361,"https://maps.google.com/?q=35.9010222,136.1265361",,,延喜式内社データベースの現社候補,KOKUGAKUIN_SHIKINAI,182234:1,2
T2S182568_1,（合祀）大虫神社,,,小,,,与謝郡,,,,35.4935000,135.1173250,"https://maps.google.com/?q=35.4935000,135.1173250",,,延喜式内社データベースの現社候補,KOKUGAKUIN_SHIKINAI,182568:1,2
T2S180946_1,（合祀）巽神社,,,小,,,渋川郡,,,,34.6417806,135.5540333,"https://maps.google.com/?q=34.6417806,135.5540333",,,延喜式内社データベースの現社候補,KOKUGAKUIN_SHIKINAI,180946:1,2
T2S183098_2,（合祀）御崎神社,,,小,,,小田郡,,,,34.4710917,133.5267167,"https://maps.google.com/?q=34.4710917,133.5267167",,,延喜式内社データベースの現社候補,KOKUGAKUIN_SHIKINAI,183098:2,2
T2S182368_1,（合祀）御門主比古神社,,,小,,,能登郡,,,,36.9356167,136.8581000,"https://maps.google.com/?q=36.9356167,136.8581000",,,延喜式内社データベースの現社候補,KOKUGAKUIN_SHIKINAI,182368:1,2
T2S180919_1,（合祀）忍陵神社,,,小,,,讃良郡,,,,34.7466056,135.6417194,"https://maps.google.com/?q=34.7466056,135.6417194",,,延喜式内社データベースの現社候補,KOKUGAKUIN_SHIKINAI,180919:1,2
T2S183088_2,（合祀）池田神社,,,小,,,賀夜郡,,,,34.7497361,133.7148250,"https://maps.google.com/?q=34.7497361,133.7148250",,,延喜式内社データベースの現社候補,KOKUGAKUIN_SHIKINAI,183088:2,2
T2S182638_1,（合祀）浅間神社,,,小,,,養父郡,,,,35.4407472,134.8040083,"https://maps.google.com/?q=35.4407472,134.8040083",,,延喜式内社データベースの現社候補,KOKUGAKUIN_SHIKINAI,182638:1,2
T2S182591_2,（合祀）溝谷神社,,,小,,,竹野郡,,,,35.6552389,135.1113111,"https://maps.google.com/?q=35.6552389,135.1113111",,,延喜式内社データベースの現社候補,KOKUGAKUIN_SHIKINAI,182591:2,2
T2S180928_1,（合祀）片埜神社,,,小,,,交野郡,,,,34.8418028,135.6676778,"https://maps.google.com/?q=34.8418028,135.6676778",,,延喜式内社データベースの現社候補,KOKUGAKUIN_SHIKINAI,180928:1,2
T2S182286_1,（合祀）牧岡神社（足羽神社境内）,,,小,,,坂井郡,,,,36.0584083,136.2095722,"https://maps.google.com/?q=36.0584083,136.2095722",,,延喜式内社データベースの現社候補,KOKUGAKUIN_SHIKINAI,182286:1,2
T2S180906_1,（合祀）玉祖神社,,,小,,,高安郡,,,,34.6348222,135.6526694,"https://maps.google.com/?q=34.6348222,135.6526694",,,延喜式内社データベースの現社候補,KOKUGAKUIN_SHIKINAI,180906:1,2
T2S181187_2,（合祀）畠田神社,,,小,,,多気郡,,,,34.5867222,136.6195444,"https://maps.google.com/?q=34.5867222,136.6195444",,,延喜式内社データベースの現社候補,KOKUGAKUIN_SHIKINAI,181187:2,2
T2S182303_1,（合祀）白山社,,,小,,,江沼郡,,,,36.3510611,136.3125722,"https://maps.google.com/?q=36.3510611,136.3125722",,,延喜式内社データベースの現社候補,KOKUGAKUIN_SHIKINAI,182303:1,2
T2S180937_1,（合祀）矢作神社,,,小,,,若江郡,,,,34.6186583,135.6075667,"https://maps.google.com/?q=34.6186583,135.6075667",,,延喜式内社データベースの現社候補,KOKUGAKUIN_SHIKINAI,180937:1,2
T2S181855_1,（合祀）賣比多神社,,,小,,,伊香郡,,,,35.4715889,136.2136111,"https://maps.google.com/?q=35.4715889,136.2136111",,,延喜式内社データベースの現社候補,KOKUGAKUIN_SHIKINAI,181855:1,2
T2S182254_1,（合祀）足羽神社,,,小,,,足羽郡,,,,36.0583667,136.2097917,"https://maps.google.com/?q=36.0583667,136.2097917",,,延喜式内社データベースの現社候補,KOKUGAKUIN_SHIKINAI,182254:1,2
T2S180952_1,（合祀）辛国神社,,,小,,,志紀郡,,,,34.5694194,135.5936611,"https://maps.google.com/?q=34.5694194,135.5936611",,,延喜式内社データベースの現社候補,KOKUGAKUIN_SHIKINAI,180952:1,2
T2S181174_1,（合祀）鳥墓神社,,,小,,,多気郡,,,,34.5190361,136.6301917,"https://maps.google.com/?q=34.5190361,136.6301917",,,延喜式内社データベースの現社候補,KOKUGAKUIN_SHIKINAI,181174:1,2
T2S182721_1,（合祀）黒野神社,,,小,,,七美郡,,,,35.4749750,134.5967972,"https://maps.google.com/?q=35.4749750,134.5967972",,,延喜式内社データベースの現社候補,KOKUGAKUIN_SHIKINAI,182721:1,2
T2S183097_1,（在田神社・有田八幡神社）,,,小,,,小田郡,,,,34.5216833,133.4647972,"https://maps.google.com/?q=34.5216833,133.4647972",,,延喜式内社データベースの現社候補,KOKUGAKUIN_SHIKINAI,183097:1,2
T2S183218_2,（境外社）古鳥神社,,,小,,,那賀郡,,,,33.9238222,134.6483083,"https://maps.google.com/?q=33.9238222,134.6483083",,,延喜式内社データベースの現社候補,KOKUGAKUIN_SHIKINAI,183218:2,2
T2S182510_1,（多治神社）,,,小,,,船井郡,,,,35.1990083,135.5208694,"https://maps.google.com/?q=35.1990083,135.5208694",,,延喜式内社データベースの現社候補,KOKUGAKUIN_SHIKINAI,182510:1,2
T2S183099_2,（大元鵜江神社）,,,小,,,小田郡,,,,34.6283389,133.5746861,"https://maps.google.com/?q=34.6283389,133.5746861",,,延喜式内社データベースの現社候補,KOKUGAKUIN_SHIKINAI,183099:2,2
T2S183100_3,（大山神社摂社足次神社）,,,小,,,後月郡,,,,34.6370389,133.4021139,"https://maps.google.com/?q=34.6370389,133.4021139",,,延喜式内社データベースの現社候補,KOKUGAKUIN_SHIKINAI,183100:3,2
T2S182321_2,（奥宮）,,,小,,,石川郡,,,,36.1548528,136.7717611,"https://maps.google.com/?q=36.1548528,136.7717611",,,延喜式内社データベースの現社候補,KOKUGAKUIN_SHIKINAI,182321:2,2
T2S182562_2,（奥宮）真名井神社,,,名大,,,与謝郡,,,,35.5865639,135.1986222,"https://maps.google.com/?q=35.5865639,135.1986222",,,延喜式内社データベースの現社候補,KOKUGAKUIN_SHIKINAI,182562:2,2
T2S182112_2,（奥宮）駒形神社,,,小,,,胆沢郡,,,,39.1954333,140.9197944,"https://maps.google.com/?q=39.1954333,140.9197944",,,延喜式内社データベースの現社候補,KOKUGAKUIN_SHIKINAI,182112:2,2
T2S182486_1,（宗神社）,,,小,,,桑田郡,,,,35.0686306,135.5531389,"https://maps.google.com/?q=35.0686306,135.5531389",,,延喜式内社データベースの現社候補,KOKUGAKUIN_SHIKINAI,182486:1,2
T2S182507_1,（岩山神社）,,,小,,,船井郡,,,,35.1430639,135.3999000,"https://maps.google.com/?q=35.1430639,135.3999000",,,延喜式内社データベースの現社候補,KOKUGAKUIN_SHIKINAI,182507:1,2
T2S182489_1,（愛宕神社）,,,小,,,桑田郡,,,,35.0410361,135.5869472,"https://maps.google.com/?q=35.0410361,135.5869472",,,延喜式内社データベースの現社候補,KOKUGAKUIN_SHIKINAI,182489:1,2
T2S180840_1,（擬定）馬立伊勢部田中神社,,,小,,,高市郡,,,,34.4862167,135.8053667,"https://maps.google.com/?q=34.4862167,135.8053667",,,延喜式内社データベースの現社候補,KOKUGAKUIN_SHIKINAI,180840:1,2
T2S180625_2,（故地）式内真幡寸神社の跡（石標）,,,小,,,紀伊郡,,,,34.9555722,135.7530222,"https://maps.google.com/?q=34.9555722,135.7530222",,,延喜式内社データベースの現社候補,KOKUGAKUIN_SHIKINAI,180625:2,2
T2S181183_2,（旧社地1）畠田神社（北藤原）,,,小,,,多気郡,,,,34.5906167,136.6223139,"https://maps.google.com/?q=34.5906167,136.6223139",,,延喜式内社データベースの現社候補,KOKUGAKUIN_SHIKINAI,181183:2,2
T2S181183_3,（旧社地2）畠田神社（南藤原）,,,小,,,多気郡,,,,34.5864694,136.6231472,"https://maps.google.com/?q=34.5864694,136.6231472",,,延喜式内社データベースの現社候補,KOKUGAKUIN_SHIKINAI,181183:3,2
T2S180695_2,（旧社地）,,,大,,,平群郡,,,,34.6198944,135.6946528,"https://maps.google.com/?q=34.6198944,135.6946528",,,延喜式内社データベースの現社候補,KOKUGAKUIN_SHIKINAI,180695:2,2
T2S180869_2,（旧社地）,,,小,,,山辺郡,,,,34.5681861,135.8258889,"https://maps.google.com/?q=34.5681861,135.8258889",,,延喜式内社データベースの現社候補,KOKUGAKUIN_SHIKINAI,180869:2,2
T2S181166_2,（旧社地）,,,小,,,多気郡,,,,34.5877250,136.6067500,"https://maps.google.com/?q=34.5877250,136.6067500",,,延喜式内社データベースの現社候補,KOKUGAKUIN_SHIKINAI,181166:2,2
T2S181171_2,（旧社地）,,,小,,,多気郡,,,,34.5044944,136.5384111,"https://maps.google.com/?q=34.5044944,136.5384111",,,延喜式内社データベースの現社候補,KOKUGAKUIN_SHIKINAI,181171:2,2
T2S181794_2,（旧社地）,,,名大,,,栗太郡,,,,34.9119806,135.9137778,"https://maps.google.com/?q=34.9119806,135.9137778",,,延喜式内社データベースの現社候補,KOKUGAKUIN_SHIKINAI,181794:2,2
T2S181875_2,（旧社地）,,,小,,,伊香郡,,,,35.4896250,136.2239861,"https://maps.google.com/?q=35.4896250,136.2239861",,,延喜式内社データベースの現社候補,KOKUGAKUIN_SHIKINAI,181875:2,2
T2S182117_2,（旧社地）,,,小,,,胆沢郡,,,,39.1045083,140.8925500,"https://maps.google.com/?q=39.1045083,140.8925500",,,延喜式内社データベースの現社候補,KOKUGAKUIN_SHIKINAI,182117:2,2
T2S182161_2,（旧社地）,,,小,,,遠敷郡,,,,35.4076250,135.6479556,"https://maps.google.com/?q=35.4076250,135.6479556",,,延喜式内社データベースの現社候補,KOKUGAKUIN_SHIKINAI,182161:2,2
T2S182202_2,（旧社地）,,,小,,,敦賀郡,,,,35.7260167,136.1161806,"https://maps.google.com/?q=35.7260167,136.1161806",,,延喜式内社データベースの現社候補,KOKUGAKUIN_SHIKINAI,182202:2,2
T2S182519_2,（旧社地）,,,小,,,氷上郡,,,,35.0919556,134.9838972,"https://maps.google.com/?q=35.0919556,134.9838972",,,延喜式内社データベースの現社候補,KOKUGAKUIN_SHIKINAI,182519:2,2
T2S182520_2,（旧社地）,,,小,,,氷上郡,,,,35.1216194,135.1064778,"https://maps.google.com/?q=35.1216194,135.1064778",,,延喜式内社データベースの現社候補,KOKUGAKUIN_SHIKINAI,182520:2,2
T2S182575_2,（旧社地）,,,小,,,与謝郡,,,,35.5603556,135.1120250,"https://maps.google.com/?q=35.5603556,135.1120250",,,延喜式内社データベースの現社候補,KOKUGAKUIN_SHIKINAI,182575:2,2
T2S182668_1,（旧社地）,,,小,,,気多郡,,,,35.4720556,134.7705528,"https://maps.google.com/?q=35.4720556,134.7705528",,,延喜式内社データベースの現社候補,KOKUGAKUIN_SHIKINAI,182668:1,2
T2S183069_2,（旧社地）,,,小,,,赤坂郡,,,,34.8519639,133.9691722,"https://maps.google.com/?q=34.8519639,133.9691722",,,延喜式内社データベースの現社候補,KOKUGAKUIN_SHIKINAI,183069:2,2
T2S181948_2,（旧社地）三井山南斜面中腹,,,小,,,各務郡,,,,35.3879861,136.8466750,"https://maps.google.com/?q=35.3879861,136.8466750",,,延喜式内社データベースの現社候補,KOKUGAKUIN_SHIKINAI,181948:2,2
T2S182441_2,（旧社地）三島神社,,,小,,,三島郡,,,,37.4442500,138.7127917,"https://maps.google.com/?q=37.4442500,138.7127917",,,延喜式内社データベースの現社候補,KOKUGAKUIN_SHIKINAI,182441:2,2
T2S181145_2,（旧社地）今社,,,小,,,度会郡,,,,34.4941472,136.6988694,"https://maps.google.com/?q=34.4941472,136.6988694",,,延喜式内社データベースの現社候補,KOKUGAKUIN_SHIKINAI,181145:2,2
T2S181143_2,（旧社地）伊勢市八日市場町の神宮司庁山田工作場周辺,,,小,,,度会郡,,,,34.4894639,136.7011639,"https://maps.google.com/?q=34.4894639,136.7011639",,,延喜式内社データベースの現社候補,KOKUGAKUIN_SHIKINAI,181143:2,2
T2S182146_2,（旧社地）八幡神社 (副川神社古社地),,,小,,,山本郡,,,,39.4902861,140.4307750,"https://maps.google.com/?q=39.4902861,140.4307750",,,延喜式内社データベースの現社候補,KOKUGAKUIN_SHIKINAI,182146:2,2
T2S182534_2,（旧社地）円通寺,,,小,,,氷上郡,,,,35.2111694,135.0259861,"https://maps.google.com/?q=35.2111694,135.0259861",,,延喜式内社データベースの現社候補,KOKUGAKUIN_SHIKINAI,182534:2,2
T2S181907_2,（旧社地）大前山,,,小,,,高島郡,,,,35.4569611,136.0873222,"https://maps.google.com/?q=35.4569611,136.0873222",,,延喜式内社データベースの現社候補,KOKUGAKUIN_SHIKINAI,181907:2,2
T2S181898_3,（旧社地）大川神社,,,小,,,高島郡,,,,35.3575750,135.7888472,"https://maps.google.com/?q=35.3575750,135.7888472",,,延喜式内社データベースの現社候補,KOKUGAKUIN_SHIKINAI,181898:3,2
T2S181856_2,（旧社地）姫塚古墳,,,小,,,伊香郡,,,,35.4702833,136.2183972,"https://maps.google.com/?q=35.4702833,136.2183972",,,延喜式内社データベースの現社候補,KOKUGAKUIN_SHIKINAI,181856:2,2
T2S181200_1,（旧社地）式内伊呂上神社跡,,,小,,,多気郡,,,,34.5822222,136.6390556,"https://maps.google.com/?q=34.5822222,136.6390556",,,延喜式内社データベースの現社候補,KOKUGAKUIN_SHIKINAI,181200:1,2
T2S183109_2,（旧社地）彦山中腹,,,小,,,沼隈郡,,,,34.4443139,133.3556333,"https://maps.google.com/?q=34.4443139,133.3556333",,,延喜式内社データベースの現社候補,KOKUGAKUIN_SHIKINAI,183109:2,2
T2S181946_2,（旧社地）御旅所,,,小,,,各務郡,,,,35.3946639,136.9458500,"https://maps.google.com/?q=35.3946639,136.9458500",,,延喜式内社データベースの現社候補,KOKUGAKUIN_SHIKINAI,181946:2,2
T2S181163_3,（旧社地）明治41年合祀以前（中垣内）,,,小,,,多気郡,,,,34.5405750,136.6074250,"https://maps.google.com/?q=34.5405750,136.6074250",,,延喜式内社データベースの現社候補,KOKUGAKUIN_SHIKINAI,181163:3,2
T2S181209_1,（旧社地）泉の森,,,小,,,飯高郡,,,,34.5788556,136.4869917,"https://maps.google.com/?q=34.5788556,136.4869917",,,延喜式内社データベースの現社候補,KOKUGAKUIN_SHIKINAI,181209:1,2
T2S181835_2,（旧社地）湯次神社,,,小,,,浅井郡,,,,35.4207306,136.3025889,"https://maps.google.com/?q=35.4207306,136.3025889",,,延喜式内社データベースの現社候補,KOKUGAKUIN_SHIKINAI,181835:2,2
T2S181952_2,（旧社地）田中神社,,,小,,,賀茂郡,,,,35.4993889,137.0815444,"https://maps.google.com/?q=35.4993889,137.0815444",,,延喜式内社データベースの現社候補,KOKUGAKUIN_SHIKINAI,181952:2,2
T2S181895_2,（旧社地）田部神社,,,小,,,高島郡,,,,35.4240722,136.0188000,"https://maps.google.com/?q=35.4240722,136.0188000",,,延喜式内社データベースの現社候補,KOKUGAKUIN_SHIKINAI,181895:2,2
T2S182286_4,（旧社地）秋葉神社,,,小,,,坂井郡,,,,36.0704611,136.2374528,"https://maps.google.com/?q=36.0704611,136.2374528",,,延喜式内社データベースの現社候補,KOKUGAKUIN_SHIKINAI,182286:4,2
T2S182531_2,（旧社地）蛭子神社,,,小,,,氷上郡,,,,35.2330889,135.0160889,"https://maps.google.com/?q=35.2330889,135.0160889",,,延喜式内社データベースの現社候補,KOKUGAKUIN_SHIKINAI,182531:2,2
T2S181203_1,（旧社地）豊養稲荷大明神,,,小,,,多気郡,,,,34.5460583,136.5842944,"https://maps.google.com/?q=34.5460583,136.5842944",,,延喜式内社データベースの現社候補,KOKUGAKUIN_SHIKINAI,181203:1,2
T2S181187_1,（旧社地）遥拝所,,,小,,,多気郡,,,,34.5754361,136.6143250,"https://maps.google.com/?q=34.5754361,136.6143250",,,延喜式内社データベースの現社候補,KOKUGAKUIN_SHIKINAI,181187:1,2
T2S180581_2,（旧社地）金蔵寺境内,,,小,,,乙訓郡,,,,34.9549972,135.6411556,"https://maps.google.com/?q=34.9549972,135.6411556",,,延喜式内社データベースの現社候補,KOKUGAKUIN_SHIKINAI,180581:2,2
T2S182226_4,（旧社地）雨夜神社古社地,,,小,,,丹生郡,,,,35.9786139,136.1203250,"https://maps.google.com/?q=35.9786139,136.1203250",,,延喜式内社データベースの現社候補,KOKUGAKUIN_SHIKINAI,182226:4,2
T2S182429_2,（旧社地）青海神社,,,小,,,頸城郡,,,,37.0234750,137.7965111,"https://maps.google.com/?q=37.0234750,137.7965111",,,延喜式内社データベースの現社候補,KOKUGAKUIN_SHIKINAI,182429:2,2
T2S181050_1,（旧社地？）,,,小,,,島下郡,,,,34.8412944,135.5589306,"https://maps.google.com/?q=34.8412944,135.5589306",,,延喜式内社データベースの現社候補,KOKUGAKUIN_SHIKINAI,181050:1,2
T2S183060_2,（旧社地？）,,,小,,,大庭郡,,,,35.2883833,133.7386694,"https://maps.google.com/?q=35.2883833,133.7386694",,,延喜式内社データベースの現社候補,KOKUGAKUIN_SHIKINAI,183060:2,2
T2S183117_2,（旧社地？）,,,小,,,世羅郡,,,,34.5890083,133.0330972,"https://maps.google.com/?q=34.5890083,133.0330972",,,延喜式内社データベースの現社候補,KOKUGAKUIN_SHIKINAI,183117:2,2
T2S183117_3,（旧社地？）,,,小,,,世羅郡,,,,34.5808111,133.0675722,"https://maps.google.com/?q=34.5808111,133.0675722",,,延喜式内社データベースの現社候補,KOKUGAKUIN_SHIKINAI,183117:3,2
T2S183115_2,（旧社地？）八国見山,,,小,,,恵蘇郡,,,,34.9609917,132.9054333,"https://maps.google.com/?q=34.9609917,132.9054333",,,延喜式内社データベースの現社候補,KOKUGAKUIN_SHIKINAI,183115:2,2
T2S183071_2,（旧社地？）古美山,,,小,,,和気郡,,,,34.8443306,134.2400417,"https://maps.google.com/?q=34.8443306,134.2400417",,,延喜式内社データベースの現社候補,KOKUGAKUIN_SHIKINAI,183071:2,2
T2S183070_2,（旧社地？）布勢巨神社,,,小,,,赤坂郡,,,,34.8889528,134.0022111,"https://maps.google.com/?q=34.8889528,134.0022111",,,延喜式内社データベースの現社候補,KOKUGAKUIN_SHIKINAI,183070:2,2
T2S183080_2,（旧社地？）御崎宮,,,小,,,御野郡,,,,34.6850000,133.9345222,"https://maps.google.com/?q=34.6850000,133.9345222",,,延喜式内社データベースの現社候補,KOKUGAKUIN_SHIKINAI,183080:2,2
T2S183058_2,（旧社地？）車戸大明神,,,小,,,大庭郡,,,,35.2448528,133.7793583,"https://maps.google.com/?q=35.2448528,133.7793583",,,延喜式内社データベースの現社候補,KOKUGAKUIN_SHIKINAI,183058:2,2
T2S182021_2,（有力旧社地）二宮赤城神社,,,名大,,,勢多郡,,,,36.3673500,139.1677917,"https://maps.google.com/?q=36.3673500,139.1677917",,,延喜式内社データベースの現社候補,KOKUGAKUIN_SHIKINAI,182021:2,2
T2S181998_3,（有力論社）小内神社,,,小,,,高井郡,,,,36.6234278,138.2686583,"https://maps.google.com/?q=36.6234278,138.2686583",,,延喜式内社データベースの現社候補（論社）,KOKUGAKUIN_SHIKINAI,181998:3,2
T2S182421_1,（有力論社）阿比多神社,,,小,,,頸城郡,,,,37.1599000,138.1666889,"https://maps.google.com/?q=37.1599000,138.1666889",,,延喜式内社データベースの現社候補（論社）,KOKUGAKUIN_SHIKINAI,182421:1,2
T2S182356_1,（有力）大名持像石神社,,,小,,,羽咋郡,,,,36.9257611,136.7709444,"https://maps.google.com/?q=36.9257611,136.7709444",,,延喜式内社データベースの現社候補,KOKUGAKUIN_SHIKINAI,182356:1,2
T2S181951_1,（有力）大山神社,,,小,,,賀茂郡,,,,35.4932111,136.9655750,"https://maps.google.com/?q=35.4932111,136.9655750",,,延喜式内社データベースの現社候補,KOKUGAKUIN_SHIKINAI,181951:1,2
T2S182094_1,（有力）大島神社,,,名大,,,桃生郡,,,,38.8726500,141.6228944,"https://maps.google.com/?q=38.8726500,141.6228944",,,延喜式内社データベースの現社候補,KOKUGAKUIN_SHIKINAI,182094:1,2
T2S182139_1,（有力）小物忌神社（酒田市山楯）,,,小,,,飽海郡,,,,38.8991861,139.9413778,"https://maps.google.com/?q=38.8991861,139.9413778",,,延喜式内社データベースの現社候補,KOKUGAKUIN_SHIKINAI,182139:1,2
T2S182093_1,（有力）石神社,,,小,,,桃生郡,,,,38.5230361,141.5014556,"https://maps.google.com/?q=38.5230361,141.5014556",,,延喜式内社データベースの現社候補,KOKUGAKUIN_SHIKINAI,182093:1,2
T2S182055_1,（有力）行神社,,,小,,,黒川郡,,,,38.4292111,140.8880667,"https://maps.google.com/?q=38.4292111,140.8880667",,,延喜式内社データベースの現社候補,KOKUGAKUIN_SHIKINAI,182055:1,2
T2S182095_1,（有力）賀茂小鋭神社,,,小,,,桃生郡,,,,38.5300861,141.3764083,"https://maps.google.com/?q=38.5300861,141.3764083",,,延喜式内社データベースの現社候補,KOKUGAKUIN_SHIKINAI,182095:1,2
T2S182129_1,（有力）飯豊和氣神社,,,小,,,安積郡,,,,37.3501306,140.2189528,"https://maps.google.com/?q=37.3501306,140.2189528",,,延喜式内社データベースの現社候補,KOKUGAKUIN_SHIKINAI,182129:1,2
T2S182085_1,（有力）鳥屋崎神社,,,小,,,牡鹿郡,,,,38.4342083,141.2982194,"https://maps.google.com/?q=38.4342083,141.2982194",,,延喜式内社データベースの現社候補,KOKUGAKUIN_SHIKINAI,182085:1,2
T2S183022_1,（比定社）中臣印達神社,,,名大,,,揖保郡,,,,34.8407806,134.5409778,"https://maps.google.com/?q=34.8407806,134.5409778",,,延喜式内社データベースの現社候補,KOKUGAKUIN_SHIKINAI,183022:1,2
T2S183024_2,（比定社）宮浦神社,,,名大,,,揖保郡,,,,34.6768444,134.5338194,"https://maps.google.com/?q=34.6768444,134.5338194",,,延喜式内社データベースの現社候補,KOKUGAKUIN_SHIKINAI,183024:2,2
T2S183024_1,（比定社）家島神社,,,名大,,,揖保郡,,,,34.6791472,134.5454889,"https://maps.google.com/?q=34.6791472,134.5454889",,,延喜式内社データベースの現社候補,KOKUGAKUIN_SHIKINAI,183024:1,2
T2S183022_2,（比定社）林田八幡神社,,,名大,,,揖保郡,,,,34.9187250,134.5853972,"https://maps.google.com/?q=34.9187250,134.5853972",,,延喜式内社データベースの現社候補,KOKUGAKUIN_SHIKINAI,183022:2,2
T2S183022_3,（比定社）魚吹八幡神社,,,名大,,,揖保郡,,,,34.7964083,134.5906000,"https://maps.google.com/?q=34.7964083,134.5906000",,,延喜式内社データベースの現社候補,KOKUGAKUIN_SHIKINAI,183022:3,2
T2S180695_1,（現社地）,,,大,,,平群郡,,,,34.6218917,135.6945417,"https://maps.google.com/?q=34.6218917,135.6945417",,,延喜式内社データベースの現社候補,KOKUGAKUIN_SHIKINAI,180695:1,2
T2S181143_1,（現社地）,,,小,,,度会郡,,,,34.4888139,136.7021528,"https://maps.google.com/?q=34.4888139,136.7021528",,,延喜式内社データベースの現社候補,KOKUGAKUIN_SHIKINAI,181143:1,2
T2S181145_1,（現社地）,,,小,,,度会郡,,,,34.4950139,136.6967306,"https://maps.google.com/?q=34.4950139,136.6967306",,,延喜式内社データベースの現社候補,KOKUGAKUIN_SHIKINAI,181145:1,2
T2S181161_1,（現社地）,,,小,,,多気郡,,,,34.5498528,136.5887833,"https://maps.google.com/?q=34.5498528,136.5887833",,,延喜式内社データベースの現社候補,KOKUGAKUIN_SHIKINAI,181161:1,2
T2S181163_1,（現社地）,,,小,,,多気郡,,,,34.5372861,136.6186889,"https://maps.google.com/?q=34.5372861,136.6186889",,,延喜式内社データベースの現社候補,KOKUGAKUIN_SHIKINAI,181163:1,2
T2S181171_1,（現社地）,,,小,,,多気郡,,,,34.5042639,136.5418167,"https://maps.google.com/?q=34.5042639,136.5418167",,,延喜式内社データベースの現社候補,KOKUGAKUIN_SHIKINAI,181171:1,2
T2S181783_1,（現社地）,,,小,,,滋賀郡,,,,35.0003056,135.8880944,"https://maps.google.com/?q=35.0003056,135.8880944",,,延喜式内社データベースの現社候補,KOKUGAKUIN_SHIKINAI,181783:1,2
T2S181794_1,（現社地）,,,名大,,,栗太郡,,,,34.9114972,135.9127444,"https://maps.google.com/?q=34.9114972,135.9127444",,,延喜式内社データベースの現社候補,KOKUGAKUIN_SHIKINAI,181794:1,2
T2S181856_1,（現社地）,,,小,,,伊香郡,,,,35.4715889,136.2136111,"https://maps.google.com/?q=35.4715889,136.2136111",,,延喜式内社データベースの現社候補,KOKUGAKUIN_SHIKINAI,181856:1,2
T2S181875_1,（現社地）,,,小,,,伊香郡,,,,35.4931000,136.2253472,"https://maps.google.com/?q=35.4931000,136.2253472",,,延喜式内社データベースの現社候補,KOKUGAKUIN_SHIKINAI,181875:1,2
T2S181925_1,（現社地）,,,小,,,多芸郡,,,,35.3197722,136.5514500,"https://maps.google.com/?q=35.3197722,136.5514500",,,延喜式内社データベースの現社候補,KOKUGAKUIN_SHIKINAI,181925:1,2
T2S181933_1,（現社地）,,,小,,,安八郡,,,,35.3638806,136.6840472,"https://maps.google.com/?q=35.3638806,136.6840472",,,延喜式内社データベースの現社候補,KOKUGAKUIN_SHIKINAI,181933:1,2
T2S181937_1,（現社地）,,,小,,,大野郡,,,,35.4980917,136.6550583,"https://maps.google.com/?q=35.4980917,136.6550583",,,延喜式内社データベースの現社候補,KOKUGAKUIN_SHIKINAI,181937:1,2
T2S181969_1,（現社地）,,,小,,,伊那郡,,,,35.3778389,137.7833778,"https://maps.google.com/?q=35.3778389,137.7833778",,,延喜式内社データベースの現社候補,KOKUGAKUIN_SHIKINAI,181969:1,2
T2S182021_1,（現社地）,,,名大,,,勢多郡,,,,36.4847667,139.1782111,"https://maps.google.com/?q=36.4847667,139.1782111",,,延喜式内社データベースの現社候補,KOKUGAKUIN_SHIKINAI,182021:1,2
T2S182519_1,（現社地）,,,小,,,氷上郡,,,,35.0948278,134.9834139,"https://maps.google.com/?q=35.0948278,134.9834139",,,延喜式内社データベースの現社候補,KOKUGAKUIN_SHIKINAI,182519:1,2
T2S182520_1,（現社地）,,,小,,,氷上郡,,,,35.1185111,135.0954194,"https://maps.google.com/?q=35.1185111,135.0954194",,,延喜式内社データベースの現社候補,KOKUGAKUIN_SHIKINAI,182520:1,2
T2S182575_1,（現社地）,,,小,,,与謝郡,,,,35.5683528,135.1138444,"https://maps.google.com/?q=35.5683528,135.1138444",,,延喜式内社データベースの現社候補,KOKUGAKUIN_SHIKINAI,182575:1,2
T2S182668_2,（現社地）,,,小,,,気多郡,,,,35.4735944,134.7731056,"https://maps.google.com/?q=35.4735944,134.7731056",,,延喜式内社データベースの現社候補,KOKUGAKUIN_SHIKINAI,182668:2,2
T2S182441_1,（現社地）三島神社,,,小,,,三島郡,,,,37.3554167,138.5494111,"https://maps.google.com/?q=37.3554167,138.5494111",,,延喜式内社データベースの現社候補,KOKUGAKUIN_SHIKINAI,182441:1,2
T2S181183_1,（現社地）畠田神社（中村）,,,小,,,多気郡,,,,34.5867222,136.6195444,"https://maps.google.com/?q=34.5867222,136.6195444",,,延喜式内社データベースの現社候補,KOKUGAKUIN_SHIKINAI,181183:1,2
T2S182534_1,（現社地）神野神社,,,小,,,氷上郡,,,,35.2142778,135.0250889,"https://maps.google.com/?q=35.2142778,135.0250889",,,延喜式内社データベースの現社候補,KOKUGAKUIN_SHIKINAI,182534:1,2
T2S182531_1,（現社地）芦井神社,,,小,,,氷上郡,,,,35.2317861,135.0157028,"https://maps.google.com/?q=35.2317861,135.0157028",,,延喜式内社データベースの現社候補,KOKUGAKUIN_SHIKINAI,182531:1,2
T2S181935_1,（現社地）花長上神社,,,小,,,大野郡,,,,35.5261639,136.5946361,"https://maps.google.com/?q=35.5261639,136.5946361",,,延喜式内社データベースの現社候補,KOKUGAKUIN_SHIKINAI,181935:1,2
T2S182429_1,（現社地）青海神社,,,小,,,頸城郡,,,,37.0199222,137.7971361,"https://maps.google.com/?q=37.0199222,137.7971361",,,延喜式内社データベースの現社候補,KOKUGAKUIN_SHIKINAI,182429:1,2
T2S180886_1,（相殿合祀）白鳥神社,,,小,,,古市郡,,,,34.5538361,135.6094000,"https://maps.google.com/?q=34.5538361,135.6094000",,,延喜式内社データベースの現社候補,KOKUGAKUIN_SHIKINAI,180886:1,2
T2S183073_1,（石門別神社）,,,小,,,御野郡,,,,34.6414417,133.9233639,"https://maps.google.com/?q=34.6414417,133.9233639",,,延喜式内社データベースの現社候補,KOKUGAKUIN_SHIKINAI,183073:1,2
T2S183096_1,（穴門山神社）倉敷,,,小,,,下道郡,,,,34.6447500,133.6463139,"https://maps.google.com/?q=34.6447500,133.6463139",,,延喜式内社データベースの現社候補,KOKUGAKUIN_SHIKINAI,183096:1,2
T2S183096_2,（穴門山神社）高梁,,,小,,,下道郡,,,,34.7440972,133.3919333,"https://maps.google.com/?q=34.7440972,133.3919333",,,延喜式内社データベースの現社候補,KOKUGAKUIN_SHIKINAI,183096:2,2
T2S183089_1,（総社宮境内）,,,小,,,賀夜郡,,,,34.6770000,133.7536444,"https://maps.google.com/?q=34.6770000,133.7536444",,,延喜式内社データベースの現社候補,KOKUGAKUIN_SHIKINAI,183089:1,2
T2S181159_2,（論社1旧社地）須麻漏売神社（垣内田）,,,小,,,多気郡,,,,34.5863806,136.5959528,"https://maps.google.com/?q=34.5863806,136.5959528",,,延喜式内社データベースの現社候補（論社）,KOKUGAKUIN_SHIKINAI,181159:2,2
T2S181159_1,（論社1）二十五柱神社（合祀）,,,小,,,多気郡,,,,34.5899944,136.5997528,"https://maps.google.com/?q=34.5899944,136.5997528",,,延喜式内社データベースの現社候補（論社）,KOKUGAKUIN_SHIKINAI,181159:1,2
T2S181164_1,（論社1）仲神社（明和町上野）,,,小,,,多気郡,,,,34.5318722,136.6331000,"https://maps.google.com/?q=34.5318722,136.6331000",,,延喜式内社データベースの現社候補（論社）,KOKUGAKUIN_SHIKINAI,181164:1,2
T2S181172_1,（論社1）佐那神社（合祀）,,,小,,,多気郡,,,,34.4809417,136.5461500,"https://maps.google.com/?q=34.4809417,136.5461500",,,延喜式内社データベースの現社候補（論社）,KOKUGAKUIN_SHIKINAI,181172:1,2
T2S183110_1,（論社1）吉備津神社境内,,,小,,,品治郡,,,,34.5688361,133.2711000,"https://maps.google.com/?q=34.5688361,133.2711000",,,延喜式内社データベースの現社候補（論社）,KOKUGAKUIN_SHIKINAI,183110:1,2
T2S181180_1,（論社1）天香山神社,,,小,,,多気郡,,,,34.5725306,136.6073333,"https://maps.google.com/?q=34.5725306,136.6073333",,,延喜式内社データベースの現社候補（論社）,KOKUGAKUIN_SHIKINAI,181180:1,2
T2S181176_1,（論社1）宇田の明神跡（明和町斎宮）,,,小,,,多気郡,,,,34.5321778,136.6145917,"https://maps.google.com/?q=34.5321778,136.6145917",,,延喜式内社データベースの現社候補（論社）,KOKUGAKUIN_SHIKINAI,181176:1,2
T2S181179_1,（論社1）宇留布都神社,,,小,,,多気郡,,,,34.5683167,136.6136611,"https://maps.google.com/?q=34.5683167,136.6136611",,,延喜式内社データベースの現社候補（論社）,KOKUGAKUIN_SHIKINAI,181179:1,2
T2S181170_1,（論社1）津田神社,,,小,,,多気郡,,,,34.5022861,136.5141111,"https://maps.google.com/?q=34.5022861,136.5141111",,,延喜式内社データベースの現社候補（論社）,KOKUGAKUIN_SHIKINAI,181170:1,2
T2S181186_1,（論社1）火地神社（多気郡岩内村）,,,小,,,多気郡,,,,34.5227250,136.5907889,"https://maps.google.com/?q=34.5227250,136.5907889",,,延喜式内社データベースの現社候補（論社）,KOKUGAKUIN_SHIKINAI,181186:1,2
T2S181185_2,（論社1）畠田神社（合祀）,,,小,,,多気郡,,,,34.5867222,136.6195444,"https://maps.google.com/?q=34.5867222,136.6195444",,,延喜式内社データベースの現社候補（論社）,KOKUGAKUIN_SHIKINAI,181185:2,2
T2S181167_1,（論社1）相鹿上神社（合祀）,,,小,,,多気郡,,,,34.5042639,136.5418167,"https://maps.google.com/?q=34.5042639,136.5418167",,,延喜式内社データベースの現社候補（論社）,KOKUGAKUIN_SHIKINAI,181167:1,2
T2S181185_1,（論社1）石田神社跡（旧社地）,,,小,,,多気郡,,,,34.5795361,136.6248000,"https://maps.google.com/?q=34.5795361,136.6248000",,,延喜式内社データベースの現社候補（論社）,KOKUGAKUIN_SHIKINAI,181185:1,2
T2S181175_1,（論社1）神服織機殿神社,,,小,,,多気郡,,,,34.5791806,136.6068750,"https://maps.google.com/?q=34.5791806,136.6068750",,,延喜式内社データベースの現社候補（論社）,KOKUGAKUIN_SHIKINAI,181175:1,2
T2S181176_2,（論社1）秋葉神社（合祀）,,,小,,,多気郡,,,,34.5368278,136.6165944,"https://maps.google.com/?q=34.5368278,136.6165944",,,延喜式内社データベースの現社候補（論社）,KOKUGAKUIN_SHIKINAI,181176:2,2
T2S181181_1,（論社1）穴師神社,,,小,,,多気郡,,,,34.5651194,136.5743833,"https://maps.google.com/?q=34.5651194,136.5743833",,,延喜式内社データベースの現社候補（論社）,KOKUGAKUIN_SHIKINAI,181181:1,2
T2S181186_2,（論社1）竹神社（合祀）,,,小,,,多気郡,,,,34.5372861,136.6186889,"https://maps.google.com/?q=34.5372861,136.6186889",,,延喜式内社データベースの現社候補（論社）,KOKUGAKUIN_SHIKINAI,181186:2,2
T2S181156_1,（論社1）雷電神社,,,小,,,度会郡,,,,34.4983667,136.6693028,"https://maps.google.com/?q=34.4983667,136.6693028",,,延喜式内社データベースの現社候補（論社）,KOKUGAKUIN_SHIKINAI,181156:1,2
T2S181169_1,（論社1）魚見神社（松阪市魚見）,,,小,,,多気郡,,,,34.5710722,136.5959111,"https://maps.google.com/?q=34.5710722,136.5959111",,,延喜式内社データベースの現社候補（論社）,KOKUGAKUIN_SHIKINAI,181169:1,2
T2S181165_1,（論社1）麻續神社（明和町中海）,,,小,,,多気郡,,,,34.5568083,136.6134222,"https://maps.google.com/?q=34.5568083,136.6134222",,,延喜式内社データベースの現社候補（論社）,KOKUGAKUIN_SHIKINAI,181165:1,2
T2S181159_4,（論社2旧社地）須麻漏売神社（平谷）,,,小,,,多気郡,,,,34.4812083,136.5423333,"https://maps.google.com/?q=34.4812083,136.5423333",,,延喜式内社データベースの現社候補（論社）,KOKUGAKUIN_SHIKINAI,181159:4,2
T2S181170_2,（論社2）二十五柱神社（合祀）,,,小,,,多気郡,,,,34.5899944,136.5997528,"https://maps.google.com/?q=34.5899944,136.5997528",,,延喜式内社データベースの現社候補（論社）,KOKUGAKUIN_SHIKINAI,181170:2,2
T2S181164_2,（論社2）仲神社（松阪市井口中町）,,,小,,,多気郡,,,,34.5611444,136.6049250,"https://maps.google.com/?q=34.5611444,136.6049250",,,延喜式内社データベースの現社候補（論社）,KOKUGAKUIN_SHIKINAI,181164:2,2
T2S181159_3,（論社2）佐那神社（合祀）,,,小,,,多気郡,,,,34.4809417,136.5461500,"https://maps.google.com/?q=34.4809417,136.5461500",,,延喜式内社データベースの現社候補（論社）,KOKUGAKUIN_SHIKINAI,181159:3,2
T2S181180_2,（論社2）八柱神社,,,小,,,多気郡,,,,34.5244000,136.5971861,"https://maps.google.com/?q=34.5244000,136.5971861",,,延喜式内社データベースの現社候補（論社）,KOKUGAKUIN_SHIKINAI,181180:2,2
T2S181179_2,（論社2）大日堂（宇気比神社旧社地）,,,小,,,多気郡,,,,34.5841833,136.6225778,"https://maps.google.com/?q=34.5841833,136.6225778",,,延喜式内社データベースの現社候補（論社）,KOKUGAKUIN_SHIKINAI,181179:2,2
T2S181176_3,（論社2）宇爾桜神社境内の権現社,,,小,,,多気郡,,,,34.5204139,136.6154111,"https://maps.google.com/?q=34.5204139,136.6154111",,,延喜式内社データベースの現社候補（論社）,KOKUGAKUIN_SHIKINAI,181176:3,2
T2S181167_3,（論社2）川添神社,,,小,,,多気郡,,,,34.4462500,136.5109889,"https://maps.google.com/?q=34.4462500,136.5109889",,,延喜式内社データベースの現社候補（論社）,KOKUGAKUIN_SHIKINAI,181167:3,2
T2S181172_4,（論社2）御山御前神社,,,小,,,多気郡,,,,34.5856667,136.6315139,"https://maps.google.com/?q=34.5856667,136.6315139",,,延喜式内社データベースの現社候補（論社）,KOKUGAKUIN_SHIKINAI,181172:4,2
T2S181175_3,（論社2）松方神社（旧社地）,,,小,,,多気郡,,,,34.5863806,136.5959528,"https://maps.google.com/?q=34.5863806,136.5959528",,,延喜式内社データベースの現社候補（論社）,KOKUGAKUIN_SHIKINAI,181175:3,2
T2S181182_2,（論社2）清水神社,,,小,,,多気郡,,,,34.5594083,136.5893611,"https://maps.google.com/?q=34.5594083,136.5893611",,,延喜式内社データベースの現社候補（論社）,KOKUGAKUIN_SHIKINAI,181182:2,2
T2S181156_2,（論社2）湯田神社,,,小,,,度会郡,,,,34.5039639,136.6493444,"https://maps.google.com/?q=34.5039639,136.6493444",,,延喜式内社データベースの現社候補（論社）,KOKUGAKUIN_SHIKINAI,181156:2,2
T2S181172_3,（論社2）畠田神社（合祀）,,,小,,,多気郡,,,,34.5867222,136.6195444,"https://maps.google.com/?q=34.5867222,136.6195444",,,延喜式内社データベースの現社候補（論社）,KOKUGAKUIN_SHIKINAI,181172:3,2
T2S183110_3,（論社2）當島八幡神社,,,小,,,品治郡,,,,34.5300389,133.3266528,"https://maps.google.com/?q=34.5300389,133.3266528",,,延喜式内社データベースの現社候補（論社）,KOKUGAKUIN_SHIKINAI,183110:3,2
T2S181185_3,（論社2）神垣神社,,,小,,,多気郡,,,,34.5507083,136.6052028,"https://maps.google.com/?q=34.5507083,136.6052028",,,延喜式内社データベースの現社候補（論社）,KOKUGAKUIN_SHIKINAI,181185:3,2
T2S181165_2,（論社2）神麻續機殿神社,,,小,,,多気郡,,,,34.5568083,136.6134222,"https://maps.google.com/?q=34.5568083,136.6134222",,,延喜式内社データベースの現社候補（論社）,KOKUGAKUIN_SHIKINAI,181165:2,2
T2S181181_2,（論社2）穴師神社跡,,,小,,,多気郡,,,,34.4850722,136.5278389,"https://maps.google.com/?q=34.4850722,136.5278389",,,延喜式内社データベースの現社候補（論社）,KOKUGAKUIN_SHIKINAI,181181:2,2
T2S181177_4,（論社2）西外城田神社（合祀）,,,小,,,多気郡,,,,34.4761361,136.5768222,"https://maps.google.com/?q=34.4761361,136.5768222",,,延喜式内社データベースの現社候補（論社）,KOKUGAKUIN_SHIKINAI,181177:4,2
T2S181169_2,（論社2）魚見神社（松阪市川島）,,,小,,,多気郡,,,,34.5810306,136.5937444,"https://maps.google.com/?q=34.5810306,136.5937444",,,延喜式内社データベースの現社候補（論社）,KOKUGAKUIN_SHIKINAI,181169:2,2
T2S181177_5,（論社3）小田神社（式内伊蘇上神社の境内小社）,,,小,,,多気郡,,,,34.5042639,136.5418167,"https://maps.google.com/?q=34.5042639,136.5418167",,,延喜式内社データベースの現社候補（論社）,KOKUGAKUIN_SHIKINAI,181177:5,2
T2S181156_3,（論社3）高向大社,,,小,,,度会郡,,,,34.5072944,136.6966222,"https://maps.google.com/?q=34.5072944,136.6966222",,,延喜式内社データベースの現社候補（論社）,KOKUGAKUIN_SHIKINAI,181156:3,2
T2S181186_6,（論社4）二十五柱神社（合祀）,,,小,,,多気郡,,,,34.5899944,136.5997528,"https://maps.google.com/?q=34.5899944,136.5997528",,,延喜式内社データベースの現社候補（論社）,KOKUGAKUIN_SHIKINAI,181186:6,2
T2S181177_6,（論社4）四疋田の八柱神社（観喜寺境内）,,,小,,,多気郡,,,,34.5026694,136.5278667,"https://maps.google.com/?q=34.5026694,136.5278667",,,延喜式内社データベースの現社候補（論社）,KOKUGAKUIN_SHIKINAI,181177:6,2
T2S181177_8,（論社4）四疋田八柱神社（分祀）,,,小,,,多気郡,,,,34.4955417,136.5327472,"https://maps.google.com/?q=34.4955417,136.5327472",,,延喜式内社データベースの現社候補（論社）,KOKUGAKUIN_SHIKINAI,181177:8,2
T2S181186_5,（論社4）宇気比神社（乙部村）,,,小,,,多気郡,,,,34.5846056,136.5903750,"https://maps.google.com/?q=34.5846056,136.5903750",,,延喜式内社データベースの現社候補（論社）,KOKUGAKUIN_SHIKINAI,181186:5,2
T2S181177_7,（論社4）津田神社（合祀）,,,小,,,多気郡,,,,34.5022861,136.5141111,"https://maps.google.com/?q=34.5022861,136.5141111",,,延喜式内社データベースの現社候補（論社）,KOKUGAKUIN_SHIKINAI,181177:7,2
T2S181156_4,（論社4）神村神社（旧跡）,,,小,,,度会郡,,,,34.5076583,136.6961861,"https://maps.google.com/?q=34.5076583,136.6961861",,,延喜式内社データベースの現社候補（論社）,KOKUGAKUIN_SHIKINAI,181156:4,2
T2S181176_5,（論社4）織機殿神社,,,小,,,多気郡,,,,34.5640056,136.6185889,"https://maps.google.com/?q=34.5640056,136.6185889",,,延喜式内社データベースの現社候補（論社）,KOKUGAKUIN_SHIKINAI,181176:5,2
T2S181186_8,（論社5）佐那神社（合祀）,,,小,,,多気郡,,,,34.4809417,136.5461500,"https://maps.google.com/?q=34.4809417,136.5461500",,,延喜式内社データベースの現社候補（論社）,KOKUGAKUIN_SHIKINAI,181186:8,2
T2S181186_7,（論社5）八柱神社（油夫）,,,小,,,多気郡,,,,34.4791417,136.5552306,"https://maps.google.com/?q=34.4791417,136.5552306",,,延喜式内社データベースの現社候補（論社）,KOKUGAKUIN_SHIKINAI,181186:7,2
T2S181177_9,（論社5）幸神社（合祀）,,,小,,,多気郡,,,,34.4715444,136.5969472,"https://maps.google.com/?q=34.4715444,136.5969472",,,延喜式内社データベースの現社候補（論社）,KOKUGAKUIN_SHIKINAI,181177:9,2
T2S181156_5,（論社5）離宮院跡,,,小,,,度会郡,,,,34.5028778,136.6725778,"https://maps.google.com/?q=34.5028778,136.6725778",,,延喜式内社データベースの現社候補（論社）,KOKUGAKUIN_SHIKINAI,181156:5,2
T2S181198_2,（論社Aを合祀する）畠田神社,,,小,,,多気郡,,,,34.5867222,136.6195417,"https://maps.google.com/?q=34.5867222,136.6195417",,,延喜式内社データベースの現社候補（論社）,KOKUGAKUIN_SHIKINAI,181198:2,2
T2S181259_2,（論社Aを合祀する）関神社,,,小,,,鈴鹿郡,,,,34.8538972,136.3959639,"https://maps.google.com/?q=34.8538972,136.3959639",,,延喜式内社データベースの現社候補（論社）,KOKUGAKUIN_SHIKINAI,181259:2,2
T2S181260_1,（論社A）三宅神社,,,小,,,鈴鹿郡,,,,34.8241222,136.5046056,"https://maps.google.com/?q=34.8241222,136.5046056",,,延喜式内社データベースの現社候補（論社）,KOKUGAKUIN_SHIKINAI,181260:1,2
T2S181261_1,（論社A）三宅神社に合祀,,,小,,,鈴鹿郡,,,,34.8544306,136.5071861,"https://maps.google.com/?q=34.8544306,136.5071861",,,延喜式内社データベースの現社候補（論社）,KOKUGAKUIN_SHIKINAI,181261:1,2
T2S183344_1,（論社A）中津神社,,,名大,,,壱岐郡,,,,33.8349472,129.7168333,"https://maps.google.com/?q=33.8349472,129.7168333",,,延喜式内社データベースの現社候補（論社）,KOKUGAKUIN_SHIKINAI,183344:1,2
T2S181241_1,（論社A）事忌神社,,,小,,,奄藝郡,,,,34.8327333,136.4296639,"https://maps.google.com/?q=34.8327333,136.4296639",,,延喜式内社データベースの現社候補（論社）,KOKUGAKUIN_SHIKINAI,181241:1,2
T2S183265_1,（論社A）伊豫神社,,,名大,,,伊予郡,,,,33.7838972,132.7432333,"https://maps.google.com/?q=33.7838972,132.7432333",,,延喜式内社データベースの現社候補（論社）,KOKUGAKUIN_SHIKINAI,183265:1,2
T2S181294_1,（論社A）伊賀留我神社,,,小,,,朝明郡,,,,35.0083139,136.6333583,"https://maps.google.com/?q=35.0083139,136.6333583",,,延喜式内社データベースの現社候補（論社）,KOKUGAKUIN_SHIKINAI,181294:1,2
T2S181340_1,（論社A）伊雑神社,,,名大,,,答志郡,,,,34.3802889,136.8090722,"https://maps.google.com/?q=34.3802889,136.8090722",,,延喜式内社データベースの現社候補（論社）,KOKUGAKUIN_SHIKINAI,181340:1,2
T2S183179_1,（論社A）健布都神社,,,小,,,阿波郡,,,,34.0833139,134.2989472,"https://maps.google.com/?q=34.0833139,134.2989472",,,延喜式内社データベースの現社候補（論社）,KOKUGAKUIN_SHIKINAI,183179:1,2
T2S183377_1,（論社A）八幡宮神社,,,名大,,,下県郡,,,,34.2065889,129.2891861,"https://maps.google.com/?q=34.2065889,129.2891861",,,延喜式内社データベースの現社候補（論社）,KOKUGAKUIN_SHIKINAI,183377:1,2
T2S181204_1,（論社A）八柱神社,,,小,,,飯野郡,,,,34.5700278,136.5640361,"https://maps.google.com/?q=34.5700278,136.5640361",,,延喜式内社データベースの現社候補（論社）,KOKUGAKUIN_SHIKINAI,181204:1,2
T2S183338_1,（論社A）兵主神社,,,名大,,,壱岐郡,,,,33.7788917,129.7445833,"https://maps.google.com/?q=33.7788917,129.7445833",,,延喜式内社データベースの現社候補（論社）,KOKUGAKUIN_SHIKINAI,183338:1,2
T2S181289_1,（論社A）加富神社,,,小,,,三重郡,,,,34.9355361,136.5628583,"https://maps.google.com/?q=34.9355361,136.5628583",,,延喜式内社データベースの現社候補（論社）,KOKUGAKUIN_SHIKINAI,181289:1,2
T2S183239_1,（論社A）加麻良神社,,,小,,,苅田郡,,,,34.1368000,133.6780444,"https://maps.google.com/?q=34.1368000,133.6780444",,,延喜式内社データベースの現社候補（論社）,KOKUGAKUIN_SHIKINAI,183239:1,2
T2S183368_1,（論社A）和多都美御子神社,,,名大,,,上県郡,,,,34.3964361,129.3146139,"https://maps.google.com/?q=34.3964361,129.3146139",,,延喜式内社データベースの現社候補（論社）,KOKUGAKUIN_SHIKINAI,183368:1,2
T2S183358_1,（論社A）和多都美神社,,,名大,,,上県郡,,,,34.3791667,129.3118167,"https://maps.google.com/?q=34.3791667,129.3118167",,,延喜式内社データベースの現社候補（論社）,KOKUGAKUIN_SHIKINAI,183358:1,2
T2S182972_1,（論社A）国分寺霹靂神社,,,小,,,迩摩郡,,,,35.1541472,132.4020944,"https://maps.google.com/?q=35.1541472,132.4020944",,,延喜式内社データベースの現社候補（論社）,KOKUGAKUIN_SHIKINAI,182972:1,2
T2S183349_1,（論社A）国津神社,,,小,,,石田郡,,,,33.7510111,129.6597194,"https://maps.google.com/?q=33.7510111,129.6597194",,,延喜式内社データベースの現社候補（論社）,KOKUGAKUIN_SHIKINAI,183349:1,2
T2S181286_1,（論社A）土師神社,,,小,,,河曲郡,,,,34.8684611,136.6039528,"https://maps.google.com/?q=34.8684611,136.6039528",,,延喜式内社データベースの現社候補（論社）,KOKUGAKUIN_SHIKINAI,181286:1,2
T2S183224_1,（論社A）多和神社,,,小,,,寒川郡,,,,34.2101528,134.1851639,"https://maps.google.com/?q=34.2101528,134.1851639",,,延喜式内社データベースの現社候補（論社）,KOKUGAKUIN_SHIKINAI,183224:1,2
T2S181320_1,（論社A）多奈閇神社,,,小,,,員弁郡,,,,35.1978722,136.5226611,"https://maps.google.com/?q=35.1978722,136.5226611",,,延喜式内社データベースの現社候補（論社）,KOKUGAKUIN_SHIKINAI,181320:1,2
T2S181240_1,（論社A）大乃己所神社,,,小,,,奄藝郡,,,,34.7616750,136.4898417,"https://maps.google.com/?q=34.7616750,136.4898417",,,延喜式内社データベースの現社候補（論社）,KOKUGAKUIN_SHIKINAI,181240:1,2
T2S181259_1,（論社A）大井神社古社地,,,小,,,鈴鹿郡,,,,34.8440750,136.4005083,"https://maps.google.com/?q=34.8440750,136.4005083",,,延喜式内社データベースの現社候補（論社）,KOKUGAKUIN_SHIKINAI,181259:1,2
T2S183312_1,（論社A）大分西寒田神社,,,大,,,大分郡,,,,33.1729417,131.5982778,"https://maps.google.com/?q=33.1729417,131.5982778",,,延喜式内社データベースの現社候補（論社）,KOKUGAKUIN_SHIKINAI,183312:1,2
T2S182986_1,（論社A）大原神社,,,小,,,邑智郡,,,,34.8847222,132.3588056,"https://maps.google.com/?q=34.8847222,132.3588056",,,延喜式内社データベースの現社候補（論社）,KOKUGAKUIN_SHIKINAI,182986:1,2
T2S181228_1,（論社A）大市神社,,,小,,,安濃郡,,,,34.7419833,136.4465167,"https://maps.google.com/?q=34.7419833,136.4465167",,,延喜式内社データベースの現社候補（論社）,KOKUGAKUIN_SHIKINAI,181228:1,2
T2S181281_1,（論社A）大木神社,,,小,,,河曲郡,,,,34.9059500,136.5462972,"https://maps.google.com/?q=34.9059500,136.5462972",,,延喜式内社データベースの現社候補（論社）,KOKUGAKUIN_SHIKINAI,181281:1,2
T2S183186_1,（論社A）天戸八坂神社,,,小,,,美馬郡,,,,34.0418833,133.8623194,"https://maps.google.com/?q=34.0418833,133.8623194",,,延喜式内社データベースの現社候補（論社）,KOKUGAKUIN_SHIKINAI,183186:1,2
T2S183346_1,（論社A）天手長男神社,,,名大,,,石田郡,,,,33.7639389,129.7023861,"https://maps.google.com/?q=33.7639389,129.7023861",,,延喜式内社データベースの現社候補（論社）,KOKUGAKUIN_SHIKINAI,183346:1,2
T2S183193_1,（論社A）天村雲神社,,,小,,,麻殖郡,,,,34.0564139,134.2240667,"https://maps.google.com/?q=34.0564139,134.2240667",,,延喜式内社データベースの現社候補（論社）,KOKUGAKUIN_SHIKINAI,183193:1,2
T2S183286_1,（論社A）天石門別安國玉主天神社（貴船神社),,,小,,,吾川郡,,,,33.5534417,133.3887917,"https://maps.google.com/?q=33.5534417,133.3887917",,,延喜式内社データベースの現社候補（論社）,KOKUGAKUIN_SHIKINAI,183286:1,2
T2S183361_1,（論社A）天諸羽命神社,,,小,,,上県郡,,,,34.6182361,129.3530417,"https://maps.google.com/?q=34.6182361,129.3530417",,,延喜式内社データベースの現社候補（論社）,KOKUGAKUIN_SHIKINAI,183361:1,2
T2S183177_1,（論社A）宇志比古神社,,,小,,,板野郡,,,,34.1618194,134.5368583,"https://maps.google.com/?q=34.1618194,134.5368583",,,延喜式内社データベースの現社候補（論社）,KOKUGAKUIN_SHIKINAI,183177:1,2
T2S181084_1,（論社A）宇都可神社,,,小,,,阿拝郡,,,,34.7989222,136.1467639,"https://maps.google.com/?q=34.7989222,136.1467639",,,延喜式内社データベースの現社候補（論社）,KOKUGAKUIN_SHIKINAI,181084:1,2
T2S183232_1,（論社A）宇閉神社本宮,,,小,,,鵜足郡,,,,34.2220806,133.8797972,"https://maps.google.com/?q=34.2220806,133.8797972",,,延喜式内社データベースの現社候補（論社）,KOKUGAKUIN_SHIKINAI,183232:1,2
T2S181329_1,（論社A）小山尾津神社,,,小,,,桑名郡,,,,35.1353278,136.6407500,"https://maps.google.com/?q=35.1353278,136.6407500",,,延喜式内社データベースの現社候補（論社）,KOKUGAKUIN_SHIKINAI,181329:1,2
T2S181223_1,（論社A）小川神社,,,小,,,壱志郡,,,,34.6319194,136.4749556,"https://maps.google.com/?q=34.6319194,136.4749556",,,延喜式内社データベースの現社候補（論社）,KOKUGAKUIN_SHIKINAI,181223:1,2
T2S181276_1,（論社A）小川神社,,,小,,,河曲郡,,,,34.8591278,136.6128583,"https://maps.google.com/?q=34.8591278,136.6128583",,,延喜式内社データベースの現社候補（論社）,KOKUGAKUIN_SHIKINAI,181276:1,2
T2S183364_1,（論社A）小牧宿祢命神社,,,小,,,上県郡,,,,34.4756333,129.3189111,"https://maps.google.com/?q=34.4756333,129.3189111",,,延喜式内社データベースの現社候補（論社）,KOKUGAKUIN_SHIKINAI,183364:1,2
T2S183208_1,（論社A）山方比古神社,,,小,,,勝浦郡,,,,33.9846417,134.5290333,"https://maps.google.com/?q=33.9846417,134.5290333",,,延喜式内社データベースの現社候補（論社）,KOKUGAKUIN_SHIKINAI,183208:1,2
T2S182982_1,（論社A）山辺神社,,,小,,,那賀郡,,,,35.0086806,132.2267750,"https://maps.google.com/?q=35.0086806,132.2267750",,,延喜式内社データベースの現社候補（論社）,KOKUGAKUIN_SHIKINAI,182982:1,2
T2S182969_1,（論社A）山邊八代姫命神社,,,小,,,迩摩郡,,,,35.1635167,132.4818722,"https://maps.google.com/?q=35.1635167,132.4818722",,,延喜式内社データベースの現社候補（論社）,KOKUGAKUIN_SHIKINAI,182969:1,2
T2S183359_1,（論社A）島大國魂神社,,,小,,,上県郡,,,,34.7001139,129.4638306,"https://maps.google.com/?q=34.7001139,129.4638306",,,延喜式内社データベースの現社候補（論社）,KOKUGAKUIN_SHIKINAI,183359:1,2
T2S183371_1,（論社A）嶋大國魂御子神社,,,小,,,上県郡,,,,34.6380861,129.4049306,"https://maps.google.com/?q=34.6380861,129.4049306",,,延喜式内社データベースの現社候補（論社）,KOKUGAKUIN_SHIKINAI,183371:1,2
T2S181225_1,（論社A）川併神社,,,小,,,壱志郡,,,,34.6561556,136.4621889,"https://maps.google.com/?q=34.6561556,136.4621889",,,延喜式内社データベースの現社候補（論社）,KOKUGAKUIN_SHIKINAI,181225:1,2
T2S181252_1,（論社A）川俣神社,,,小,,,鈴鹿郡,,,,34.8416000,136.3163056,"https://maps.google.com/?q=34.8416000,136.3163056",,,延喜式内社データベースの現社候補（論社）,KOKUGAKUIN_SHIKINAI,181252:1,2
T2S183222_1,（論社A）布勢神社,,,小,,,寒川郡,,,,34.2580556,134.2034083,"https://maps.google.com/?q=34.2580556,134.2034083",,,延喜式内社データベースの現社候補（論社）,KOKUGAKUIN_SHIKINAI,183222:1,2
T2S183185_1,（論社A）建神社,,,小,,,美馬郡,,,,34.0360056,134.0317778,"https://maps.google.com/?q=34.0360056,134.0317778",,,延喜式内社データベースの現社候補（論社）,KOKUGAKUIN_SHIKINAI,183185:1,2
T2S183226_1,（論社A）引宮神社,,,小,,,三木郡,,,,34.2970111,134.1419583,"https://maps.google.com/?q=34.2970111,134.1419583",,,延喜式内社データベースの現社候補（論社）,KOKUGAKUIN_SHIKINAI,183226:1,2
T2S183302_1,（論社A）御祖神社（高良大社の末社）,,,小,,,三井郡,,,,33.3024056,130.5610556,"https://maps.google.com/?q=33.3024056,130.5610556",,,延喜式内社データベースの現社候補（論社）,KOKUGAKUIN_SHIKINAI,183302:1,2
T2S181229_1,（論社A）志夫美神社,,,小,,,安濃郡,,,,34.7352000,136.4918472,"https://maps.google.com/?q=34.7352000,136.4918472",,,延喜式内社データベースの現社候補（論社）,KOKUGAKUIN_SHIKINAI,181229:1,2
T2S181226_1,（論社A）敏太神社,,,小,,,壱志郡,,,,34.6815389,136.4488556,"https://maps.google.com/?q=34.6815389,136.4488556",,,延喜式内社データベースの現社候補（論社）,KOKUGAKUIN_SHIKINAI,181226:1,2
T2S183383_1,（論社A）敷島神社,,,小,,,下県郡,,,,34.2830111,129.2406972,"https://maps.google.com/?q=34.2830111,129.2406972",,,延喜式内社データベースの現社候補（論社）,KOKUGAKUIN_SHIKINAI,183383:1,2
T2S181254_1,（論社A）明神社,,,小,,,鈴鹿郡,,,,34.8393667,136.4137000,"https://maps.google.com/?q=34.8393667,136.4137000",,,延喜式内社データベースの現社候補（論社）,KOKUGAKUIN_SHIKINAI,181254:1,2
T2S183339_1,（論社A）月讀神社,,,名大,,,壱岐郡,,,,33.7996278,129.7236861,"https://maps.google.com/?q=33.7996278,129.7236861",,,延喜式内社データベースの現社候補（論社）,KOKUGAKUIN_SHIKINAI,183339:1,2
T2S181247_1,（論社A）服織神社,,,小,,,奄藝郡,,,,34.8305389,136.5225361,"https://maps.google.com/?q=34.8305389,136.5225361",,,延喜式内社データベースの現社候補（論社）,KOKUGAKUIN_SHIKINAI,181247:1,2
T2S180887_1,（論社A）杜本神社,,,名大・月・新,,,安宿郡,,,,34.5456611,135.6258083,"https://maps.google.com/?q=34.5456611,135.6258083",,,延喜式内社データベースの現社候補（論社）,KOKUGAKUIN_SHIKINAI,180887:1,2
T2S183327_1,（論社A）東霧島神社,,,小,,,諸県郡,,,,31.8454000,131.0598972,"https://maps.google.com/?q=31.8454000,131.0598972",,,延喜式内社データベースの現社候補（論社）,KOKUGAKUIN_SHIKINAI,183327:1,2
T2S183228_1,（論社A）東鴨神社,,,小,,,阿野郡,,,,34.3122028,133.9156028,"https://maps.google.com/?q=34.3122028,133.9156028",,,延喜式内社データベースの現社候補（論社）,KOKUGAKUIN_SHIKINAI,183228:1,2
T2S181212_1,（論社A）松阪神社,,,小,,,飯高郡,,,,34.5737417,136.5248167,"https://maps.google.com/?q=34.5737417,136.5248167",,,延喜式内社データベースの現社候補（論社）,KOKUGAKUIN_SHIKINAI,181212:1,2
T2S181198_1,（論社A）根倉神社跡,,,小,,,多気郡,,,,34.5747639,136.6354389,"https://maps.google.com/?q=34.5747639,136.6354389",,,延喜式内社データベースの現社候補（論社）,KOKUGAKUIN_SHIKINAI,181198:1,2
T2S181293_1,（論社A）椿岸神社,,,小,,,三重郡,,,,34.9932139,136.5421000,"https://maps.google.com/?q=34.9932139,136.5421000",,,延喜式内社データベースの現社候補（論社）,KOKUGAKUIN_SHIKINAI,181293:1,2
T2S183189_1,（論社A）武大神社,,,小,,,美馬郡,,,,33.9925389,133.8788694,"https://maps.google.com/?q=33.9925389,133.8788694",,,延喜式内社データベースの現社候補（論社）,KOKUGAKUIN_SHIKINAI,183189:1,2
T2S181234_1,（論社A）比佐豆知菅原神社,,,小,,,安濃郡,,,,34.7631528,136.4134111,"https://maps.google.com/?q=34.7631528,136.4134111",,,延喜式内社データベースの現社候補（論社）,KOKUGAKUIN_SHIKINAI,181234:1,2
T2S181288_1,（論社A）江田神社,,,小,,,三重郡,,,,34.9989417,136.5889361,"https://maps.google.com/?q=34.9989417,136.5889361",,,延喜式内社データベースの現社候補（論社）,KOKUGAKUIN_SHIKINAI,181288:1,2
T2S183170_1,（論社A）河上神社天満宮,,,小,,,津名郡,,,,34.4003333,134.8154722,"https://maps.google.com/?q=34.4003333,134.8154722",,,延喜式内社データベースの現社候補（論社）,KOKUGAKUIN_SHIKINAI,183170:1,2
T2S181222_1,（論社A）波氐神社,,,小,,,壱志郡,,,,34.5832417,136.3691528,"https://maps.google.com/?q=34.5832417,136.3691528",,,延喜式内社データベースの現社候補（論社）,KOKUGAKUIN_SHIKINAI,181222:1,2
T2S183350_1,（論社A）海神社,,,大,,,石田郡,,,,33.7619639,129.7773278,"https://maps.google.com/?q=33.7619639,129.7773278",,,延喜式内社データベースの現社候補（論社）,KOKUGAKUIN_SHIKINAI,183350:1,2
T2S181266_1,（論社A）片山神社,,,小,,,鈴鹿郡,,,,34.8911361,136.3371861,"https://maps.google.com/?q=34.8911361,136.3371861",,,延喜式内社データベースの現社候補（論社）,KOKUGAKUIN_SHIKINAI,181266:1,2
T2S181202_1,（論社A）牛庭神社,,,小,,,多気郡,,,,34.5226778,136.5419611,"https://maps.google.com/?q=34.5226778,136.5419611",,,延喜式内社データベースの現社候補（論社）,KOKUGAKUIN_SHIKINAI,181202:1,2
T2S181321_1,（論社A）猪名部神社,,,小,,,員弁郡,,,,35.1844222,136.4917861,"https://maps.google.com/?q=35.1844222,136.4917861",,,延喜式内社データベースの現社候補（論社）,KOKUGAKUIN_SHIKINAI,181321:1,2
T2S181101_2,（論社A）猪田神社,,,小,,,伊賀郡,,,,34.7120639,136.1457500,"https://maps.google.com/?q=34.7120639,136.1457500",,,延喜式内社データベースの現社候補（論社）,KOKUGAKUIN_SHIKINAI,181101:2,2
T2S183182_1,（論社A）田寸神社,,,小,,,美馬郡,,,,34.0325167,133.9355278,"https://maps.google.com/?q=34.0325167,133.9355278",,,延喜式内社データベースの現社候補（論社）,KOKUGAKUIN_SHIKINAI,183182:1,2
T2S181273_1,（論社A）矢椅神社,,,小,,,河曲郡,,,,34.8731000,136.5996639,"https://maps.google.com/?q=34.8731000,136.5996639",,,延喜式内社データベースの現社候補（論社）,KOKUGAKUIN_SHIKINAI,181273:1,2
T2S181263_1,（論社A）石大神（椿大神社に合祀）,,,小,,,鈴鹿郡,,,,34.9536500,136.4338056,"https://maps.google.com/?q=34.9536500,136.4338056",,,延喜式内社データベースの現社候補（論社）,KOKUGAKUIN_SHIKINAI,181263:1,2
T2S181245_1,（論社A）石積神社,,,小,,,奄藝郡,,,,34.7676694,136.4882417,"https://maps.google.com/?q=34.7676694,136.4882417",,,延喜式内社データベースの現社候補（論社）,KOKUGAKUIN_SHIKINAI,181245:1,2
T2S181299_1,（論社A）石部神社に合祀,,,小,,,朝明郡,,,,35.0407472,136.5849611,"https://maps.google.com/?q=35.0407472,136.5849611",,,延喜式内社データベースの現社候補（論社）,KOKUGAKUIN_SHIKINAI,181299:1,2
T2S183223_1,（論社A）神前神社,,,小,,,寒川郡,,,,34.2840722,134.2096750,"https://maps.google.com/?q=34.2840722,134.2096750",,,延喜式内社データベースの現社候補（論社）,KOKUGAKUIN_SHIKINAI,183223:1,2
T2S181268_1,（論社A）神舘飯野高市神社,,,小,,,河曲郡,,,,34.8819278,136.5790806,"https://maps.google.com/?q=34.8819278,136.5790806",,,延喜式内社データベースの現社候補（論社）,KOKUGAKUIN_SHIKINAI,181268:1,2
T2S181287_1,（論社A）神舘飯野高市神社に合祀,,,小,,,河曲郡,,,,34.8819278,136.5790806,"https://maps.google.com/?q=34.8819278,136.5790806",,,延喜式内社データベースの現社候補（論社）,KOKUGAKUIN_SHIKINAI,181287:1,2
T2S183234_1,（論社A）神野神社,,,小,,,那珂郡,,,,34.1660389,133.8657611,"https://maps.google.com/?q=34.1660389,133.8657611",,,延喜式内社データベースの現社候補（論社）,KOKUGAKUIN_SHIKINAI,183234:1,2
T2S181219_1,（論社A）稲葉神社,,,小,,,壱志郡,,,,34.6972583,136.4077667,"https://maps.google.com/?q=34.6972583,136.4077667",,,延喜式内社データベースの現社候補（論社）,KOKUGAKUIN_SHIKINAI,181219:1,2
T2S181311_1,（論社A）穂積神社,,,小,,,朝明郡,,,,35.0287972,136.6450917,"https://maps.google.com/?q=35.0287972,136.6450917",,,延喜式内社データベースの現社候補（論社）,KOKUGAKUIN_SHIKINAI,181311:1,2
T2S182728_1,（論社A）美取神社,,,小,,,巨濃郡,,,,35.5636917,134.3216167,"https://maps.google.com/?q=35.5636917,134.3216167",,,延喜式内社データベースの現社候補（論社）,KOKUGAKUIN_SHIKINAI,182728:1,2
T2S183299_1,（論社A）美奈宜神社,,,名大,,,下座郡,,,,33.3750667,130.6735917,"https://maps.google.com/?q=33.3750667,130.6735917",,,延喜式内社データベースの現社候補（論社）,KOKUGAKUIN_SHIKINAI,183299:1,2
T2S181305_1,（論社A）耳常神社,,,小,,,朝明郡,,,,35.0157389,136.6418472,"https://maps.google.com/?q=35.0157389,136.6418472",,,延喜式内社データベースの現社候補（論社）,KOKUGAKUIN_SHIKINAI,181305:1,2
T2S183370_1,（論社A）胡禄御子神社,,,小,,,上県郡,,,,34.5538694,129.4672806,"https://maps.google.com/?q=34.5538694,129.4672806",,,延喜式内社データベースの現社候補（論社）,KOKUGAKUIN_SHIKINAI,183370:1,2
T2S183369_1,（論社A）胡禄神社,,,小,,,上県郡,,,,34.5556417,129.4728472,"https://maps.google.com/?q=34.5556417,129.4728472",,,延喜式内社データベースの現社候補（論社）,KOKUGAKUIN_SHIKINAI,183369:1,2
T2S183360_1,（論社A）能理刀神社,,,小,,,上県郡,,,,34.6575361,129.4770250,"https://maps.google.com/?q=34.6575361,129.4770250",,,延喜式内社データベースの現社候補（論社）,KOKUGAKUIN_SHIKINAI,183360:1,2
T2S181298_1,（論社A）菟上耳利神社,,,小,,,朝明郡,,,,35.0362111,136.6292556,"https://maps.google.com/?q=35.0362111,136.6292556",,,延喜式内社データベースの現社候補（論社）,KOKUGAKUIN_SHIKINAI,181298:1,2
T2S183367_1,（論社A）行相神社,,,小,,,上県郡,,,,34.4310556,129.2967306,"https://maps.google.com/?q=34.4310556,129.2967306",,,延喜式内社データベースの現社候補（論社）,KOKUGAKUIN_SHIKINAI,183367:1,2
T2S183303_1,（論社A）豊姫神社,,,名大,,,三井郡,,,,33.2826028,130.5284000,"https://maps.google.com/?q=33.2826028,130.5284000",,,延喜式内社データベースの現社候補（論社）,KOKUGAKUIN_SHIKINAI,183303:1,2
T2S181292_1,（論社A）足見田神社,,,小,,,三重郡,,,,34.9760056,136.4726000,"https://maps.google.com/?q=34.9760056,136.4726000",,,延喜式内社データベースの現社候補（論社）,KOKUGAKUIN_SHIKINAI,181292:1,2
T2S183365_1,（論社A）那須加美乃金子神社,,,小,,,上県郡,,,,34.5141222,129.4341167,"https://maps.google.com/?q=34.5141222,129.4341167",,,延喜式内社データベースの現社候補（論社）,KOKUGAKUIN_SHIKINAI,183365:1,2
T2S181277_1,（論社A）都波岐神社,,,小,,,河曲郡,,,,34.9012444,136.6012806,"https://maps.google.com/?q=34.9012444,136.6012806",,,延喜式内社データベースの現社候補（論社）,KOKUGAKUIN_SHIKINAI,181277:1,2
T2S182981_1,（論社A）都野津大年神社,,,小,,,那賀郡,,,,34.9907944,132.1924750,"https://maps.google.com/?q=34.9907944,132.1924750",,,延喜式内社データベースの現社候補（論社）,KOKUGAKUIN_SHIKINAI,182981:1,2
T2S181242_1,（論社A）酒井神社,,,小,,,奄藝郡,,,,34.8191000,136.5384306,"https://maps.google.com/?q=34.8191000,136.5384306",,,延喜式内社データベースの現社候補（論社）,KOKUGAKUIN_SHIKINAI,181242:1,2
T2S183375_1,（論社A）銀山上神社,,,小,,,下県郡,,,,34.1759139,129.1964417,"https://maps.google.com/?q=34.1759139,129.1964417",,,延喜式内社データベースの現社候補（論社）,KOKUGAKUIN_SHIKINAI,183375:1,2
T2S183385_1,（論社A）銀山神社,,,小,,,下県郡,,,,34.2285722,129.2147222,"https://maps.google.com/?q=34.2285722,129.2147222",,,延喜式内社データベースの現社候補（論社）,KOKUGAKUIN_SHIKINAI,183385:1,2
T2S183384_1,（論社A）銀山神社（都々智神社の遥拝所）,,,小,,,下県郡,,,,34.2285722,129.2147222,"https://maps.google.com/?q=34.2285722,129.2147222",,,延喜式内社データベースの現社候補（論社）,KOKUGAKUIN_SHIKINAI,183384:1,2
T2S181264_1,（論社A）長瀬神社,,,小,,,鈴鹿郡,,,,34.9429694,136.4809861,"https://maps.google.com/?q=34.9429694,136.4809861",,,延喜式内社データベースの現社候補（論社）,KOKUGAKUIN_SHIKINAI,181264:1,2
T2S183336_1,（論社A）阿多彌神社,,,小,,,壱岐郡,,,,33.7963417,129.6998278,"https://maps.google.com/?q=33.7963417,129.6998278",,,延喜式内社データベースの現社候補（論社）,KOKUGAKUIN_SHIKINAI,183336:1,2
T2S181221_1,（論社A）阿射加神社,,,名大,,,壱志郡,,,,34.5908139,136.4687611,"https://maps.google.com/?q=34.5908139,136.4687611",,,延喜式内社データベースの現社候補（論社）,KOKUGAKUIN_SHIKINAI,181221:1,2
T2S183261_1,（論社A）阿沼美神社,,,名大,,,温泉郡,,,,33.8460944,132.7563917,"https://maps.google.com/?q=33.8460944,132.7563917",,,延喜式内社データベースの現社候補（論社）,KOKUGAKUIN_SHIKINAI,183261:1,2
T2S181232_1,（論社A）阿由多神社,,,小,,,安濃郡,,,,34.7766028,136.4569861,"https://maps.google.com/?q=34.7766028,136.4569861",,,延喜式内社データベースの現社候補（論社）,KOKUGAKUIN_SHIKINAI,181232:1,2
T2S181282_1,（論社A）阿自賀神社,,,小,,,河曲郡,,,,34.8864611,136.5846556,"https://maps.google.com/?q=34.8864611,136.5846556",,,延喜式内社データベースの現社候補（論社）,KOKUGAKUIN_SHIKINAI,181282:1,2
T2S183236_1,（論社A）雲気神社,,,小,,,多度郡,,,,34.2358111,133.7539111,"https://maps.google.com/?q=34.2358111,133.7539111",,,延喜式内社データベースの現社候補（論社）,KOKUGAKUIN_SHIKINAI,183236:1,2
T2S183376_1,（論社A）雷命神社,,,小,,,下県郡,,,,34.2695111,129.2056167,"https://maps.google.com/?q=34.2695111,129.2056167",,,延喜式内社データベースの現社候補（論社）,KOKUGAKUIN_SHIKINAI,183376:1,2
T2S181335_1,（論社A）額田神社,,,小,,,桑名郡,,,,35.0641861,136.6426472,"https://maps.google.com/?q=35.0641861,136.6426472",,,延喜式内社データベースの現社候補（論社）,KOKUGAKUIN_SHIKINAI,181335:1,2
T2S181278_1,（論社A）飯野神社,,,小,,,河曲郡,,,,34.8782278,136.5560361,"https://maps.google.com/?q=34.8782278,136.5560361",,,延喜式内社データベースの現社候補（論社）,KOKUGAKUIN_SHIKINAI,181278:1,2
T2S183190_1,（論社A）馬岡新田神社,,,小,,,美馬郡,,,,33.9901917,133.8800250,"https://maps.google.com/?q=33.9901917,133.8800250",,,延喜式内社データベースの現社候補（論社）,KOKUGAKUIN_SHIKINAI,183190:1,2
T2S183341_1,（論社A）高御祖神社,,,小,,,壱岐郡,,,,33.7909639,129.7563750,"https://maps.google.com/?q=33.7909639,129.7563750",,,延喜式内社データベースの現社候補（論社）,KOKUGAKUIN_SHIKINAI,183341:1,2
T2S183184_1,（論社A）高越神社,,,小,,,美馬郡,,,,34.0178611,134.1964917,"https://maps.google.com/?q=34.0178611,134.1964917",,,延喜式内社データベースの現社候補（論社）,KOKUGAKUIN_SHIKINAI,183184:1,2
T2S181323_1,（論社A）鳥取神社,,,小,,,員弁郡,,,,35.0843222,136.5525528,"https://maps.google.com/?q=35.0843222,136.5525528",,,延喜式内社データベースの現社候補（論社）,KOKUGAKUIN_SHIKINAI,181323:1,2
T2S183377_3,（論社A）鶏知住吉神社,,,名大,,,下県郡,,,,34.2688194,129.3151889,"https://maps.google.com/?q=34.2688194,129.3151889",,,延喜式内社データベースの現社候補（論社）,KOKUGAKUIN_SHIKINAI,183377:3,2
T2S183176_1,（論社A）鹿江比売神社,,,小,,,板野郡,,,,34.1302750,134.4124639,"https://maps.google.com/?q=34.1302750,134.4124639",,,延喜式内社データベースの現社候補（論社）,KOKUGAKUIN_SHIKINAI,183176:1,2
T2S181217_1,（論社A）龍天宮波多神社,,,小,,,壱志郡,,,,34.6547083,136.4463639,"https://maps.google.com/?q=34.6547083,136.4463639",,,延喜式内社データベースの現社候補（論社）,KOKUGAKUIN_SHIKINAI,181217:1,2
T2S181202_2,（論社Bの旧社地）牛庭神社跡,,,小,,,多気郡,,,,34.5831417,136.5973750,"https://maps.google.com/?q=34.5831417,136.5973750",,,延喜式内社データベースの現社候補（論社）,KOKUGAKUIN_SHIKINAI,181202:2,2
T2S181311_3,（論社Bを合祀する）福王神社,,,小,,,朝明郡,,,,35.0842583,136.4768833,"https://maps.google.com/?q=35.0842583,136.4768833",,,延喜式内社データベースの現社候補（論社）,KOKUGAKUIN_SHIKINAI,181311:3,2
T2S183364_2,（論社B）,,,小,,,上県郡,,,,34.4411611,129.3684139,"https://maps.google.com/?q=34.4411611,129.3684139",,,延喜式内社データベースの現社候補（論社）,KOKUGAKUIN_SHIKINAI,183364:2,2
T2S183372_2,（論社B）,,,小,,,上県郡,,,,34.3906639,129.3151528,"https://maps.google.com/?q=34.3906639,129.3151528",,,延喜式内社データベースの現社候補（論社）,KOKUGAKUIN_SHIKINAI,183372:2,2
T2S181260_2,（論社B）三宅神社,,,小,,,鈴鹿郡,,,,34.8544306,136.5071861,"https://maps.google.com/?q=34.8544306,136.5071861",,,延喜式内社データベースの現社候補（論社）,KOKUGAKUIN_SHIKINAI,181260:2,2
T2S183377_2,（論社B）乙和多都美神社,,,名大,,,下県郡,,,,34.1292667,129.2586528,"https://maps.google.com/?q=34.1292667,129.2586528",,,延喜式内社データベースの現社候補（論社）,KOKUGAKUIN_SHIKINAI,183377:2,2
T2S181241_2,（論社B）事忌神社,,,小,,,奄藝郡,,,,34.7785889,136.5170139,"https://maps.google.com/?q=34.7785889,136.5170139",,,延喜式内社データベースの現社候補（論社）,KOKUGAKUIN_SHIKINAI,181241:2,2
T2S181202_3,（論社B）二十五柱神社,,,小,,,多気郡,,,,34.5899750,136.5997528,"https://maps.google.com/?q=34.5899750,136.5997528",,,延喜式内社データベースの現社候補（論社）,KOKUGAKUIN_SHIKINAI,181202:3,2
T2S182972_2,（論社B）五十猛神社,,,小,,,迩摩郡,,,,35.1929972,132.4445417,"https://maps.google.com/?q=35.1929972,132.4445417",,,延喜式内社データベースの現社候補（論社）,KOKUGAKUIN_SHIKINAI,182972:2,2
T2S183302_2,（論社B）伊勢天照御祖神社（大石神社）,,,小,,,三井郡,,,,33.3167194,130.4976722,"https://maps.google.com/?q=33.3167194,130.4976722",,,延喜式内社データベースの現社候補（論社）,KOKUGAKUIN_SHIKINAI,183302:2,2
T2S183184_2,（論社B）伊射奈美神社,,,小,,,美馬郡,,,,34.0559278,134.1514972,"https://maps.google.com/?q=34.0559278,134.1514972",,,延喜式内社データベースの現社候補（論社）,KOKUGAKUIN_SHIKINAI,183184:2,2
T2S181340_2,（論社B）伊射波神社,,,名大,,,答志郡,,,,34.4733028,136.8754778,"https://maps.google.com/?q=34.4733028,136.8754778",,,延喜式内社データベースの現社候補（論社）,KOKUGAKUIN_SHIKINAI,181340:2,2
T2S183265_2,（論社B）伊豫神社,,,名大,,,伊予郡,,,,33.7704667,132.7443861,"https://maps.google.com/?q=33.7704667,132.7443861",,,延喜式内社データベースの現社候補（論社）,KOKUGAKUIN_SHIKINAI,183265:2,2
T2S181294_2,（論社B）伊賀留我神社,,,小,,,朝明郡,,,,35.0065639,136.6317667,"https://maps.google.com/?q=35.0065639,136.6317667",,,延喜式内社データベースの現社候補（論社）,KOKUGAKUIN_SHIKINAI,181294:2,2
T2S181341_2,（論社B）佐美長御前神社,,,小,,,答志郡,,,,34.3752667,136.8036639,"https://maps.google.com/?q=34.3752667,136.8036639",,,延喜式内社データベースの現社候補（論社）,KOKUGAKUIN_SHIKINAI,181341:2,2
T2S183179_2,（論社B）健布都神社,,,小,,,阿波郡,,,,34.0977000,134.3342528,"https://maps.google.com/?q=34.0977000,134.3342528",,,延喜式内社データベースの現社候補（論社）,KOKUGAKUIN_SHIKINAI,183179:2,2
T2S183189_2,（論社B）八大龍王神社,,,小,,,美馬郡,,,,34.0646083,134.1674750,"https://maps.google.com/?q=34.0646083,134.1674750",,,延喜式内社データベースの現社候補（論社）,KOKUGAKUIN_SHIKINAI,183189:2,2
T2S182982_2,（論社B）八幡宮,,,小,,,那賀郡,,,,34.8576722,132.2858611,"https://maps.google.com/?q=34.8576722,132.2858611",,,延喜式内社データベースの現社候補（論社）,KOKUGAKUIN_SHIKINAI,182982:2,2
T2S181289_2,（論社B）加富神社,,,小,,,三重郡,,,,34.9411111,136.5421472,"https://maps.google.com/?q=34.9411111,136.5421472",,,延喜式内社データベースの現社候補（論社）,KOKUGAKUIN_SHIKINAI,181289:2,2
T2S181292_2,（論社B）加富神社,,,小,,,三重郡,,,,34.9355361,136.5628583,"https://maps.google.com/?q=34.9355361,136.5628583",,,延喜式内社データベースの現社候補（論社）,KOKUGAKUIN_SHIKINAI,181292:2,2
T2S183239_2,（論社B）加茂神社,,,小,,,苅田郡,,,,34.1240917,133.6732028,"https://maps.google.com/?q=34.1240917,133.6732028",,,延喜式内社データベースの現社候補（論社）,KOKUGAKUIN_SHIKINAI,183239:2,2
T2S183368_2,（論社B）和多都美神社,,,名大,,,上県郡,,,,34.3791667,129.3118167,"https://maps.google.com/?q=34.3791667,129.3118167",,,延喜式内社データベースの現社候補（論社）,KOKUGAKUIN_SHIKINAI,183368:2,2
T2S183357_2,（論社B）国津神社,,,小,,,石田郡,,,,33.7510111,129.6597194,"https://maps.google.com/?q=33.7510111,129.6597194",,,延喜式内社データベースの現社候補（論社）,KOKUGAKUIN_SHIKINAI,183357:2,2
T2S183224_2,（論社B）多和神社,,,小,,,寒川郡,,,,34.3217528,134.1652583,"https://maps.google.com/?q=34.3217528,134.1652583",,,延喜式内社データベースの現社候補（論社）,KOKUGAKUIN_SHIKINAI,183224:2,2
T2S181320_2,（論社B）多奈閇神社,,,小,,,員弁郡,,,,35.0502694,136.5971167,"https://maps.google.com/?q=35.0502694,136.5971167",,,延喜式内社データベースの現社候補（論社）,KOKUGAKUIN_SHIKINAI,181320:2,2
T2S181240_2,（論社B）大乃己所神社,,,小,,,奄藝郡,,,,34.7497611,136.5074028,"https://maps.google.com/?q=34.7497611,136.5074028",,,延喜式内社データベースの現社候補（論社）,KOKUGAKUIN_SHIKINAI,181240:2,2
T2S181259_3,（論社B）大井神社,,,小,,,鈴鹿郡,,,,34.8973722,136.5633000,"https://maps.google.com/?q=34.8973722,136.5633000",,,延喜式内社データベースの現社候補（論社）,KOKUGAKUIN_SHIKINAI,181259:3,2
T2S181228_2,（論社B）大市神社,,,小,,,安濃郡,,,,34.7096944,136.5069000,"https://maps.google.com/?q=34.7096944,136.5069000",,,延喜式内社データベースの現社候補（論社）,KOKUGAKUIN_SHIKINAI,181228:2,2
T2S182981_2,（論社B）大年神社,,,小,,,那賀郡,,,,34.9959361,132.1986944,"https://maps.google.com/?q=34.9959361,132.1986944",,,延喜式内社データベースの現社候補（論社）,KOKUGAKUIN_SHIKINAI,182981:2,2
T2S181299_2,（論社B）大神社,,,小,,,朝明郡,,,,35.1194444,136.5345222,"https://maps.google.com/?q=35.1194444,136.5345222",,,延喜式内社データベースの現社候補（論社）,KOKUGAKUIN_SHIKINAI,181299:2,2
T2S181287_2,（論社B）大鹿三宅神社,,,小,,,河曲郡,,,,34.8977222,136.6074472,"https://maps.google.com/?q=34.8977222,136.6074472",,,延喜式内社データベースの現社候補（論社）,KOKUGAKUIN_SHIKINAI,181287:2,2
T2S183176_2,（論社B）大麻比古神社,,,小,,,板野郡,,,,34.1707500,134.5025611,"https://maps.google.com/?q=34.1707500,134.5025611",,,延喜式内社データベースの現社候補（論社）,KOKUGAKUIN_SHIKINAI,183176:2,2
T2S183193_2,（論社B）天村雲神社,,,小,,,麻殖郡,,,,34.0572167,134.2604472,"https://maps.google.com/?q=34.0572167,134.2604472",,,延喜式内社データベースの現社候補（論社）,KOKUGAKUIN_SHIKINAI,183193:2,2
T2S183186_2,（論社B）天椅立神社,,,小,,,美馬郡,,,,34.0390472,133.8695750,"https://maps.google.com/?q=34.0390472,133.8695750",,,延喜式内社データベースの現社候補（論社）,KOKUGAKUIN_SHIKINAI,183186:2,2
T2S183286_2,（論社B）天石門別安國玉主天神社,,,小,,,吾川郡,,,,33.5903667,133.3041250,"https://maps.google.com/?q=33.5903667,133.3041250",,,延喜式内社データベースの現社候補（論社）,KOKUGAKUIN_SHIKINAI,183286:2,2
T2S183361_2,（論社B）天諸羽命神社,,,小,,,上県郡,,,,34.6103528,129.3587167,"https://maps.google.com/?q=34.6103528,129.3587167",,,延喜式内社データベースの現社候補（論社）,KOKUGAKUIN_SHIKINAI,183361:2,2
T2S183177_2,（論社B）宇志比古神社,,,小,,,板野郡,,,,34.1554361,134.5095944,"https://maps.google.com/?q=34.1554361,134.5095944",,,延喜式内社データベースの現社候補（論社）,KOKUGAKUIN_SHIKINAI,183177:2,2
T2S181223_2,（論社B）宇氣比神社,,,小,,,壱志郡,,,,34.5329583,136.3545833,"https://maps.google.com/?q=34.5329583,136.3545833",,,延喜式内社データベースの現社候補（論社）,KOKUGAKUIN_SHIKINAI,181223:2,2
T2S181084_2,（論社B）宇都可神社,,,小,,,阿拝郡,,,,34.8816639,136.1743639,"https://maps.google.com/?q=34.8816639,136.1743639",,,延喜式内社データベースの現社候補（論社）,KOKUGAKUIN_SHIKINAI,181084:2,2
T2S183232_2,（論社B）宇閉神社,,,小,,,鵜足郡,,,,34.2151278,133.8607750,"https://maps.google.com/?q=34.2151278,133.8607750",,,延喜式内社データベースの現社候補（論社）,KOKUGAKUIN_SHIKINAI,183232:2,2
T2S181276_2,（論社B）小川神社（都波岐神社・奈加等神社境内社）,,,小,,,河曲郡,,,,34.9012444,136.6012806,"https://maps.google.com/?q=34.9012444,136.6012806",,,延喜式内社データベースの現社候補（論社）,KOKUGAKUIN_SHIKINAI,181276:2,2
T2S181329_2,（論社B）尾津神社,,,小,,,桑名郡,,,,35.1368833,136.6436611,"https://maps.google.com/?q=35.1368833,136.6436611",,,延喜式内社データベースの現社候補（論社）,KOKUGAKUIN_SHIKINAI,181329:2,2
T2S182969_2,（論社B）山邊八代姫命神社,,,小,,,迩摩郡,,,,35.0448917,132.4284972,"https://maps.google.com/?q=35.0448917,132.4284972",,,延喜式内社データベースの現社候補（論社）,KOKUGAKUIN_SHIKINAI,182969:2,2
T2S183371_2,（論社B）島御子神社,,,小,,,上県郡,,,,34.4171222,129.3585333,"https://maps.google.com/?q=34.4171222,129.3585333",,,延喜式内社データベースの現社候補（論社）,KOKUGAKUIN_SHIKINAI,183371:2,2
T2S183359_2,（論社B）嶋大國魂御子神社,,,小,,,上県郡,,,,34.6380861,129.4049306,"https://maps.google.com/?q=34.6380861,129.4049306",,,延喜式内社データベースの現社候補（論社）,KOKUGAKUIN_SHIKINAI,183359:2,2
T2S181225_2,（論社B）川併神社,,,小,,,壱志郡,,,,34.6693917,136.4677528,"https://maps.google.com/?q=34.6693917,136.4677528",,,延喜式内社データベースの現社候補（論社）,KOKUGAKUIN_SHIKINAI,181225:2,2
T2S181252_2,（論社B）川俣神社,,,小,,,鈴鹿郡,,,,34.8692083,136.5041222,"https://maps.google.com/?q=34.8692083,136.5041222",,,延喜式内社データベースの現社候補（論社）,KOKUGAKUIN_SHIKINAI,181252:2,2
T2S183367_2,（論社B）志多留能理刀神社,,,小,,,上県郡,,,,34.5592417,129.3160417,"https://maps.google.com/?q=34.5592417,129.3160417",,,延喜式内社データベースの現社候補（論社）,KOKUGAKUIN_SHIKINAI,183367:2,2
T2S181229_2,（論社B）志夫弥神社跡,,,小,,,安濃郡,,,,34.7280278,136.4981528,"https://maps.google.com/?q=34.7280278,136.4981528",,,延喜式内社データベースの現社候補（論社）,KOKUGAKUIN_SHIKINAI,181229:2,2
T2S183383_2,（論社B）志賀島神社,,,小,,,下県郡,,,,34.2987361,129.2268306,"https://maps.google.com/?q=34.2987361,129.2268306",,,延喜式内社データベースの現社候補（論社）,KOKUGAKUIN_SHIKINAI,183383:2,2
T2S181204_2,（論社B）意非多神社,,,小,,,飯野郡,,,,34.5893250,136.5751667,"https://maps.google.com/?q=34.5893250,136.5751667",,,延喜式内社データベースの現社候補（論社）,KOKUGAKUIN_SHIKINAI,181204:2,2
T2S181226_2,（論社B）敏太神社,,,小,,,壱志郡,,,,34.5860917,136.4889611,"https://maps.google.com/?q=34.5860917,136.4889611",,,延喜式内社データベースの現社候補（論社）,KOKUGAKUIN_SHIKINAI,181226:2,2
T2S183223_2,（論社B）春日神社,,,小,,,寒川郡,,,,34.2803333,134.2240472,"https://maps.google.com/?q=34.2803333,134.2240472",,,延喜式内社データベースの現社候補（論社）,KOKUGAKUIN_SHIKINAI,183223:2,2
T2S181247_2,（論社B）服織神社,,,小,,,奄藝郡,,,,34.8010139,136.5350917,"https://maps.google.com/?q=34.8010139,136.5350917",,,延喜式内社データベースの現社候補（論社）,KOKUGAKUIN_SHIKINAI,181247:2,2
T2S183338_2,（論社B）本宮八幡神社,,,名大,,,壱岐郡,,,,33.8361833,129.6774806,"https://maps.google.com/?q=33.8361833,129.6774806",,,延喜式内社データベースの現社候補（論社）,KOKUGAKUIN_SHIKINAI,183338:2,2
T2S180887_2,（論社B）杜本神社,,,名大・月・新,,,安宿郡,,,,34.5671028,135.6583583,"https://maps.google.com/?q=34.5671028,135.6583583",,,延喜式内社データベースの現社候補（論社）,KOKUGAKUIN_SHIKINAI,180887:2,2
T2S181293_2,（論社B）椿大神社別宮椿岸神社,,,小,,,三重郡,,,,34.9643194,136.4525028,"https://maps.google.com/?q=34.9643194,136.4525028",,,延喜式内社データベースの現社候補（論社）,KOKUGAKUIN_SHIKINAI,181293:2,2
T2S181234_2,（論社B）比佐豆知神社,,,小,,,安濃郡,,,,34.7264750,136.5051333,"https://maps.google.com/?q=34.7264750,136.5051333",,,延喜式内社データベースの現社候補（論社）,KOKUGAKUIN_SHIKINAI,181234:2,2
T2S181261_2,（論社B）江神社,,,小,,,鈴鹿郡,,,,34.8285667,136.4808056,"https://maps.google.com/?q=34.8285667,136.4808056",,,延喜式内社データベースの現社候補（論社）,KOKUGAKUIN_SHIKINAI,181261:2,2
T2S183170_2,（論社B）河上神社,,,小,,,津名郡,,,,34.5287417,134.9089861,"https://maps.google.com/?q=34.5287417,134.9089861",,,延喜式内社データベースの現社候補（論社）,KOKUGAKUIN_SHIKINAI,183170:2,2
T2S181217_2,（論社B）波多神社,,,小,,,壱志郡,,,,34.6630972,136.4487028,"https://maps.google.com/?q=34.6630972,136.4487028",,,延喜式内社データベースの現社候補（論社）,KOKUGAKUIN_SHIKINAI,181217:2,2
T2S181222_2,（論社B）波氐神社,,,小,,,壱志郡,,,,34.6377861,136.5271222,"https://maps.google.com/?q=34.6377861,136.5271222",,,延喜式内社データベースの現社候補（論社）,KOKUGAKUIN_SHIKINAI,181222:2,2
T2S183190_2,（論社B）波爾移麻比禰神社,,,小,,,美馬郡,,,,34.0795750,134.1619222,"https://maps.google.com/?q=34.0795750,134.1619222",,,延喜式内社データベースの現社候補（論社）,KOKUGAKUIN_SHIKINAI,183190:2,2
T2S183349_2,（論社B）津の宮神社,,,小,,,石田郡,,,,33.7480806,129.7505278,"https://maps.google.com/?q=33.7480806,129.7505278",,,延喜式内社データベースの現社候補（論社）,KOKUGAKUIN_SHIKINAI,183349:2,2
T2S181198_3,（論社B）津田神社,,,小,,,多気郡,,,,34.5022722,136.5141111,"https://maps.google.com/?q=34.5022722,136.5141111",,,延喜式内社データベースの現社候補（論社）,KOKUGAKUIN_SHIKINAI,181198:3,2
T2S181277_2,（論社B）津萩神社（飯野神社に合祀）,,,小,,,河曲郡,,,,34.8968361,136.6236722,"https://maps.google.com/?q=34.8968361,136.6236722",,,延喜式内社データベースの現社候補（論社）,KOKUGAKUIN_SHIKINAI,181277:2,2
T2S183358_2,（論社B）海神神社,,,名大,,,上県郡,,,,34.4640889,129.2830417,"https://maps.google.com/?q=34.4640889,129.2830417",,,延喜式内社データベースの現社候補（論社）,KOKUGAKUIN_SHIKINAI,183358:2,2
T2S183373_2,（論社B）濱殿神社,,,小,,,上県郡,,,,34.3923194,129.3153778,"https://maps.google.com/?q=34.3923194,129.3153778",,,延喜式内社データベースの現社候補（論社）,KOKUGAKUIN_SHIKINAI,183373:2,2
T2S183336_2,（論社B）熊野神社,,,小,,,壱岐郡,,,,33.7990250,129.6845306,"https://maps.google.com/?q=33.7990250,129.6845306",,,延喜式内社データベースの現社候補（論社）,KOKUGAKUIN_SHIKINAI,183336:2,2
T2S181321_2,（論社B）猪名部神社,,,小,,,員弁郡,,,,35.0761139,136.5771528,"https://maps.google.com/?q=35.0761139,136.5771528",,,延喜式内社データベースの現社候補（論社）,KOKUGAKUIN_SHIKINAI,181321:2,2
T2S181102_1,（論社B）猪田神社,,,小,,,伊賀郡,,,,34.7153278,136.1428083,"https://maps.google.com/?q=34.7153278,136.1428083",,,延喜式内社データベースの現社候補（論社）,KOKUGAKUIN_SHIKINAI,181102:1,2
T2S183350_2,（論社B）白沙八幡神社,,,大,,,石田郡,,,,33.7590889,129.7846194,"https://maps.google.com/?q=33.7590889,129.7846194",,,延喜式内社データベースの現社候補（論社）,KOKUGAKUIN_SHIKINAI,183350:2,2
T2S181273_2,（論社B）矢椅神社,,,小,,,河曲郡,,,,34.8786000,136.5861500,"https://maps.google.com/?q=34.8786000,136.5861500",,,延喜式内社データベースの現社候補（論社）,KOKUGAKUIN_SHIKINAI,181273:2,2
T2S181263_2,（論社B）石神社,,,小,,,鈴鹿郡,,,,34.8278750,136.4611917,"https://maps.google.com/?q=34.8278750,136.4611917",,,延喜式内社データベースの現社候補（論社）,KOKUGAKUIN_SHIKINAI,181263:2,2
T2S181245_2,（論社B）石積神社,,,小,,,奄藝郡,,,,34.7499611,136.4876472,"https://maps.google.com/?q=34.7499611,136.4876472",,,延喜式内社データベースの現社候補（論社）,KOKUGAKUIN_SHIKINAI,181245:2,2
T2S181212_2,（論社B）神戸神舘神明神社,,,小,,,飯高郡,,,,34.5532056,136.5499000,"https://maps.google.com/?q=34.5532056,136.5499000",,,延喜式内社データベースの現社候補（論社）,KOKUGAKUIN_SHIKINAI,181212:2,2
T2S181232_2,（論社B）神舘神社,,,小,,,安濃郡,,,,34.7069806,136.4937639,"https://maps.google.com/?q=34.7069806,136.4937639",,,延喜式内社データベースの現社候補（論社）,KOKUGAKUIN_SHIKINAI,181232:2,2
T2S181278_2,（論社B）神舘飯野高市神社,,,小,,,河曲郡,,,,34.8819278,136.5790806,"https://maps.google.com/?q=34.8819278,136.5790806",,,延喜式内社データベースの現社候補（論社）,KOKUGAKUIN_SHIKINAI,181278:2,2
T2S183234_2,（論社B）神野神社,,,小,,,那珂郡,,,,34.2527611,133.8064972,"https://maps.google.com/?q=34.2527611,133.8064972",,,延喜式内社データベースの現社候補（論社）,KOKUGAKUIN_SHIKINAI,183234:2,2
T2S181304_2,（論社B）穂積神社,,,小,,,朝明郡,,,,35.0287972,136.6450917,"https://maps.google.com/?q=35.0287972,136.6450917",,,延喜式内社データベースの現社候補（論社）,KOKUGAKUIN_SHIKINAI,181304:2,2
T2S181311_2,（論社B）穂積神社旧社地,,,小,,,朝明郡,,,,35.0797250,136.5002111,"https://maps.google.com/?q=35.0797250,136.5002111",,,延喜式内社データベースの現社候補（論社）,KOKUGAKUIN_SHIKINAI,181311:2,2
T2S183208_2,（論社B）立岩神社,,,小,,,勝浦郡,,,,33.9860694,134.5278278,"https://maps.google.com/?q=33.9860694,134.5278278",,,延喜式内社データベースの現社候補（論社）,KOKUGAKUIN_SHIKINAI,183208:2,2
T2S183185_2,（論社B）竹神社,,,小,,,美馬郡,,,,33.9578250,133.7896111,"https://maps.google.com/?q=33.9578250,133.7896111",,,延喜式内社データベースの現社候補（論社）,KOKUGAKUIN_SHIKINAI,183185:2,2
T2S183339_2,（論社B）箱崎八幡神社,,,名大,,,壱岐郡,,,,33.8250222,129.7380972,"https://maps.google.com/?q=33.8250222,129.7380972",,,延喜式内社データベースの現社候補（論社）,KOKUGAKUIN_SHIKINAI,183339:2,2
T2S183299_2,（論社B）美奈宜神社,,,名大,,,下座郡,,,,33.4272306,130.7185667,"https://maps.google.com/?q=33.4272306,130.7185667",,,延喜式内社データベースの現社候補（論社）,KOKUGAKUIN_SHIKINAI,183299:2,2
T2S181305_2,（論社B）耳常神社,,,小,,,朝明郡,,,,35.0675278,136.5264417,"https://maps.google.com/?q=35.0675278,136.5264417",,,延喜式内社データベースの現社候補（論社）,KOKUGAKUIN_SHIKINAI,181305:2,2
T2S183344_2,（論社B）聖母宮,,,名大,,,壱岐郡,,,,33.8551722,129.6907194,"https://maps.google.com/?q=33.8551722,129.6907194",,,延喜式内社データベースの現社候補（論社）,KOKUGAKUIN_SHIKINAI,183344:2,2
T2S183370_2,（論社B）胡禄神社,,,小,,,上県郡,,,,34.5556417,129.4728472,"https://maps.google.com/?q=34.5556417,129.4728472",,,延喜式内社データベースの現社候補（論社）,KOKUGAKUIN_SHIKINAI,183370:2,2
T2S181254_2,（論社B）能褒野神社に合祀,,,小,,,鈴鹿郡,,,,34.8855917,136.4832972,"https://maps.google.com/?q=34.8855917,136.4832972",,,延喜式内社データベースの現社候補（論社）,KOKUGAKUIN_SHIKINAI,181254:2,2
T2S183346_2,（論社B）興神社,,,名大,,,石田郡,,,,33.7696861,129.7317278,"https://maps.google.com/?q=33.7696861,129.7317278",,,延喜式内社データベースの現社候補（論社）,KOKUGAKUIN_SHIKINAI,183346:2,2
T2S182728_2,（論社B）荒砂神社,,,小,,,巨濃郡,,,,35.5911278,134.3212528,"https://maps.google.com/?q=35.5911278,134.3212528",,,延喜式内社データベースの現社候補（論社）,KOKUGAKUIN_SHIKINAI,182728:2,2
T2S181298_2,（論社B）菟上神社,,,小,,,朝明郡,,,,35.0944556,136.4985972,"https://maps.google.com/?q=35.0944556,136.4985972",,,延喜式内社データベースの現社候補（論社）,KOKUGAKUIN_SHIKINAI,181298:2,2
T2S181286_2,（論社B）西土師神社,,,小,,,河曲郡,,,,34.8696306,136.6018528,"https://maps.google.com/?q=34.8696306,136.6018528",,,延喜式内社データベースの現社候補（論社）,KOKUGAKUIN_SHIKINAI,181286:2,2
T2S183312_2,（論社B）西寒田神社,,,大,,,大分郡,,,,33.0749833,131.6651306,"https://maps.google.com/?q=33.0749833,131.6651306",,,延喜式内社データベースの現社候補（論社）,KOKUGAKUIN_SHIKINAI,183312:2,2
T2S183228_2,（論社B）西鴨神社,,,小,,,阿野郡,,,,34.3062111,133.9104389,"https://maps.google.com/?q=34.3062111,133.9104389",,,延喜式内社データベースの現社候補（論社）,KOKUGAKUIN_SHIKINAI,183228:2,2
T2S183303_2,（論社B）豊姫神社,,,名大,,,三井郡,,,,33.3417861,130.6199139,"https://maps.google.com/?q=33.3417861,130.6199139",,,延喜式内社データベースの現社候補（論社）,KOKUGAKUIN_SHIKINAI,183303:2,2
T2S183222_2,（論社B）造田八幡宮,,,小,,,寒川郡,,,,34.2851306,134.1776583,"https://maps.google.com/?q=34.2851306,134.1776583",,,延喜式内社データベースの現社候補（論社）,KOKUGAKUIN_SHIKINAI,183222:2,2
T2S183365_2,（論社B）那須加美乃金子神社,,,小,,,上県郡,,,,34.4845056,129.3945750,"https://maps.google.com/?q=34.4845056,129.3945750",,,延喜式内社データベースの現社候補（論社）,KOKUGAKUIN_SHIKINAI,183365:2,2
T2S183384_2,（論社B）都々智神社,,,小,,,下県郡,,,,34.3294083,129.2057167,"https://maps.google.com/?q=34.3294083,129.2057167",,,延喜式内社データベースの現社候補（論社）,KOKUGAKUIN_SHIKINAI,183384:2,2
T2S181242_2,（論社B）酒井神社,,,小,,,奄藝郡,,,,34.8175444,136.5116833,"https://maps.google.com/?q=34.8175444,136.5116833",,,延喜式内社データベースの現社候補（論社）,KOKUGAKUIN_SHIKINAI,181242:2,2
T2S183182_2,（論社B）金丸八幡神社,,,小,,,美馬郡,,,,34.0362722,133.9489917,"https://maps.google.com/?q=34.0362722,133.9489917",,,延喜式内社データベースの現社候補（論社）,KOKUGAKUIN_SHIKINAI,183182:2,2
T2S183385_2,（論社B）銀山上神社,,,小,,,下県郡,,,,34.1759139,129.1964417,"https://maps.google.com/?q=34.1759139,129.1964417",,,延喜式内社データベースの現社候補（論社）,KOKUGAKUIN_SHIKINAI,183385:2,2
T2S183375_2,（論社B）銀山神社,,,小,,,下県郡,,,,34.2285722,129.2147222,"https://maps.google.com/?q=34.2285722,129.2147222",,,延喜式内社データベースの現社候補（論社）,KOKUGAKUIN_SHIKINAI,183375:2,2
T2S181264_2,（論社B）長瀬神社,,,小,,,鈴鹿郡,,,,34.8467806,136.4808139,"https://maps.google.com/?q=34.8467806,136.4808139",,,延喜式内社データベースの現社候補（論社）,KOKUGAKUIN_SHIKINAI,181264:2,2
T2S181266_2,（論社B）関神社に合祀,,,小,,,鈴鹿郡,,,,34.8538972,136.3959639,"https://maps.google.com/?q=34.8538972,136.3959639",,,延喜式内社データベースの現社候補（論社）,KOKUGAKUIN_SHIKINAI,181266:2,2
T2S181221_2,（論社B）阿射加神社,,,名大,,,壱志郡,,,,34.5980889,136.4684056,"https://maps.google.com/?q=34.5980889,136.4684056",,,延喜式内社データベースの現社候補（論社）,KOKUGAKUIN_SHIKINAI,181221:2,2
T2S183261_2,（論社B）阿沼美神社,,,名大,,,温泉郡,,,,33.8880639,132.7543528,"https://maps.google.com/?q=33.8880639,132.7543528",,,延喜式内社データベースの現社候補（論社）,KOKUGAKUIN_SHIKINAI,183261:2,2
T2S181282_2,（論社B）阿自賀神社,,,小,,,河曲郡,,,,34.8696861,136.5765694,"https://maps.google.com/?q=34.8696861,136.5765694",,,延喜式内社データベースの現社候補（論社）,KOKUGAKUIN_SHIKINAI,181282:2,2
T2S183236_2,（論社B）雲気八幡宮,,,小,,,多度郡,,,,34.2105028,133.8251167,"https://maps.google.com/?q=34.2105028,133.8251167",,,延喜式内社データベースの現社候補（論社）,KOKUGAKUIN_SHIKINAI,183236:2,2
T2S183376_2,（論社B）雷神社,,,小,,,下県郡,,,,34.1261528,129.1818250,"https://maps.google.com/?q=34.1261528,129.1818250",,,延喜式内社データベースの現社候補（論社）,KOKUGAKUIN_SHIKINAI,183376:2,2
T2S183327_2,（論社B）霧島岑神社,,,小,,,諸県郡,,,,31.9661667,130.9579639,"https://maps.google.com/?q=31.9661667,130.9579639",,,延喜式内社データベースの現社候補（論社）,KOKUGAKUIN_SHIKINAI,183327:2,2
T2S183360_2,（論社B）霹靂神社,,,小,,,上県郡,,,,34.6276083,129.4474694,"https://maps.google.com/?q=34.6276083,129.4474694",,,延喜式内社データベースの現社候補（論社）,KOKUGAKUIN_SHIKINAI,183360:2,2
T2S181281_2,（論社B）須伎神社に合祀,,,小,,,河曲郡,,,,34.8912278,136.6252750,"https://maps.google.com/?q=34.8912278,136.6252750",,,延喜式内社データベースの現社候補（論社）,KOKUGAKUIN_SHIKINAI,181281:2,2
T2S181335_2,（論社B）額田神社,,,小,,,桑名郡,,,,35.0570694,136.6433361,"https://maps.google.com/?q=35.0570694,136.6433361",,,延喜式内社データベースの現社候補（論社）,KOKUGAKUIN_SHIKINAI,181335:2,2
T2S181268_2,（論社B）飯野神社,,,小,,,河曲郡,,,,34.8782278,136.5560361,"https://maps.google.com/?q=34.8782278,136.5560361",,,延喜式内社データベースの現社候補（論社）,KOKUGAKUIN_SHIKINAI,181268:2,2
T2S181219_2,（論社B）香良洲神社,,,小,,,壱志郡,,,,34.6441361,136.5435500,"https://maps.google.com/?q=34.6441361,136.5435500",,,延喜式内社データベースの現社候補（論社）,KOKUGAKUIN_SHIKINAI,181219:2,2
T2S183226_2,（論社B）鰐河神社,,,小,,,三木郡,,,,34.2562111,134.1475139,"https://maps.google.com/?q=34.2562111,134.1475139",,,延喜式内社データベースの現社候補（論社）,KOKUGAKUIN_SHIKINAI,183226:2,2
T2S181323_2,（論社B）鳥取神社,,,小,,,員弁郡,,,,35.0890500,136.5877167,"https://maps.google.com/?q=35.0890500,136.5877167",,,延喜式内社データベースの現社候補（論社）,KOKUGAKUIN_SHIKINAI,181323:2,2
T2S181288_2,（論社B）鵜森神社,,,小,,,三重郡,,,,34.9647750,136.6168333,"https://maps.google.com/?q=34.9647750,136.6168333",,,延喜式内社データベースの現社候補（論社）,KOKUGAKUIN_SHIKINAI,181288:2,2
T2S183377_5,（論社C）,,,名大,,,下県郡,,,,34.3651306,129.3543611,"https://maps.google.com/?q=34.3651306,129.3543611",,,延喜式内社データベースの現社候補（論社）,KOKUGAKUIN_SHIKINAI,183377:5,2
T2S183367_3,（論社C）サエノカミ,,,小,,,上県郡,,,,34.6086278,129.3666056,"https://maps.google.com/?q=34.6086278,129.3666056",,,延喜式内社データベースの現社候補（論社）,KOKUGAKUIN_SHIKINAI,183367:3,2
T2S181202_4,（論社C）伊勢庭神社,,,小,,,多気郡,,,,34.5304750,136.5929139,"https://maps.google.com/?q=34.5304750,136.5929139",,,延喜式内社データベースの現社候補（論社）,KOKUGAKUIN_SHIKINAI,181202:4,2
T2S183372_3,（論社C）元嶋神社,,,小,,,上県郡,,,,34.3616000,129.2539750,"https://maps.google.com/?q=34.3616000,129.2539750",,,延喜式内社データベースの現社候補（論社）,KOKUGAKUIN_SHIKINAI,183372:3,2
T2S183184_3,（論社C）八幡神社,,,小,,,美馬郡,,,,34.0719611,134.1633889,"https://maps.google.com/?q=34.0719611,134.1633889",,,延喜式内社データベースの現社候補（論社）,KOKUGAKUIN_SHIKINAI,183184:3,2
T2S182972_3,（論社C）国分寺霹靂神社,,,小,,,迩摩郡,,,,34.9433528,132.1211333,"https://maps.google.com/?q=34.9433528,132.1211333",,,延喜式内社データベースの現社候補（論社）,KOKUGAKUIN_SHIKINAI,182972:3,2
T2S183371_3,（論社C）國本神社,,,小,,,上県郡,,,,34.5384611,129.3528611,"https://maps.google.com/?q=34.5384611,129.3528611",,,延喜式内社データベースの現社候補（論社）,KOKUGAKUIN_SHIKINAI,183371:3,2
T2S182986_3,（論社C）大原神社,,,小,,,邑智郡,,,,34.8308500,132.5032500,"https://maps.google.com/?q=34.8308500,132.5032500",,,延喜式内社データベースの現社候補（論社）,KOKUGAKUIN_SHIKINAI,182986:3,2
T2S181281_3,（論社C）大塚神社,,,小,,,河曲郡,,,,34.8861917,136.6056278,"https://maps.google.com/?q=34.8861917,136.6056278",,,延喜式内社データベースの現社候補（論社）,KOKUGAKUIN_SHIKINAI,181281:3,2
T2S182981_3,（論社C）大年神社,,,小,,,那賀郡,,,,35.0322111,132.2385278,"https://maps.google.com/?q=35.0322111,132.2385278",,,延喜式内社データベースの現社候補（論社）,KOKUGAKUIN_SHIKINAI,182981:3,2
T2S183185_3,（論社C）天王宮建神社,,,小,,,美馬郡,,,,34.0673139,134.1629306,"https://maps.google.com/?q=34.0673139,134.1629306",,,延喜式内社データベースの現社候補（論社）,KOKUGAKUIN_SHIKINAI,183185:3,2
T2S183361_3,（論社C）天諸羽命神社,,,小,,,上県郡,,,,34.4472361,129.3203889,"https://maps.google.com/?q=34.4472361,129.3203889",,,延喜式内社データベースの現社候補（論社）,KOKUGAKUIN_SHIKINAI,183361:3,2
T2S183359_3,（論社C）島大國魂神社,,,小,,,上県郡,,,,34.5726611,129.3796694,"https://maps.google.com/?q=34.5726611,129.3796694",,,延喜式内社データベースの現社候補（論社）,KOKUGAKUIN_SHIKINAI,183359:3,2
T2S183384_3,（論社C）嶽神,,,小,,,下県郡,,,,34.1826861,129.2905472,"https://maps.google.com/?q=34.1826861,129.2905472",,,延喜式内社データベースの現社候補（論社）,KOKUGAKUIN_SHIKINAI,183384:3,2
T2S183170_3,（論社C）川上神社,,,小,,,津名郡,,,,34.4124278,134.8581444,"https://maps.google.com/?q=34.4124278,134.8581444",,,延喜式内社データベースの現社候補（論社）,KOKUGAKUIN_SHIKINAI,183170:3,2
T2S181252_3,（論社C）川俣神社,,,小,,,鈴鹿郡,,,,34.8734250,136.5035722,"https://maps.google.com/?q=34.8734250,136.5035722",,,延喜式内社データベースの現社候補（論社）,KOKUGAKUIN_SHIKINAI,181252:3,2
T2S181288_3,（論社C）廣幡神社に合祀,,,小,,,三重郡,,,,35.0075778,136.5069139,"https://maps.google.com/?q=35.0075778,136.5069139",,,延喜式内社データベースの現社候補（論社）,KOKUGAKUIN_SHIKINAI,181288:3,2
T2S182728_3,（論社C）御湯神社,,,小,,,巨濃郡,,,,35.5581611,134.3691639,"https://maps.google.com/?q=35.5581611,134.3691639",,,延喜式内社データベースの現社候補（論社）,KOKUGAKUIN_SHIKINAI,182728:3,2
T2S181329_3,（論社C）御衣野尾津神社,,,小,,,桑名郡,,,,35.1150639,136.6329250,"https://maps.google.com/?q=35.1150639,136.6329250",,,延喜式内社データベースの現社候補（論社）,KOKUGAKUIN_SHIKINAI,181329:3,2
T2S183383_3,（論社C）志賀明神跡,,,小,,,下県郡,,,,34.1958500,129.2891194,"https://maps.google.com/?q=34.1958500,129.2891194",,,延喜式内社データベースの現社候補（論社）,KOKUGAKUIN_SHIKINAI,183383:3,2
T2S181259_4,（論社C）江神社,,,小,,,鈴鹿郡,,,,34.8285667,136.4808056,"https://maps.google.com/?q=34.8285667,136.4808056",,,延喜式内社データベースの現社候補（論社）,KOKUGAKUIN_SHIKINAI,181259:4,2
T2S181254_3,（論社C）片岡神社,,,小,,,鈴鹿郡,,,,34.8566417,136.4497639,"https://maps.google.com/?q=34.8566417,136.4497639",,,延喜式内社データベースの現社候補（論社）,KOKUGAKUIN_SHIKINAI,181254:3,2
T2S183223_3,（論社C）男山神社,,,小,,,寒川郡,,,,34.2901417,134.2176528,"https://maps.google.com/?q=34.2901417,134.2176528",,,延喜式内社データベースの現社候補（論社）,KOKUGAKUIN_SHIKINAI,183223:3,2
T2S183226_3,（論社C）白山神社,,,小,,,三木郡,,,,34.2686083,134.1503111,"https://maps.google.com/?q=34.2686083,134.1503111",,,延喜式内社データベースの現社候補（論社）,KOKUGAKUIN_SHIKINAI,183226:3,2
T2S182982_3,（論社C）稲荷神社,,,小,,,那賀郡,,,,35.0048111,132.2134111,"https://maps.google.com/?q=35.0048111,132.2134111",,,延喜式内社データベースの現社候補（論社）,KOKUGAKUIN_SHIKINAI,182982:3,2
T2S181304_3,（論社C）耳常神社,,,小,,,朝明郡,,,,35.0157389,136.6418472,"https://maps.google.com/?q=35.0157389,136.6418472",,,延喜式内社データベースの現社候補（論社）,KOKUGAKUIN_SHIKINAI,181304:3,2
T2S183368_3,（論社C）胡禄神社,,,名大,,,上県郡,,,,34.5556417,129.4728472,"https://maps.google.com/?q=34.5556417,129.4728472",,,延喜式内社データベースの現社候補（論社）,KOKUGAKUIN_SHIKINAI,183368:3,2
T2S183370_3,（論社C）能理刀神社,,,小,,,上県郡,,,,34.5379444,129.4504306,"https://maps.google.com/?q=34.5379444,129.4504306",,,延喜式内社データベースの現社候補（論社）,KOKUGAKUIN_SHIKINAI,183370:3,2
T2S183303_3,（論社C）赤司八幡神社,,,名大,,,三井郡,,,,33.3570111,130.6067806,"https://maps.google.com/?q=33.3570111,130.6067806",,,延喜式内社データベースの現社候補（論社）,KOKUGAKUIN_SHIKINAI,183303:3,2
T2S183327_3,（論社C）霧島東神社,,,小,,,諸県郡,,,,31.8918028,130.9621028,"https://maps.google.com/?q=31.8918028,130.9621028",,,延喜式内社データベースの現社候補（論社）,KOKUGAKUIN_SHIKINAI,183327:3,2
T2S181278_3,（論社C）飯野神社,,,小,,,河曲郡,,,,34.8968361,136.6236722,"https://maps.google.com/?q=34.8968361,136.6236722",,,延喜式内社データベースの現社候補（論社）,KOKUGAKUIN_SHIKINAI,181278:3,2
T2S180887_3,（論社C＝参考）Bを合祀,,,名大・月・新,,,安宿郡,,,,34.5694139,135.6461194,"https://maps.google.com/?q=34.5694139,135.6461194",,,延喜式内社データベースの現社候補（論社）,KOKUGAKUIN_SHIKINAI,180887:3,2
T2S183384_4,（論社D）,,,小,,,下県郡,,,,34.1094417,129.1712306,"https://maps.google.com/?q=34.1094417,129.1712306",,,延喜式内社データベースの現社候補（論社）,KOKUGAKUIN_SHIKINAI,183384:4,2
T2S183226_4,（論社D）和爾賀波神社,,,小,,,三木郡,,,,34.2565139,134.1645417,"https://maps.google.com/?q=34.2565139,134.1645417",,,延喜式内社データベースの現社候補（論社）,KOKUGAKUIN_SHIKINAI,183226:4,2
T2S182986_4,（論社D）大原神社,,,小,,,邑智郡,,,,34.8701250,132.6178361,"https://maps.google.com/?q=34.8701250,132.6178361",,,延喜式内社データベースの現社候補（論社）,KOKUGAKUIN_SHIKINAI,182986:4,2
T2S182981_4,（論社D）大歳神社,,,小,,,那賀郡,,,,34.9532167,132.1933028,"https://maps.google.com/?q=34.9532167,132.1933028",,,延喜式内社データベースの現社候補（論社）,KOKUGAKUIN_SHIKINAI,182981:4,2
T2S182982_4,（論社D）妙見神社,,,小,,,那賀郡,,,,34.9579278,132.1704833,"https://maps.google.com/?q=34.9579278,132.1704833",,,延喜式内社データベースの現社候補（論社）,KOKUGAKUIN_SHIKINAI,182982:4,2
T2S183372_4,（論社D）島大國魂神社,,,小,,,上県郡,,,,34.7001139,129.4638306,"https://maps.google.com/?q=34.7001139,129.4638306",,,延喜式内社データベースの現社候補（論社）,KOKUGAKUIN_SHIKINAI,183372:4,2
T2S181252_4,（論社D）川俣神社,,,小,,,鈴鹿郡,,,,34.8755667,136.5106639,"https://maps.google.com/?q=34.8755667,136.5106639",,,延喜式内社データベースの現社候補（論社）,KOKUGAKUIN_SHIKINAI,181252:4,2
T2S181281_4,（論社D）津萩大木神社（飯野神社に合祀）,,,小,,,河曲郡,,,,34.8968361,136.6236722,"https://maps.google.com/?q=34.8968361,136.6236722",,,延喜式内社データベースの現社候補（論社）,KOKUGAKUIN_SHIKINAI,181281:4,2
T2S183368_4,（論社D）海神神社,,,名大,,,上県郡,,,,34.4640889,129.2830417,"https://maps.google.com/?q=34.4640889,129.2830417",,,延喜式内社データベースの現社候補（論社）,KOKUGAKUIN_SHIKINAI,183368:4,2
T2S183327_4,（論社D）霧島神宮,,,小,,,諸県郡,,,,31.8586417,130.8713222,"https://maps.google.com/?q=31.8586417,130.8713222",,,延喜式内社データベースの現社候補（論社）,KOKUGAKUIN_SHIKINAI,183327:4,2
T2S182981_5,（論社E）大歳神社,,,小,,,那賀郡,,,,34.8956583,132.0687250,"https://maps.google.com/?q=34.8956583,132.0687250",,,延喜式内社データベースの現社候補（論社）,KOKUGAKUIN_SHIKINAI,182981:5,2
T2S181252_5,（論社E）川俣神社,,,小,,,鈴鹿郡,,,,34.8817583,136.5230250,"https://maps.google.com/?q=34.8817583,136.5230250",,,延喜式内社データベースの現社候補（論社）,KOKUGAKUIN_SHIKINAI,181252:5,2
T2S181281_5,（論社E）長太の大楠,,,小,,,河曲郡,,,,34.8872639,136.6194083,"https://maps.google.com/?q=34.8872639,136.6194083",,,延喜式内社データベースの現社候補（論社）,KOKUGAKUIN_SHIKINAI,181281:5,2
T2S182981_6,（論社F）大歳神社,,,小,,,那賀郡,,,,34.7993056,132.1128333,"https://maps.google.com/?q=34.7993056,132.1128333",,,延喜式内社データベースの現社候補（論社）,KOKUGAKUIN_SHIKINAI,182981:6,2
T2S181252_6,（論社F）川俣神社,,,小,,,鈴鹿郡,,,,34.8801389,136.5379361,"https://maps.google.com/?q=34.8801389,136.5379361",,,延喜式内社データベースの現社候補（論社）,KOKUGAKUIN_SHIKINAI,181252:6,2
T2S180761_1,（論社①）宇太水分神社（上宮）,,,大,,,宇陀郡,,,,34.4748111,135.9705139,"https://maps.google.com/?q=34.4748111,135.9705139",,,延喜式内社データベースの現社候補（論社）,KOKUGAKUIN_SHIKINAI,180761:1,2
T2S180761_2,（論社①）宇太水分神社（下宮）,,,大,,,宇陀郡,,,,34.5251222,135.9531639,"https://maps.google.com/?q=34.5251222,135.9531639",,,延喜式内社データベースの現社候補（論社）,KOKUGAKUIN_SHIKINAI,180761:2,2
T2S180761_3,（論社②）惣社水分神社,,,大,,,宇陀郡,,,,34.4624083,136.0184667,"https://maps.google.com/?q=34.4624083,136.0184667",,,延喜式内社データベースの現社候補（論社）,KOKUGAKUIN_SHIKINAI,180761:3,2
T2S181842_2,（論社・有力）南浜神社,,,小,,,浅井郡,,,,35.3952333,136.2220611,"https://maps.google.com/?q=35.3952333,136.2220611",,,延喜式内社データベースの現社候補（論社）,KOKUGAKUIN_SHIKINAI,181842:2,2
T2S181842_1,（論社・有力）比伎多理神社,,,小,,,浅井郡,,,,35.4400250,136.2052472,"https://maps.google.com/?q=35.4400250,136.2052472",,,延喜式内社データベースの現社候補（論社）,KOKUGAKUIN_SHIKINAI,181842:1,2
T2S180617_1,（論）三井社（賀茂御祖神社摂社）,,,名大,,,愛宕郡,,,,35.0390361,135.7726361,"https://maps.google.com/?q=35.0390361,135.7726361",,,延喜式内社データベースの現社候補,KOKUGAKUIN_SHIKINAI,180617:1,2
T2S181126_2,（論）上宮古神社,,,小,,,度会郡,,,,34.4672722,136.6295778,"https://maps.google.com/?q=34.4672722,136.6295778",,,延喜式内社データベースの現社候補,KOKUGAKUIN_SHIKINAI,181126:2,2
T2S180612_2,（論）伊多太神社旧跡地,,,小,,,愛宕郡,,,,35.0655861,135.7959528,"https://maps.google.com/?q=35.0655861,135.7959528",,,延喜式内社データベースの現社候補,KOKUGAKUIN_SHIKINAI,180612:2,2
T2S180612_1,（論）伊多太神社（崇道神社境内社）,,,小,,,愛宕郡,,,,35.0654750,135.8006361,"https://maps.google.com/?q=35.0654750,135.8006361",,,延喜式内社データベースの現社候補,KOKUGAKUIN_SHIKINAI,180612:1,2
T2S180600_2,（論）伴氏社（北野天満宮末社）,,,大,,,葛野郡,,,,35.0291944,135.7350083,"https://maps.google.com/?q=35.0291944,135.7350083",,,延喜式内社データベースの現社候補,KOKUGAKUIN_SHIKINAI,180600:2,2
T2S180600_1,（論）住吉大伴神社,,,大,,,葛野郡,,,,35.0317972,135.7170472,"https://maps.google.com/?q=35.0317972,135.7170472",,,延喜式内社データベースの現社候補,KOKUGAKUIN_SHIKINAI,180600:1,2
T2S181689_3,（論）六郷神社,,,小,,,荏原郡,,,,35.5442389,139.7130000,"https://maps.google.com/?q=35.5442389,139.7130000",,,延喜式内社データベースの現社候補,KOKUGAKUIN_SHIKINAI,181689:3,2
T2S180603_1,（論）出雲井於神社（比良木社＝賀茂御祖神社摂社）,,,大,,,愛宕郡,,,,35.0387361,135.7724528,"https://maps.google.com/?q=35.0387361,135.7724528",,,延喜式内社データベースの現社候補,KOKUGAKUIN_SHIKINAI,180603:1,2
T2S180605_1,（論）出雲高野神社（崇道神社境内社）,,,小,,,愛宕郡,,,,35.0656194,135.8007639,"https://maps.google.com/?q=35.0656194,135.8007639",,,延喜式内社データベースの現社候補,KOKUGAKUIN_SHIKINAI,180605:1,2
T2S180774_3,（論）剱主神社,,,小,,,宇陀郡,,,,34.4922222,135.9054139,"https://maps.google.com/?q=34.4922222,135.9054139",,,延喜式内社データベースの現社候補,KOKUGAKUIN_SHIKINAI,180774:3,2
T2S180615_3,（論）厳島神社,,,小,,,愛宕郡,,,,35.0881750,135.7619167,"https://maps.google.com/?q=35.0881750,135.7619167",,,延喜式内社データベースの現社候補,KOKUGAKUIN_SHIKINAI,180615:3,2
T2S180859_2,（論）国常立命神社,,,大,,,十市郡,,,,34.4954944,135.8182444,"https://maps.google.com/?q=34.4954944,135.8182444",,,延喜式内社データベースの現社候補,KOKUGAKUIN_SHIKINAI,180859:2,2
T2S180607_2,（論）土師尾社（賀茂別雷神社境内末社）,,,小,,,愛宕郡,,,,35.0604528,135.7529250,"https://maps.google.com/?q=35.0604528,135.7529250",,,延喜式内社データベースの現社候補,KOKUGAKUIN_SHIKINAI,180607:2,2
T2S181129_1,（論）堅田神社,,,小,,,度会郡,,,,34.5056972,136.7798500,"https://maps.google.com/?q=34.5056972,136.7798500",,,延喜式内社データベースの現社候補,KOKUGAKUIN_SHIKINAI,181129:1,2
T2S180615_4,（論）大神神社,,,小,,,愛宕郡,,,,35.0877889,135.7629722,"https://maps.google.com/?q=35.0877889,135.7629722",,,延喜式内社データベースの現社候補,KOKUGAKUIN_SHIKINAI,180615:4,2
T2S180856_2,（論）天岩戸神社,,,小,,,十市郡,,,,34.4933111,135.8172472,"https://maps.google.com/?q=34.4933111,135.8172472",,,延喜式内社データベースの現社候補,KOKUGAKUIN_SHIKINAI,180856:2,2
T2S180851_1,（論）天満神社,,,大・月・新,,,十市郡,,,,34.5337000,135.8176389,"https://maps.google.com/?q=34.5337000,135.8176389",,,延喜式内社データベースの現社候補,KOKUGAKUIN_SHIKINAI,180851:1,2
T2S180652_1,（論）天神社（松井天神社）,,,小,,,綴喜郡,,,,34.8454667,135.7315639,"https://maps.google.com/?q=34.8454667,135.7315639",,,延喜式内社データベースの現社候補,KOKUGAKUIN_SHIKINAI,180652:1,2
T2S180853_2,（論）天香山神社,,,大・月・新,,,十市郡,,,,34.4972611,135.8183083,"https://maps.google.com/?q=34.4972611,135.8183083",,,延喜式内社データベースの現社候補,KOKUGAKUIN_SHIKINAI,180853:2,2
T2S180857_1,（論）子部神社,,,大,,,十市郡,,,,34.5326250,135.7721250,"https://maps.google.com/?q=34.5326250,135.7721250",,,延喜式内社データベースの現社候補,KOKUGAKUIN_SHIKINAI,180857:1,2
T2S180857_2,（論）子部神社（すがる神社）,,,大,,,十市郡,,,,34.5321694,135.7711389,"https://maps.google.com/?q=34.5321694,135.7711389",,,延喜式内社データベースの現社候補,KOKUGAKUIN_SHIKINAI,180857:2,2
T2S181129_2,（論）宇治山田神社,,,小,,,度会郡,,,,34.4688861,136.7284500,"https://maps.google.com/?q=34.4688861,136.7284500",,,延喜式内社データベースの現社候補,KOKUGAKUIN_SHIKINAI,181129:2,2
T2S180624_4,（論）安須加多神社（下鳥羽飛鳥田神社）,,,小,,,紀伊郡,,,,34.9443528,135.7438750,"https://maps.google.com/?q=34.9443528,135.7438750",,,延喜式内社データベースの現社候補,KOKUGAKUIN_SHIKINAI,180624:4,2
T2S181693_2,（論）小野神社,,,小,,,多磨郡,,,,35.6641500,139.4563778,"https://maps.google.com/?q=35.6641500,139.4563778",,,延喜式内社データベースの現社候補,KOKUGAKUIN_SHIKINAI,181693:2,2
T2S180608_1,（論）小野神社（崇道神社境内摂社）,,,小,,,愛宕郡,,,,35.0653250,135.8008889,"https://maps.google.com/?q=35.0653250,135.8008889",,,延喜式内社データベースの現社候補,KOKUGAKUIN_SHIKINAI,180608:1,2
T2S181693_1,（論）小野神社（武蔵国一之宮）,,,小,,,多磨郡,,,,35.6528750,139.4424417,"https://maps.google.com/?q=35.6528750,139.4424417",,,延喜式内社データベースの現社候補,KOKUGAKUIN_SHIKINAI,181693:1,2
T2S180851_3,（論）山之坊山口神社,,,大・月・新,,,十市郡,,,,34.5105222,135.8109222,"https://maps.google.com/?q=34.5105222,135.8109222",,,延喜式内社データベースの現社候補,KOKUGAKUIN_SHIKINAI,180851:3,2
T2S180606_2,（論）山森神社（賀茂別雷神社境内末社）,,,小,,,愛宕郡,,,,35.0585528,135.7531333,"https://maps.google.com/?q=35.0585528,135.7531333",,,延喜式内社データベースの現社候補,KOKUGAKUIN_SHIKINAI,180606:2,2
T2S180659_2,（論）岡田国神社,,,大,,,相楽郡,,,,34.7295667,135.8244806,"https://maps.google.com/?q=34.7295667,135.8244806",,,延喜式内社データベースの現社候補,KOKUGAKUIN_SHIKINAI,180659:2,2
T2S180618_2,（論）岩戸落葉神社,,,小,,,愛宕郡,,,,35.1133361,135.6744389,"https://maps.google.com/?q=35.1133361,135.6744389",,,延喜式内社データベースの現社候補,KOKUGAKUIN_SHIKINAI,180618:2,2
T2S180615_2,（論）幸神社,,,小,,,愛宕郡,,,,35.0593639,135.7599694,"https://maps.google.com/?q=35.0593639,135.7599694",,,延喜式内社データベースの現社候補,KOKUGAKUIN_SHIKINAI,180615:2,2
T2S181689_2,（論）御田八幡神社,,,小,,,荏原郡,,,,35.6433194,139.7413472,"https://maps.google.com/?q=35.6433194,139.7413472",,,延喜式内社データベースの現社候補,KOKUGAKUIN_SHIKINAI,181689:2,2
T2S180605_2,（論）御蔭神社（賀茂御祖神社境外摂社）,,,小,,,愛宕郡,,,,35.0628833,135.8062333,"https://maps.google.com/?q=35.0628833,135.8062333",,,延喜式内社データベースの現社候補,KOKUGAKUIN_SHIKINAI,180605:2,2
T2S180603_3,（論）御霊神社,,,大,,,愛宕郡,,,,35.0365306,135.7616861,"https://maps.google.com/?q=35.0365306,135.7616861",,,延喜式内社データベースの現社候補,KOKUGAKUIN_SHIKINAI,180603:3,2
T2S180781_2,（論）春日神社,,,大,,,城上郡,,,,34.5139611,135.8382694,"https://maps.google.com/?q=34.5139611,135.8382694",,,延喜式内社データベースの現社候補,KOKUGAKUIN_SHIKINAI,180781:2,2
T2S180853_3,（論）春日神社,,,大・月・新,,,十市郡,,,,34.4949167,135.8230750,"https://maps.google.com/?q=34.4949167,135.8230750",,,延喜式内社データベースの現社候補,KOKUGAKUIN_SHIKINAI,180853:3,2
T2S180659_1,（論）春日神社（勝手神社境内）,,,大,,,相楽郡,,,,34.7546889,135.8553167,"https://maps.google.com/?q=34.7546889,135.8553167",,,延喜式内社データベースの現社候補,KOKUGAKUIN_SHIKINAI,180659:1,2
T2S180652_2,（論）朱智神社,,,小,,,綴喜郡,,,,34.7812806,135.7336472,"https://maps.google.com/?q=34.7812806,135.7336472",,,延喜式内社データベースの現社候補,KOKUGAKUIN_SHIKINAI,180652:2,2
T2S181691_3,（論）杉山神社,,,小,,,都筑郡,,,,35.5462500,139.6080639,"https://maps.google.com/?q=35.5462500,139.6080639",,,延喜式内社データベースの現社候補,KOKUGAKUIN_SHIKINAI,181691:3,2
T2S181691_2,（論）杉山神社（大翔中川）,,,小,,,都筑郡,,,,35.5546139,139.5761861,"https://maps.google.com/?q=35.5546139,139.5761861",,,延喜式内社データベースの現社候補,KOKUGAKUIN_SHIKINAI,181691:2,2
T2S181691_4,（論）杉山神社（茅ヶ崎）,,,小,,,都筑郡,,,,35.5485194,139.5734111,"https://maps.google.com/?q=35.5485194,139.5734111",,,延喜式内社データベースの現社候補,KOKUGAKUIN_SHIKINAI,181691:4,2
T2S180834_2,（論）東大谷日女命神社,,,小,,,高市郡,,,,34.4835778,135.8286694,"https://maps.google.com/?q=34.4835778,135.8286694",,,延喜式内社データベースの現社候補,KOKUGAKUIN_SHIKINAI,180834:2,2
T2S180652_3,（論）棚倉孫神社,,,小,,,綴喜郡,,,,34.8214306,135.7634028,"https://maps.google.com/?q=34.8214306,135.7634028",,,延喜式内社データベースの現社候補,KOKUGAKUIN_SHIKINAI,180652:3,2
T2S180612_3,（論）江文神社,,,小,,,愛宕郡,,,,35.1135611,135.8134500,"https://maps.google.com/?q=35.1135611,135.8134500",,,延喜式内社データベースの現社候補,KOKUGAKUIN_SHIKINAI,180612:3,2
T2S180605_4,（論）猿田彦神社,,,小,,,愛宕郡,,,,35.0363556,135.7596556,"https://maps.google.com/?q=35.0363556,135.7596556",,,延喜式内社データベースの現社候補,KOKUGAKUIN_SHIKINAI,180605:4,2
T2S180624_1,（論）田中神社,,,小,,,紀伊郡,,,,34.9734222,135.7706556,"https://maps.google.com/?q=34.9734222,135.7706556",,,延喜式内社データベースの現社候補,KOKUGAKUIN_SHIKINAI,180624:1,2
T2S180624_3,（論）田中神社,,,小,,,紀伊郡,,,,34.9280194,135.7407000,"https://maps.google.com/?q=34.9280194,135.7407000",,,延喜式内社データベースの現社候補,KOKUGAKUIN_SHIKINAI,180624:3,2
T2S180853_1,（論）畝尾坐健土安神社,,,大・月・新,,,十市郡,,,,34.4991806,135.8154472,"https://maps.google.com/?q=34.4991806,135.8154472",,,延喜式内社データベースの現社候補,KOKUGAKUIN_SHIKINAI,180853:1,2
T2S180852_1,（論）石寸山口神社,,,大,,,十市郡,,,,34.5072861,135.8440667,"https://maps.google.com/?q=34.5072861,135.8440667",,,延喜式内社データベースの現社候補,KOKUGAKUIN_SHIKINAI,180852:1,2
T2S180619_1,（論）神明社（北野天満宮末社）,,,小,,,愛宕郡,,,,35.0313833,135.7347639,"https://maps.google.com/?q=35.0313833,135.7347639",,,延喜式内社データベースの現社候補,KOKUGAKUIN_SHIKINAI,180619:1,2
T2S180618_1,（論）神明神社,,,小,,,愛宕郡,,,,35.1247972,135.8205000,"https://maps.google.com/?q=35.1247972,135.8205000",,,延喜式内社データベースの現社候補,KOKUGAKUIN_SHIKINAI,180618:1,2
T2S181697_1,（論）穴澤天神社,,,小,,,多磨郡,,,,35.6328833,139.5224833,"https://maps.google.com/?q=35.6328833,139.5224833",,,延喜式内社データベースの現社候補,KOKUGAKUIN_SHIKINAI,181697:1,2
T2S180851_2,（論）耳成山口神社,,,大・月・新,,,十市郡,,,,34.5148583,135.8062333,"https://maps.google.com/?q=34.5148583,135.8062333",,,延喜式内社データベースの現社候補,KOKUGAKUIN_SHIKINAI,180851:2,2
T2S180634_1,（論）荒見神社（富野）,,,小,,,久世郡,,,,34.8409278,135.7840472,"https://maps.google.com/?q=34.8409278,135.7840472",,,延喜式内社データベースの現社候補,KOKUGAKUIN_SHIKINAI,180634:1,2
T2S180634_2,（論）荒見神社（田井）,,,小,,,久世郡,,,,34.8827556,135.7380889,"https://maps.google.com/?q=34.8827556,135.7380889",,,延喜式内社データベースの現社候補,KOKUGAKUIN_SHIKINAI,180634:2,2
T2S180611_3,（論）諏訪社（三井神社〈賀茂御祖神社摂社）末社）,,,小,,,愛宕郡,,,,35.0390139,135.7726278,"https://maps.google.com/?q=35.0390139,135.7726278",,,延喜式内社データベースの現社候補,KOKUGAKUIN_SHIKINAI,180611:3,2
T2S180611_2,（論）諏訪社（川合神社〈賀茂御祖神社摂社〉末社）,,,小,,,愛宕郡,,,,35.0347306,135.7717583,"https://maps.google.com/?q=35.0347306,135.7717583",,,延喜式内社データベースの現社候補,KOKUGAKUIN_SHIKINAI,180611:2,2
T2S181697_2,（論）谷保天満宮,,,小,,,多磨郡,,,,35.6804500,139.4444389,"https://maps.google.com/?q=35.6804500,139.4444389",,,延喜式内社データベースの現社候補,KOKUGAKUIN_SHIKINAI,181697:2,2
T2S180606_1,（論）賀茂山口神社（澤田社＝賀茂別雷神社境内末社）,,,小,,,愛宕郡,,,,35.0595389,135.7535028,"https://maps.google.com/?q=35.0595389,135.7535028",,,延喜式内社データベースの現社候補,KOKUGAKUIN_SHIKINAI,180606:1,2
T2S180607_1,（論）賀茂波爾神社（賀茂御祖神社境外摂社）,,,小,,,愛宕郡,,,,35.0431667,135.7828083,"https://maps.google.com/?q=35.0431667,135.7828083",,,延喜式内社データベースの現社候補,KOKUGAKUIN_SHIKINAI,180607:1,2
T2S180856_1,（論）阪門神社,,,小,,,十市郡,,,,34.5263806,135.8108833,"https://maps.google.com/?q=34.5263806,135.8108833",,,延喜式内社データベースの現社候補,KOKUGAKUIN_SHIKINAI,180856:1,2
T2S180611_4,（論）静原神社,,,小,,,愛宕郡,,,,35.1113222,135.7895972,"https://maps.google.com/?q=35.1113222,135.7895972",,,延喜式内社データベースの現社候補,KOKUGAKUIN_SHIKINAI,180611:4,2
T2S180624_2,（論）飛鳥田神社,,,小,,,紀伊郡,,,,34.9249639,135.7364111,"https://maps.google.com/?q=34.9249639,135.7364111",,,延喜式内社データベースの現社候補,KOKUGAKUIN_SHIKINAI,180624:2,2
T2S180852_2,（論）高田山口神社,,,大,,,十市郡,,,,34.4942861,135.8479194,"https://maps.google.com/?q=34.4942861,135.8479194",,,延喜式内社データベースの現社候補,KOKUGAKUIN_SHIKINAI,180852:2,2
T2S180767_2,（論）高角神社,,,小,,,宇陀郡,,,,34.4286333,136.0884111,"https://maps.google.com/?q=34.4286333,136.0884111",,,延喜式内社データベースの現社候補,KOKUGAKUIN_SHIKINAI,180767:2,2
T2S181689_4,（論）鵜ノ木八幡神社,,,小,,,荏原郡,,,,35.5760083,139.6850222,"https://maps.google.com/?q=35.5760083,139.6850222",,,延喜式内社データベースの現社候補,KOKUGAKUIN_SHIKINAI,181689:4,2
T2S181691_5,（論）鶴見神社（横浜市鶴見区）,,,小,,,都筑郡,,,,35.5111861,139.6774083,"https://maps.google.com/?q=35.5111861,139.6774083",,,延喜式内社データベースの現社候補,KOKUGAKUIN_SHIKINAI,181691:5,2
T2S183100_1,（足次山神社）,,,小,,,後月郡,,,,34.5986722,133.4690694,"https://maps.google.com/?q=34.5986722,133.4690694",,,延喜式内社データベースの現社候補,KOKUGAKUIN_SHIKINAI,183100:1,2
T2S183100_2,（足次神社）,,,小,,,後月郡,,,,34.5972444,133.4965417,"https://maps.google.com/?q=34.5972444,133.4965417",,,延喜式内社データベースの現社候補,KOKUGAKUIN_SHIKINAI,183100:2,2
T2S181907_1,（遥拝所）大前神社,,,小,,,高島郡,,,,35.4659333,136.0699472,"https://maps.google.com/?q=35.4659333,136.0699472",,,延喜式内社データベースの現社候補,KOKUGAKUIN_SHIKINAI,181907:1,2
T2S180595_2,（附）明神祠,,,小,,,葛野郡,,,,35.1457694,135.6994028,"https://maps.google.com/?q=35.1457694,135.6994028",,,延喜式内社データベースの現社候補,KOKUGAKUIN_SHIKINAI,180595:2,2
T2S180571_1,［ID:180571］ 与杼神社,,,小,,,乙訓郡,,,,34.9053500,135.7179861,"https://maps.google.com/?q=34.9053500,135.7179861",,,延喜式内社データベースの現社候補,KOKUGAKUIN_SHIKINAI,180571:1,2
T2S180575_1,［ID:180575］ 走田神社,,,小,,,乙訓郡,,,,34.9275111,135.6763278,"https://maps.google.com/?q=34.9275111,135.6763278",,,延喜式内社データベースの現社候補,KOKUGAKUIN_SHIKINAI,180575:1,2
T2S180576_1,［ID:180576］ 御谷神社,,,小,,,乙訓郡,,,,34.9103722,135.6606278,"https://maps.google.com/?q=34.9103722,135.6606278",,,延喜式内社データベースの現社候補,KOKUGAKUIN_SHIKINAI,180576:1,2
T2S180579_1,［ID:180579］ 大歳神社,,,大,,,乙訓郡,,,,34.9508583,135.6663222,"https://maps.google.com/?q=34.9508583,135.6663222",,,延喜式内社データベースの現社候補,KOKUGAKUIN_SHIKINAI,180579:1,2
T2S180581_1,［ID:180581］ 石井神社,,,小,,,乙訓郡,,,,34.9509583,135.6446472,"https://maps.google.com/?q=34.9509583,135.6446472",,,延喜式内社データベースの現社候補,KOKUGAKUIN_SHIKINAI,180581:1,2
T2S180582_1,［ID:180582］ 神川神社,,,小,,,乙訓郡,,,,34.9389000,135.7333417,"https://maps.google.com/?q=34.9389000,135.7333417",,,延喜式内社データベースの現社候補,KOKUGAKUIN_SHIKINAI,180582:1,2
T2S180585_1,［ID:180585］ 小倉神社,,,大,,,乙訓郡,,,,34.9096472,135.6772611,"https://maps.google.com/?q=34.9096472,135.6772611",,,延喜式内社データベースの現社候補,KOKUGAKUIN_SHIKINAI,180585:1,2
T2S180586_1,［ID:180586］ 入野神社,,,小,,,乙訓郡,,,,34.9494889,135.6736917,"https://maps.google.com/?q=34.9494889,135.6736917",,,延喜式内社データベースの現社候補,KOKUGAKUIN_SHIKINAI,180586:1,2
T2S180590_1,［ID:180590］ 木島坐天照御魂神社,,,名大,,,葛野郡,,,,35.0145361,135.7134889,"https://maps.google.com/?q=35.0145361,135.7134889",,,延喜式内社データベースの現社候補,KOKUGAKUIN_SHIKINAI,180590:1,2
T2S180592_1,［ID:180592］ 阿刀神社,,,小,,,葛野郡,,,,35.0205889,135.6919972,"https://maps.google.com/?q=35.0205889,135.6919972",,,延喜式内社データベースの現社候補,KOKUGAKUIN_SHIKINAI,180592:1,2
T2S180601_1,［ID:180601］ 大酒神社,,,小,,,葛野郡,,,,35.0146417,135.7087139,"https://maps.google.com/?q=35.0146417,135.7087139",,,延喜式内社データベースの現社候補,KOKUGAKUIN_SHIKINAI,180601:1,2
T2S180602_1,［ID:180602］ 賀茂別雷神社,,,名大,,,愛宕郡,,,,35.0605083,135.7527528,"https://maps.google.com/?q=35.0605083,135.7527528",,,延喜式内社データベースの現社候補,KOKUGAKUIN_SHIKINAI,180602:1,2
T2S180604_1,［ID:180604］ 賀茂御祖神社,,,名大,,,愛宕郡,,,,35.0390694,135.7730111,"https://maps.google.com/?q=35.0390694,135.7730111",,,延喜式内社データベースの現社候補,KOKUGAKUIN_SHIKINAI,180604:1,2
T2S180609_1,［ID:180609］ 久我神社,,,小,,,愛宕郡,,,,35.0520306,135.7479639,"https://maps.google.com/?q=35.0520306,135.7479639",,,延喜式内社データベースの現社候補,KOKUGAKUIN_SHIKINAI,180609:1,2
T2S180616_1,［ID:180616］ 大田神社,,,小,,,愛宕郡,,,,35.0600139,135.7583917,"https://maps.google.com/?q=35.0600139,135.7583917",,,延喜式内社データベースの現社候補,KOKUGAKUIN_SHIKINAI,180616:1,2
T2S180620_1,［ID:180620］ 片山御子神社,,,大,,,愛宕郡,,,,35.0601028,135.7530667,"https://maps.google.com/?q=35.0601028,135.7530667",,,延喜式内社データベースの現社候補,KOKUGAKUIN_SHIKINAI,180620:1,2
T2S180625_1,［ID:180625］ 真幡寸神社,,,小,,,紀伊郡,,,,34.9504472,135.7479278,"https://maps.google.com/?q=34.9504472,135.7479278",,,延喜式内社データベースの現社候補,KOKUGAKUIN_SHIKINAI,180625:1,2
T2S180629_1,［ID:180629］ 天穂日命神社,,,小,,,宇治郡,,,,34.9400278,135.8018167,"https://maps.google.com/?q=34.9400278,135.8018167",,,延喜式内社データベースの現社候補,KOKUGAKUIN_SHIKINAI,180629:1,2
T2S180631_1,［ID:180631］ 山科神社,,,名大,,,宇治郡,,,,34.9686889,135.7955722,"https://maps.google.com/?q=34.9686889,135.7955722",,,延喜式内社データベースの現社候補,KOKUGAKUIN_SHIKINAI,180631:1,2
T2S180632_1,［ID:180632］ 石田神社,,,大,,,久世郡,,,,34.8563361,135.7486417,"https://maps.google.com/?q=34.8563361,135.7486417",,,延喜式内社データベースの現社候補,KOKUGAKUIN_SHIKINAI,180632:1,2
T2S180633_1,［ID:180633］ 水主神社,,,大,,,久世郡,,,,34.8435472,135.7614944,"https://maps.google.com/?q=34.8435472,135.7614944",,,延喜式内社データベースの現社候補,KOKUGAKUIN_SHIKINAI,180633:1,2
T2S180635_1,［ID:180635］ 双栗神社,,,小,,,久世郡,,,,34.8763028,135.7575556,"https://maps.google.com/?q=34.8763028,135.7575556",,,延喜式内社データベースの現社候補,KOKUGAKUIN_SHIKINAI,180635:1,2
T2S180636_1,［ID:180636］ 水度神社,,,小,,,久世郡,,,,34.8547389,135.7895639,"https://maps.google.com/?q=34.8547389,135.7895639",,,延喜式内社データベースの現社候補,KOKUGAKUIN_SHIKINAI,180636:1,2
T2S180637_1,［ID:180637］ 旦椋神社,,,小,,,久世郡,,,,34.8725861,135.7749083,"https://maps.google.com/?q=34.8725861,135.7749083",,,延喜式内社データベースの現社候補,KOKUGAKUIN_SHIKINAI,180637:1,2
T2S180638_1,［ID:180638］ 伊勢田神社,,,小,,,久世郡,,,,34.8859500,135.7774722,"https://maps.google.com/?q=34.8859500,135.7774722",,,延喜式内社データベースの現社候補,KOKUGAKUIN_SHIKINAI,180638:1,2
T2S180639_1,［ID:180639］ 巨椋神社,,,小,,,久世郡,,,,34.8983667,135.7846361,"https://maps.google.com/?q=34.8983667,135.7846361",,,延喜式内社データベースの現社候補,KOKUGAKUIN_SHIKINAI,180639:1,2
T2S180640_1,［ID:180640］ 室城神社,,,小,,,久世郡,,,,34.8743889,135.7387083,"https://maps.google.com/?q=34.8743889,135.7387083",,,延喜式内社データベースの現社候補,KOKUGAKUIN_SHIKINAI,180640:1,2
T2S180641_1,［ID:180641］ 樺井月神社,,,大,,,綴喜郡,,,,34.8434889,135.7617167,"https://maps.google.com/?q=34.8434889,135.7617167",,,延喜式内社データベースの現社候補,KOKUGAKUIN_SHIKINAI,180641:1,2
T2S180642_1,［ID:180642］ 朱智神社,,,小,,,綴喜郡,,,,34.7812806,135.7336472,"https://maps.google.com/?q=34.7812806,135.7336472",,,延喜式内社データベースの現社候補,KOKUGAKUIN_SHIKINAI,180642:1,2
T2S180643_1,［ID:180643］ 月読神社,,,大,,,綴喜郡,,,,34.8362944,135.7410750,"https://maps.google.com/?q=34.8362944,135.7410750",,,延喜式内社データベースの現社候補,KOKUGAKUIN_SHIKINAI,180643:1,2
T2S180644_1,［ID:180644］ 咋岡神社,,,小,,,綴喜郡,,,,34.8047389,135.7973167,"https://maps.google.com/?q=34.8047389,135.7973167",,,延喜式内社データベースの現社候補,KOKUGAKUIN_SHIKINAI,180644:1,2
T2S180645_1,［ID:180645］ 高神社,,,小,,,綴喜郡,,,,34.8171389,135.8141972,"https://maps.google.com/?q=34.8171389,135.8141972",,,延喜式内社データベースの現社候補,KOKUGAKUIN_SHIKINAI,180645:1,2
T2S180646_1,［ID:180646］ 内神社,,,小,,,綴喜郡,,,,34.8599750,135.7281556,"https://maps.google.com/?q=34.8599750,135.7281556",,,延喜式内社データベースの現社候補,KOKUGAKUIN_SHIKINAI,180646:1,2
T2S180647_1,［ID:180647］ 粟神社,,,小,,,綴喜郡,,,,34.8292611,135.8163917,"https://maps.google.com/?q=34.8292611,135.8163917",,,延喜式内社データベースの現社候補,KOKUGAKUIN_SHIKINAI,180647:1,2
T2S180648_1,［ID:180648］ 棚倉孫神社,,,大,,,綴喜郡,,,,34.8214306,135.7634028,"https://maps.google.com/?q=34.8214306,135.7634028",,,延喜式内社データベースの現社候補,KOKUGAKUIN_SHIKINAI,180648:1,2
T2S180650_1,［ID:180650］ 酒屋神社,,,小,,,綴喜郡,,,,34.8071361,135.7663611,"https://maps.google.com/?q=34.8071361,135.7663611",,,延喜式内社データベースの現社候補,KOKUGAKUIN_SHIKINAI,180650:1,2
T2S180653_1,［ID:180653］ 地祇神社,,,小,,,綴喜郡,,,,34.7955750,135.7616000,"https://maps.google.com/?q=34.7955750,135.7616000",,,延喜式内社データベースの現社候補,KOKUGAKUIN_SHIKINAI,180653:1,2
T2S180654_1,［ID:180654］ 祝薗神社,,,大,,,相楽郡,,,,34.7680222,135.8015667,"https://maps.google.com/?q=34.7680222,135.8015667",,,延喜式内社データベースの現社候補,KOKUGAKUIN_SHIKINAI,180654:1,2
T2S180655_1,［ID:180655］ 和伎坐天乃夫支売神社,,,大,,,相楽郡,,,,34.7754417,135.8173972,"https://maps.google.com/?q=34.7754417,135.8173972",,,延喜式内社データベースの現社候補,KOKUGAKUIN_SHIKINAI,180655:1,2
T2S180656_1,［ID:180656］ 綺原坐健伊那大比売神社,,,小,,,相楽郡,,,,34.7867806,135.8163917,"https://maps.google.com/?q=34.7867806,135.8163917",,,延喜式内社データベースの現社候補,KOKUGAKUIN_SHIKINAI,180656:1,2
T2S180657_1,［ID:180657］ 相楽神社,,,小,,,相楽郡,,,,34.7366611,135.8001722,"https://maps.google.com/?q=34.7366611,135.8001722",,,延喜式内社データベースの現社候補,KOKUGAKUIN_SHIKINAI,180657:1,2
T2S180658_1,［ID:180658］ 岡田鴨神社,,,大,,,相楽郡,,,,34.7615611,135.8764111,"https://maps.google.com/?q=34.7615611,135.8764111",,,延喜式内社データベースの現社候補,KOKUGAKUIN_SHIKINAI,180658:1,2
T2S180660_1,［ID:180660］ 鳴雷神社,,,大,,,添上郡,,,,34.6777583,135.8716778,"https://maps.google.com/?q=34.6777583,135.8716778",,,延喜式内社データベースの現社候補,KOKUGAKUIN_SHIKINAI,180660:1,2
T2S180663_1,［ID:180663］ 率川阿波神社,,,小,,,添上郡,,,,34.6814167,135.8258972,"https://maps.google.com/?q=34.6814167,135.8258972",,,延喜式内社データベースの現社候補,KOKUGAKUIN_SHIKINAI,180663:1,2
T2S180664_1,［ID:180664］ 宇奈太理坐高御魂神社,,,大,,,添上郡,,,,34.6900194,135.8015472,"https://maps.google.com/?q=34.6900194,135.8015472",,,延喜式内社データベースの現社候補,KOKUGAKUIN_SHIKINAI,180664:1,2
T2S180665_1,［ID:180665］ 和爾坐赤坂比古神社,,,大,,,添上郡,,,,34.6275444,135.8390278,"https://maps.google.com/?q=34.6275444,135.8390278",,,延喜式内社データベースの現社候補,KOKUGAKUIN_SHIKINAI,180665:1,2
T2S180668_1,［ID:180668］ 奈良豆比古神社,,,小,,,添上郡,,,,34.7043611,135.8340194,"https://maps.google.com/?q=34.7043611,135.8340194",,,延喜式内社データベースの現社候補,KOKUGAKUIN_SHIKINAI,180668:1,2
T2S180669_1,［ID:180669］ 神波多神社,,,小,,,添上郡,,,,34.6903000,136.0642722,"https://maps.google.com/?q=34.6903000,136.0642722",,,延喜式内社データベースの現社候補,KOKUGAKUIN_SHIKINAI,180669:1,2
T2S180670_1,［ID:180670］ 高橋神社,,,小,,,添上郡,,,,34.6680000,135.8021389,"https://maps.google.com/?q=34.6680000,135.8021389",,,延喜式内社データベースの現社候補,KOKUGAKUIN_SHIKINAI,180670:1,2
T2S180672_1,［ID:180672］ 宅布世神社,,,小,,,添上郡,,,,34.6554500,135.8716639,"https://maps.google.com/?q=34.6554500,135.8716639",,,延喜式内社データベースの現社候補,KOKUGAKUIN_SHIKINAI,180672:1,2
T2S180674_1,［ID:180674］ 夜支布山口神社,,,大,,,添上郡,,,,34.7028806,135.9294750,"https://maps.google.com/?q=34.7028806,135.9294750",,,延喜式内社データベースの現社候補,KOKUGAKUIN_SHIKINAI,180674:1,2
T2S180676_1,［ID:180676］ 売太神社,,,小,,,添上郡,,,,34.6392917,135.7964500,"https://maps.google.com/?q=34.6392917,135.7964500",,,延喜式内社データベースの現社候補,KOKUGAKUIN_SHIKINAI,180676:1,2
T2S180678_1,［ID:180678］ 赤穂神社,,,小,,,添上郡,,,,34.6769028,135.8426500,"https://maps.google.com/?q=34.6769028,135.8426500",,,延喜式内社データベースの現社候補,KOKUGAKUIN_SHIKINAI,180678:1,2
T2S180679_1,［ID:180679］ 島田神社,,,小,,,添上郡,,,,34.6475556,135.8456194,"https://maps.google.com/?q=34.6475556,135.8456194",,,延喜式内社データベースの現社候補,KOKUGAKUIN_SHIKINAI,180679:1,2
T2S180682_1,［ID:180682］ 五百立神社,,,小,,,添上郡,,,,34.6871333,135.8394639,"https://maps.google.com/?q=34.6871333,135.8394639",,,延喜式内社データベースの現社候補,KOKUGAKUIN_SHIKINAI,180682:1,2
T2S180683_1,［ID:180683］ 天乃石立神社,,,小,,,添上郡,,,,34.7267083,135.9594222,"https://maps.google.com/?q=34.7267083,135.9594222",,,延喜式内社データベースの現社候補,KOKUGAKUIN_SHIKINAI,180683:1,2
T2S180684_1,［ID:180684］ 矢田坐久志玉比古神社,,,大,,,添下郡,,,,34.6518278,135.7480500,"https://maps.google.com/?q=34.6518278,135.7480500",,,延喜式内社データベースの現社候補,KOKUGAKUIN_SHIKINAI,180684:1,2
T2S180685_1,［ID:180685］ 添御県坐神社,,,大,,,添下郡,,,,34.7044583,135.7959889,"https://maps.google.com/?q=34.7044583,135.7959889",,,延喜式内社データベースの現社候補,KOKUGAKUIN_SHIKINAI,180685:1,2
T2S180686_1,［ID:180686］ 菅田比売神社,,,小,,,添下郡,,,,34.6216611,135.7839028,"https://maps.google.com/?q=34.6216611,135.7839028",,,延喜式内社データベースの現社候補,KOKUGAKUIN_SHIKINAI,180686:1,2
T2S180689_1,［ID:180689］ 登弥神社,,,小,,,添下郡,,,,34.6610583,135.7658889,"https://maps.google.com/?q=34.6610583,135.7658889",,,延喜式内社データベースの現社候補,KOKUGAKUIN_SHIKINAI,180689:1,2
T2S180690_1,［ID:180690］ 菅田神社,,,小,,,添下郡,,,,34.6059667,135.7897000,"https://maps.google.com/?q=34.6059667,135.7897000",,,延喜式内社データベースの現社候補,KOKUGAKUIN_SHIKINAI,180690:1,2
T2S180694_1,［ID:180694］ 往馬坐伊古麻都比古神社,,,大,,,平群郡,,,,34.6782583,135.7036806,"https://maps.google.com/?q=34.6782583,135.7036806",,,延喜式内社データベースの現社候補,KOKUGAKUIN_SHIKINAI,180694:1,2
T2S180696_1,［ID:180696］ 伊古麻山口神社,,,大,,,平群郡,,,,34.6458306,135.6956722,"https://maps.google.com/?q=34.6458306,135.6956722",,,延喜式内社データベースの現社候補,KOKUGAKUIN_SHIKINAI,180696:1,2
T2S180697_1,［ID:180697］ 平群神社,,,大,,,平群郡,,,,34.6224722,135.7039500,"https://maps.google.com/?q=34.6224722,135.7039500",,,延喜式内社データベースの現社候補,KOKUGAKUIN_SHIKINAI,180697:1,2
T2S180698_1,［ID:180698］ 久度神社,,,小,,,平群郡,,,,34.5992972,135.6979806,"https://maps.google.com/?q=34.5992972,135.6979806",,,延喜式内社データベースの現社候補,KOKUGAKUIN_SHIKINAI,180698:1,2
T2S180699_1,［ID:180699］ 平郡坐紀氏神社,,,名大,,,平群郡,,,,34.6355194,135.7032944,"https://maps.google.com/?q=34.6355194,135.7032944",,,延喜式内社データベースの現社候補,KOKUGAKUIN_SHIKINAI,180699:1,2
T2S180700_1,［ID:180700］ 猪上神社,,,小,,,平群郡,,,,34.6076194,135.6714333,"https://maps.google.com/?q=34.6076194,135.6714333",,,延喜式内社データベースの現社候補,KOKUGAKUIN_SHIKINAI,180700:1,2
T2S180701_1,［ID:180701］ 船山神社,,,小,,,平群郡,,,,34.6284444,135.7120139,"https://maps.google.com/?q=34.6284444,135.7120139",,,延喜式内社データベースの現社候補,KOKUGAKUIN_SHIKINAI,180701:1,2
T2S180702_1,［ID:180702］ 御櫛神社,,,小,,,平群郡,,,,34.6177694,135.6903861,"https://maps.google.com/?q=34.6177694,135.6903861",,,延喜式内社データベースの現社候補,KOKUGAKUIN_SHIKINAI,180702:1,2
T2S180703_1,［ID:180703］ 神岳神社,,,小,,,平群郡,,,,34.6000278,135.7150722,"https://maps.google.com/?q=34.6000278,135.7150722",,,延喜式内社データベースの現社候補,KOKUGAKUIN_SHIKINAI,180703:1,2
T2S180706_1,［ID:180706］ 讃岐神社,,,小,,,広瀬郡,,,,34.5546556,135.7393333,"https://maps.google.com/?q=34.5546556,135.7393333",,,延喜式内社データベースの現社候補,KOKUGAKUIN_SHIKINAI,180706:1,2
T2S180707_1,［ID:180707］ 櫛玉比女命神社,,,小,,,広瀬郡,,,,34.5629028,135.7535167,"https://maps.google.com/?q=34.5629028,135.7535167",,,延喜式内社データベースの現社候補,KOKUGAKUIN_SHIKINAI,180707:1,2
T2S180708_1,［ID:180708］ 穂雷命神社,,,小,,,広瀬郡,,,,34.5371806,135.7343972,"https://maps.google.com/?q=34.5371806,135.7343972",,,延喜式内社データベースの現社候補,KOKUGAKUIN_SHIKINAI,180708:1,2
T2S180709_1,［ID:180709］ 於神社,,,小,,,広瀬郡,,,,34.5346750,135.7346361,"https://maps.google.com/?q=34.5346750,135.7346361",,,延喜式内社データベースの現社候補,KOKUGAKUIN_SHIKINAI,180709:1,2
T2S180711_1,［ID:180711］ 葛木御歳神社,,,名大,,,葛上郡,,,,34.4225056,135.7239528,"https://maps.google.com/?q=34.4225056,135.7239528",,,延喜式内社データベースの現社候補,KOKUGAKUIN_SHIKINAI,180711:1,2
T2S180712_1,［ID:180712］ 葛木坐一言主神社,,,名大,,,葛上郡,,,,34.4454806,135.7118250,"https://maps.google.com/?q=34.4454806,135.7118250",,,延喜式内社データベースの現社候補,KOKUGAKUIN_SHIKINAI,180712:1,2
T2S180713_1,［ID:180713］ 多太神社,,,小,,,葛上郡,,,,34.4373778,135.7196500,"https://maps.google.com/?q=34.4373778,135.7196500",,,延喜式内社データベースの現社候補,KOKUGAKUIN_SHIKINAI,180713:1,2
T2S180714_1,［ID:180714］ 長柄神社,,,小,,,葛上郡,,,,34.4397167,135.7169750,"https://maps.google.com/?q=34.4397167,135.7169750",,,延喜式内社データベースの現社候補,KOKUGAKUIN_SHIKINAI,180714:1,2
T2S180715_1,［ID:180715］ 巨勢山口神社,,,大,,,葛上郡,,,,34.4248389,135.7466000,"https://maps.google.com/?q=34.4248389,135.7466000",,,延喜式内社データベースの現社候補,KOKUGAKUIN_SHIKINAI,180715:1,2
T2S180716_1,［ID:180716］ 葛木水分神社,,,名大,,,葛上郡,,,,34.4398417,135.6979167,"https://maps.google.com/?q=34.4398417,135.6979167",,,延喜式内社データベースの現社候補,KOKUGAKUIN_SHIKINAI,180716:1,2
T2S180717_1,［ID:180717］ 鴨山口神社,,,大,,,葛上郡,,,,34.4613222,135.7154028,"https://maps.google.com/?q=34.4613222,135.7154028",,,延喜式内社データベースの現社候補,KOKUGAKUIN_SHIKINAI,180717:1,2
T2S180718_1,［ID:180718］ 高天彦神社,,,名大,,,葛上郡,,,,34.4180750,135.6959806,"https://maps.google.com/?q=34.4180750,135.6959806",,,延喜式内社データベースの現社候補,KOKUGAKUIN_SHIKINAI,180718:1,2
T2S180720_1,［ID:180720］ 大穴持神社,,,小,,,葛上郡,,,,34.4153056,135.7388667,"https://maps.google.com/?q=34.4153056,135.7388667",,,延喜式内社データベースの現社候補,KOKUGAKUIN_SHIKINAI,180720:1,2
T2S180725_1,［ID:180725］ 長尾神社,,,大,,,葛下郡,,,,34.5087361,135.7105639,"https://maps.google.com/?q=34.5087361,135.7105639",,,延喜式内社データベースの現社候補,KOKUGAKUIN_SHIKINAI,180725:1,2
T2S180726_1,［ID:180726］ 石薗坐多久虫玉神社,,,大,,,葛下郡,,,,34.5079500,135.7425083,"https://maps.google.com/?q=34.5079500,135.7425083",,,延喜式内社データベースの現社候補,KOKUGAKUIN_SHIKINAI,180726:1,2
T2S180727_1,［ID:180727］ 調田坐一事尼古神社,,,大,,,葛下郡,,,,34.5030139,135.7241528,"https://maps.google.com/?q=34.5030139,135.7241528",,,延喜式内社データベースの現社候補,KOKUGAKUIN_SHIKINAI,180727:1,2
T2S180728_1,［ID:180728］ 金村神社,,,大,,,葛下郡,,,,34.4856806,135.7095583,"https://maps.google.com/?q=34.4856806,135.7095583",,,延喜式内社データベースの現社候補,KOKUGAKUIN_SHIKINAI,180728:1,2
T2S180729_1,［ID:180729］ 葛木御県神社,,,大,,,葛下郡,,,,34.4868250,135.7176139,"https://maps.google.com/?q=34.4868250,135.7176139",,,延喜式内社データベースの現社候補,KOKUGAKUIN_SHIKINAI,180729:1,2
T2S180731_1,［ID:180731］ 火幡神社,,,名大,,,葛下郡,,,,34.5800500,135.6986917,"https://maps.google.com/?q=34.5800500,135.6986917",,,延喜式内社データベースの現社候補,KOKUGAKUIN_SHIKINAI,180731:1,2
T2S180732_1,［ID:180732］ 志都美神社,,,小,,,葛下郡,,,,34.5602833,135.6965639,"https://maps.google.com/?q=34.5602833,135.6965639",,,延喜式内社データベースの現社候補,KOKUGAKUIN_SHIKINAI,180732:1,2
T2S180733_1,［ID:180733］ 伊射奈岐神社,,,小,,,葛下郡,,,,34.5749500,135.7070528,"https://maps.google.com/?q=34.5749500,135.7070528",,,延喜式内社データベースの現社候補,KOKUGAKUIN_SHIKINAI,180733:1,2
T2S180734_1,［ID:180734］ 当麻都比古神社,,,小,,,葛下郡,,,,34.5196861,135.6888222,"https://maps.google.com/?q=34.5196861,135.6888222",,,延喜式内社データベースの現社候補,KOKUGAKUIN_SHIKINAI,180734:1,2
T2S180735_1,［ID:180735］ 当麻山口神社,,,大,,,葛下郡,,,,34.5196806,135.6889250,"https://maps.google.com/?q=34.5196806,135.6889250",,,延喜式内社データベースの現社候補,KOKUGAKUIN_SHIKINAI,180735:1,2
T2S180737_1,［ID:180737］ 葛木二上神社,,,大,,,葛下郡,,,,34.5256694,135.6780361,"https://maps.google.com/?q=34.5256694,135.6780361",,,延喜式内社データベースの現社候補,KOKUGAKUIN_SHIKINAI,180737:1,2
T2S180738_1,［ID:180738］ 為志神社,,,小,,,忍海郡,,,,34.4827472,135.7199917,"https://maps.google.com/?q=34.4827472,135.7199917",,,延喜式内社データベースの現社候補,KOKUGAKUIN_SHIKINAI,180738:1,2
T2S180740_1,［ID:180740］ 宇智神社,,,小,,,宇智郡,,,,34.3539639,135.7065833,"https://maps.google.com/?q=34.3539639,135.7065833",,,延喜式内社データベースの現社候補,KOKUGAKUIN_SHIKINAI,180740:1,2
T2S180741_1,［ID:180741］ 阿陀比売神社,,,小,,,宇智郡,,,,34.3680528,135.7478861,"https://maps.google.com/?q=34.3680528,135.7478861",,,延喜式内社データベースの現社候補,KOKUGAKUIN_SHIKINAI,180741:1,2
T2S180742_1,［ID:180742］ 荒木神社,,,小,,,宇智郡,,,,34.3615111,135.7069472,"https://maps.google.com/?q=34.3615111,135.7069472",,,延喜式内社データベースの現社候補,KOKUGAKUIN_SHIKINAI,180742:1,2
T2S180743_1,［ID:180743］ 丹生川神社,,,小,,,宇智郡,,,,34.3280611,135.7008806,"https://maps.google.com/?q=34.3280611,135.7008806",,,延喜式内社データベースの現社候補,KOKUGAKUIN_SHIKINAI,180743:1,2
T2S180744_1,［ID:180744］ 二見神社,,,小,,,宇智郡,,,,34.3424083,135.6862611,"https://maps.google.com/?q=34.3424083,135.6862611",,,延喜式内社データベースの現社候補,KOKUGAKUIN_SHIKINAI,180744:1,2
T2S180745_1,［ID:180745］ 宮前霹靂神社,,,小,,,宇智郡,,,,34.3786917,135.6880917,"https://maps.google.com/?q=34.3786917,135.6880917",,,延喜式内社データベースの現社候補,KOKUGAKUIN_SHIKINAI,180745:1,2
T2S180746_1,［ID:180746］ 火雷神社,,,小,,,宇智郡,,,,34.3367889,135.6948167,"https://maps.google.com/?q=34.3367889,135.6948167",,,延喜式内社データベースの現社候補,KOKUGAKUIN_SHIKINAI,180746:1,2
T2S180747_1,［ID:180747］ 高天岸野神社,,,小,,,宇智郡,,,,34.3918889,135.6777083,"https://maps.google.com/?q=34.3918889,135.6777083",,,延喜式内社データベースの現社候補,KOKUGAKUIN_SHIKINAI,180747:1,2
T2S180748_1,［ID:180748］ 落杣神社,,,小,,,宇智郡,,,,34.3353528,135.6823389,"https://maps.google.com/?q=34.3353528,135.6823389",,,延喜式内社データベースの現社候補,KOKUGAKUIN_SHIKINAI,180748:1,2
T2S180749_1,［ID:180749］ 高天山佐太雄神社,,,小,,,宇智郡,,,,34.3887028,135.6583583,"https://maps.google.com/?q=34.3887028,135.6583583",,,延喜式内社データベースの現社候補,KOKUGAKUIN_SHIKINAI,180749:1,2
T2S180750_1,［ID:180750］ 一尾背神社,,,小,,,宇智郡,,,,34.3870722,135.6742000,"https://maps.google.com/?q=34.3870722,135.6742000",,,延喜式内社データベースの現社候補,KOKUGAKUIN_SHIKINAI,180750:1,2
T2S180751_1,［ID:180751］ 吉野水分神社,,,大,,,吉野郡,,,,34.3539056,135.8730722,"https://maps.google.com/?q=34.3539056,135.8730722",,,延喜式内社データベースの現社候補,KOKUGAKUIN_SHIKINAI,180751:1,2
T2S180752_1,［ID:180752］ 吉野山口神社,,,大,,,吉野郡,,,,34.4145333,135.8914083,"https://maps.google.com/?q=34.4145333,135.8914083",,,延喜式内社データベースの現社候補,KOKUGAKUIN_SHIKINAI,180752:1,2
T2S180753_1,［ID:180753］ 大名持神社,,,名大,,,吉野郡,,,,34.3939417,135.8689111,"https://maps.google.com/?q=34.3939417,135.8689111",,,延喜式内社データベースの現社候補,KOKUGAKUIN_SHIKINAI,180753:1,2
T2S180755_1,［ID:180755］ 金峯神社,,,名大,,,吉野郡,,,,34.3426028,135.8818000,"https://maps.google.com/?q=34.3426028,135.8818000",,,延喜式内社データベースの現社候補,KOKUGAKUIN_SHIKINAI,180755:1,2
T2S180758_1,［ID:180758］ 伊波多神社,,,小,,,吉野郡,,,,34.1941639,135.8220833,"https://maps.google.com/?q=34.1941639,135.8220833",,,延喜式内社データベースの現社候補,KOKUGAKUIN_SHIKINAI,180758:1,2
T2S180759_1,［ID:180759］ 波宝神社,,,小,,,吉野郡,,,,34.3118083,135.7565000,"https://maps.google.com/?q=34.3118083,135.7565000",,,延喜式内社データベースの現社候補,KOKUGAKUIN_SHIKINAI,180759:1,2
T2S180760_1,［ID:180760］ 波比売神社,,,小,,,吉野郡,,,,34.3416222,135.7733306,"https://maps.google.com/?q=34.3416222,135.7733306",,,延喜式内社データベースの現社候補,KOKUGAKUIN_SHIKINAI,180760:1,2
T2S180762_1,［ID:180762］ 阿紀神社,,,小,,,宇陀郡,,,,34.4783722,135.9240528,"https://maps.google.com/?q=34.4783722,135.9240528",,,延喜式内社データベースの現社候補,KOKUGAKUIN_SHIKINAI,180762:1,2
T2S180763_1,［ID:180763］ 門僕神社,,,小,,,宇陀郡,,,,34.5129528,136.1262889,"https://maps.google.com/?q=34.5129528,136.1262889",,,延喜式内社データベースの現社候補,KOKUGAKUIN_SHIKINAI,180763:1,2
T2S180764_1,［ID:180764］ 丹生神社,,,小,,,宇陀郡,,,,34.5220972,135.9267694,"https://maps.google.com/?q=34.5220972,135.9267694",,,延喜式内社データベースの現社候補,KOKUGAKUIN_SHIKINAI,180764:1,2
T2S180765_1,［ID:180765］ 御杖神社,,,小,,,宇陀郡,,,,34.4941972,136.1947028,"https://maps.google.com/?q=34.4941972,136.1947028",,,延喜式内社データベースの現社候補,KOKUGAKUIN_SHIKINAI,180765:1,2
T2S180766_1,［ID:180766］ 椋下神社,,,小,,,宇陀郡,,,,34.5325306,135.9617972,"https://maps.google.com/?q=34.5325306,135.9617972",,,延喜式内社データベースの現社候補,KOKUGAKUIN_SHIKINAI,180766:1,2
T2S180768_1,［ID:180768］ 八咫烏神社,,,小,,,宇陀郡,,,,34.5030917,135.9463278,"https://maps.google.com/?q=34.5030917,135.9463278",,,延喜式内社データベースの現社候補,KOKUGAKUIN_SHIKINAI,180768:1,2
T2S180769_1,［ID:180769］ 味坂比売命神社,,,小,,,宇陀郡,,,,34.5304889,136.0104083,"https://maps.google.com/?q=34.5304889,136.0104083",,,延喜式内社データベースの現社候補,KOKUGAKUIN_SHIKINAI,180769:1,2
T2S180770_1,［ID:180770］ 御井神社,,,小,,,宇陀郡,,,,34.5223889,135.9752583,"https://maps.google.com/?q=34.5223889,135.9752583",,,延喜式内社データベースの現社候補,KOKUGAKUIN_SHIKINAI,180770:1,2
T2S180771_1,［ID:180771］ 岡田小秦命神社,,,小,,,宇陀郡,,,,34.4528639,135.9723306,"https://maps.google.com/?q=34.4528639,135.9723306",,,延喜式内社データベースの現社候補,KOKUGAKUIN_SHIKINAI,180771:1,2
T2S180772_1,［ID:180772］ 神御子美牟須比女命神社,,,小,,,宇陀郡,,,,34.4821056,135.9915278,"https://maps.google.com/?q=34.4821056,135.9915278",,,延喜式内社データベースの現社候補,KOKUGAKUIN_SHIKINAI,180772:1,2
T2S180773_1,［ID:180773］ 桜実神社,,,小,,,宇陀郡,,,,34.4431500,135.9767944,"https://maps.google.com/?q=34.4431500,135.9767944",,,延喜式内社データベースの現社候補,KOKUGAKUIN_SHIKINAI,180773:1,2
T2S180776_1,［ID:180776］ 都賀那木神社,,,小,,,宇陀郡,,,,34.5047417,135.9663889,"https://maps.google.com/?q=34.5047417,135.9663889",,,延喜式内社データベースの現社候補,KOKUGAKUIN_SHIKINAI,180776:1,2
T2S180777_1,［ID:180777］ 大神大物主神社,,,名大,,,城上郡,,,,34.5290972,135.8530528,"https://maps.google.com/?q=34.5290972,135.8530528",,,延喜式内社データベースの現社候補,KOKUGAKUIN_SHIKINAI,180777:1,2
T2S180778_1,［ID:180778］ 神坐日向神社,,,大,,,城上郡,,,,34.5270167,135.8528444,"https://maps.google.com/?q=34.5270167,135.8528444",,,延喜式内社データベースの現社候補,KOKUGAKUIN_SHIKINAI,180778:1,2
T2S180782_1,［ID:180782］ 志貴御県坐神社,,,大,,,城上郡,,,,34.5254056,135.8528639,"https://maps.google.com/?q=34.5254056,135.8528639",,,延喜式内社データベースの現社候補,KOKUGAKUIN_SHIKINAI,180782:1,2
T2S180784_1,［ID:180784］ 忍坂坐生根神社,,,大,,,城上郡,,,,34.5085222,135.8726861,"https://maps.google.com/?q=34.5085222,135.8726861",,,延喜式内社データベースの現社候補,KOKUGAKUIN_SHIKINAI,180784:1,2
T2S180786_1,［ID:180786］ 忍坂山口坐神社,,,大,,,城上郡,,,,34.5092444,135.8691389,"https://maps.google.com/?q=34.5092444,135.8691389",,,延喜式内社データベースの現社候補,KOKUGAKUIN_SHIKINAI,180786:1,2
T2S180787_1,［ID:180787］ 等弥神社,,,小,,,城上郡,,,,34.5062889,135.8525639,"https://maps.google.com/?q=34.5062889,135.8525639",,,延喜式内社データベースの現社候補,KOKUGAKUIN_SHIKINAI,180787:1,2
T2S180788_1,［ID:180788］ 殖栗神社,,,小,,,城上郡,,,,34.5194694,135.8350083,"https://maps.google.com/?q=34.5194694,135.8350083",,,延喜式内社データベースの現社候補,KOKUGAKUIN_SHIKINAI,180788:1,2
T2S180789_1,［ID:180789］ 水口神社,,,小,,,城上郡,,,,34.5523028,135.8470167,"https://maps.google.com/?q=34.5523028,135.8470167",,,延喜式内社データベースの現社候補,KOKUGAKUIN_SHIKINAI,180789:1,2
T2S180793_1,［ID:180793］ 玉列神社,,,小,,,城上郡,,,,34.5207222,135.8666389,"https://maps.google.com/?q=34.5207222,135.8666389",,,延喜式内社データベースの現社候補,KOKUGAKUIN_SHIKINAI,180793:1,2
T2S180794_1,［ID:180794］ 伊射奈岐神社,,,小,,,城上郡,,,,34.5574556,135.8455944,"https://maps.google.com/?q=34.5574556,135.8455944",,,延喜式内社データベースの現社候補,KOKUGAKUIN_SHIKINAI,180794:1,2
T2S180795_1,［ID:180795］ 綱越神社,,,小,,,城上郡,,,,34.5279861,135.8432833,"https://maps.google.com/?q=34.5279861,135.8432833",,,延喜式内社データベースの現社候補,KOKUGAKUIN_SHIKINAI,180795:1,2
T2S180801_1,［ID:180801］ 宗像神社,,,名大,,,城上郡,,,,34.5108361,135.8597917,"https://maps.google.com/?q=34.5108361,135.8597917",,,延喜式内社データベースの現社候補,KOKUGAKUIN_SHIKINAI,180801:1,2
T2S180802_1,［ID:180802］ 村屋坐弥富都比売神社,,,大,,,城下郡,,,,34.5484722,135.8175167,"https://maps.google.com/?q=34.5484722,135.8175167",,,延喜式内社データベースの現社候補,KOKUGAKUIN_SHIKINAI,180802:1,2
T2S180804_1,［ID:180804］ 鏡作坐天照御魂神社,,,大,,,城下郡,,,,34.5615639,135.7940278,"https://maps.google.com/?q=34.5615639,135.7940278",,,延喜式内社データベースの現社候補,KOKUGAKUIN_SHIKINAI,180804:1,2
T2S180806_1,［ID:180806］ 岐多志太神社,,,小,,,城下郡,,,,34.5507583,135.8155750,"https://maps.google.com/?q=34.5507583,135.8155750",,,延喜式内社データベースの現社候補,KOKUGAKUIN_SHIKINAI,180806:1,2
T2S180807_1,［ID:180807］ 倭恩智神社,,,小,,,城下郡,,,,34.5618361,135.8208583,"https://maps.google.com/?q=34.5618361,135.8208583",,,延喜式内社データベースの現社候補,KOKUGAKUIN_SHIKINAI,180807:1,2
T2S180808_1,［ID:180808］ 比売久波神社,,,小,,,城下郡,,,,34.5837750,135.7644694,"https://maps.google.com/?q=34.5837750,135.7644694",,,延喜式内社データベースの現社候補,KOKUGAKUIN_SHIKINAI,180808:1,2
T2S180809_1,［ID:180809］ 服部神社,,,小,,,城下郡,,,,34.5484806,135.8179278,"https://maps.google.com/?q=34.5484806,135.8179278",,,延喜式内社データベースの現社候補,KOKUGAKUIN_SHIKINAI,180809:1,2
T2S180810_1,［ID:180810］ 富都神社,,,小,,,城下郡,,,,34.5614417,135.7723917,"https://maps.google.com/?q=34.5614417,135.7723917",,,延喜式内社データベースの現社候補,KOKUGAKUIN_SHIKINAI,180810:1,2
T2S180811_1,［ID:180811］ 糸井神社,,,小,,,城下郡,,,,34.5831806,135.7727083,"https://maps.google.com/?q=34.5831806,135.7727083",,,延喜式内社データベースの現社候補,KOKUGAKUIN_SHIKINAI,180811:1,2
T2S180812_1,［ID:180812］ 村屋神社,,,小,,,城下郡,,,,34.5483472,135.8177028,"https://maps.google.com/?q=34.5483472,135.8177028",,,延喜式内社データベースの現社候補,KOKUGAKUIN_SHIKINAI,180812:1,2
T2S180814_1,［ID:180814］ 鏡作麻気神社,,,小,,,城下郡,,,,34.5620639,135.7968750,"https://maps.google.com/?q=34.5620639,135.7968750",,,延喜式内社データベースの現社候補,KOKUGAKUIN_SHIKINAI,180814:1,2
T2S180815_1,［ID:180815］ 久須須美神社,,,小,,,城下郡,,,,34.5484333,135.8179278,"https://maps.google.com/?q=34.5484333,135.8179278",,,延喜式内社データベースの現社候補,KOKUGAKUIN_SHIKINAI,180815:1,2
T2S180817_1,［ID:180817］ 飛鳥坐神社,,,名大,,,高市郡,,,,34.4796778,135.8227444,"https://maps.google.com/?q=34.4796778,135.8227444",,,延喜式内社データベースの現社候補,KOKUGAKUIN_SHIKINAI,180817:1,2
T2S180818_1,［ID:180818］ 宗我坐宗我都比古神社,,,大,,,高市郡,,,,34.5193333,135.7711667,"https://maps.google.com/?q=34.5193333,135.7711667",,,延喜式内社データベースの現社候補,KOKUGAKUIN_SHIKINAI,180818:1,2
T2S180819_1,［ID:180819］ 飛鳥山口坐神社,,,大,,,高市郡,,,,34.4797222,135.8230778,"https://maps.google.com/?q=34.4797222,135.8230778",,,延喜式内社データベースの現社候補,KOKUGAKUIN_SHIKINAI,180819:1,2
T2S180820_1,［ID:180820］ 甘樫坐神社,,,大,,,高市郡,,,,34.4819000,135.8123583,"https://maps.google.com/?q=34.4819000,135.8123583",,,延喜式内社データベースの現社候補,KOKUGAKUIN_SHIKINAI,180820:1,2
T2S180822_1,［ID:180822］ 牟佐坐神社,,,大,,,高市郡,,,,34.4745000,135.7947694,"https://maps.google.com/?q=34.4745000,135.7947694",,,延喜式内社データベースの現社候補,KOKUGAKUIN_SHIKINAI,180822:1,2
T2S180823_1,［ID:180823］ 畝火山口坐神社,,,大,,,高市郡,,,,34.4924167,135.7817111,"https://maps.google.com/?q=34.4924167,135.7817111",,,延喜式内社データベースの現社候補,KOKUGAKUIN_SHIKINAI,180823:1,2
T2S180824_1,［ID:180824］ 高市御県神社,,,名大,,,高市郡,,,,34.5046972,135.7891111,"https://maps.google.com/?q=34.5046972,135.7891111",,,延喜式内社データベースの現社候補,KOKUGAKUIN_SHIKINAI,180824:1,2
T2S180826_1,［ID:180826］ 鷺栖神社,,,小,,,高市郡,,,,34.4982333,135.8016139,"https://maps.google.com/?q=34.4982333,135.8016139",,,延喜式内社データベースの現社候補,KOKUGAKUIN_SHIKINAI,180826:1,2
T2S180827_1,［ID:180827］ 軽樹村坐神社,,,大,,,高市郡,,,,34.4857000,135.7783250,"https://maps.google.com/?q=34.4857000,135.7783250",,,延喜式内社データベースの現社候補,KOKUGAKUIN_SHIKINAI,180827:1,2
T2S180828_1,［ID:180828］ 天高市神社,,,大,,,高市郡,,,,34.5130083,135.7751639,"https://maps.google.com/?q=34.5130083,135.7751639",,,延喜式内社データベースの現社候補,KOKUGAKUIN_SHIKINAI,180828:1,2
T2S180829_1,［ID:180829］ 治田神社,,,小,,,高市郡,,,,34.4717639,135.8260611,"https://maps.google.com/?q=34.4717639,135.8260611",,,延喜式内社データベースの現社候補,KOKUGAKUIN_SHIKINAI,180829:1,2
T2S180831_1,［ID:180831］ 櫛玉命神社,,,大,,,高市郡,,,,34.4603111,135.7947472,"https://maps.google.com/?q=34.4603111,135.7947472",,,延喜式内社データベースの現社候補,KOKUGAKUIN_SHIKINAI,180831:1,2
T2S180832_1,［ID:180832］ 加夜奈留美命神社,,,小,,,高市郡,,,,34.4417889,135.8341611,"https://maps.google.com/?q=34.4417889,135.8341611",,,延喜式内社データベースの現社候補,KOKUGAKUIN_SHIKINAI,180832:1,2
T2S180833_1,［ID:180833］ 飛鳥川上坐宇須多伎比売命神社,,,小,,,高市郡,,,,34.4499722,135.8288639,"https://maps.google.com/?q=34.4499722,135.8288639",,,延喜式内社データベースの現社候補,KOKUGAKUIN_SHIKINAI,180833:1,2
T2S180834_1,［ID:180834］ 東大谷日女命神社,,,小,,,高市郡,,,,34.4912389,135.7868278,"https://maps.google.com/?q=34.4912389,135.7868278",,,延喜式内社データベースの現社候補,KOKUGAKUIN_SHIKINAI,180834:1,2
T2S180837_1,［ID:180837］ 気都和既神社,,,小,,,高市郡,,,,34.4629500,135.8476972,"https://maps.google.com/?q=34.4629500,135.8476972",,,延喜式内社データベースの現社候補,KOKUGAKUIN_SHIKINAI,180837:1,2
T2S180838_1,［ID:180838］ 大歳神社,,,小,,,高市郡,,,,34.4835278,135.8012056,"https://maps.google.com/?q=34.4835278,135.8012056",,,延喜式内社データベースの現社候補,KOKUGAKUIN_SHIKINAI,180838:1,2
T2S180839_1,［ID:180839］ 波多神社,,,小,,,高市郡,,,,34.4570833,135.8587722,"https://maps.google.com/?q=34.4570833,135.8587722",,,延喜式内社データベースの現社候補,KOKUGAKUIN_SHIKINAI,180839:1,2
T2S180841_1,［ID:180841］ 於美阿志神社,,,小,,,高市郡,,,,34.4568333,135.8028972,"https://maps.google.com/?q=34.4568333,135.8028972",,,延喜式内社データベースの現社候補,KOKUGAKUIN_SHIKINAI,180841:1,2
T2S180842_1,［ID:180842］ 鳥坂神社,,,小,,,高市郡,,,,34.4798833,135.7841306,"https://maps.google.com/?q=34.4798833,135.7841306",,,延喜式内社データベースの現社候補,KOKUGAKUIN_SHIKINAI,180842:1,2
T2S180843_1,［ID:180843］ 滝本神社,,,小,,,高市郡,,,,34.4417889,135.8341611,"https://maps.google.com/?q=34.4417889,135.8341611",,,延喜式内社データベースの現社候補,KOKUGAKUIN_SHIKINAI,180843:1,2
T2S180844_1,［ID:180844］ 許世都比古命神社,,,小,,,高市郡,,,,34.4641500,135.7966000,"https://maps.google.com/?q=34.4641500,135.7966000",,,延喜式内社データベースの現社候補,KOKUGAKUIN_SHIKINAI,180844:1,2
T2S180845_1,［ID:180845］ 天津石門別神社,,,小,,,高市郡,,,,34.4645444,135.7671694,"https://maps.google.com/?q=34.4645444,135.7671694",,,延喜式内社データベースの現社候補,KOKUGAKUIN_SHIKINAI,180845:1,2
T2S180849_1,［ID:180849］ 多坐弥志理都比古神社,,,名大,,,十市郡,,,,34.5357583,135.7867139,"https://maps.google.com/?q=34.5357583,135.7867139",,,延喜式内社データベースの現社候補,KOKUGAKUIN_SHIKINAI,180849:1,2
T2S180850_1,［ID:180850］ 十市御県坐神社,,,大,,,十市郡,,,,34.5310500,135.8078222,"https://maps.google.com/?q=34.5310500,135.8078222",,,延喜式内社データベースの現社候補,KOKUGAKUIN_SHIKINAI,180850:1,2
T2S180854_1,［ID:180854］ 耳成山口神社,,,大,,,十市郡,,,,34.5148583,135.8062333,"https://maps.google.com/?q=34.5148583,135.8062333",,,延喜式内社データベースの現社候補,KOKUGAKUIN_SHIKINAI,180854:1,2
T2S180855_1,［ID:180855］ 竹田神社,,,小,,,十市郡,,,,34.5263694,135.8151556,"https://maps.google.com/?q=34.5263694,135.8151556",,,延喜式内社データベースの現社候補,KOKUGAKUIN_SHIKINAI,180855:1,2
T2S180858_1,［ID:180858］ 畝尾都多本神社,,,小,,,十市郡,,,,34.4986861,135.8150083,"https://maps.google.com/?q=34.4986861,135.8150083",,,延喜式内社データベースの現社候補,KOKUGAKUIN_SHIKINAI,180858:1,2
T2S180860_1,［ID:180860］ 皇子神命神社,,,小,,,十市郡,,,,34.5331222,135.7868722,"https://maps.google.com/?q=34.5331222,135.7868722",,,延喜式内社データベースの現社候補,KOKUGAKUIN_SHIKINAI,180860:1,2
T2S180861_1,［ID:180861］ 姫皇子命神社,,,小,,,十市郡,,,,34.5355750,135.7889111,"https://maps.google.com/?q=34.5355750,135.7889111",,,延喜式内社データベースの現社候補,KOKUGAKUIN_SHIKINAI,180861:1,2
T2S180863_1,［ID:180863］ 屋就神命神社,,,小,,,十市郡,,,,34.5347028,135.7829000,"https://maps.google.com/?q=34.5347028,135.7829000",,,延喜式内社データベースの現社候補,KOKUGAKUIN_SHIKINAI,180863:1,2
T2S180867_1,［ID:180867］ 都祁水分神社,,,大,,,山辺郡,,,,34.5973583,135.9472861,"https://maps.google.com/?q=34.5973583,135.9472861",,,延喜式内社データベースの現社候補,KOKUGAKUIN_SHIKINAI,180867:1,2
T2S180869_1,［ID:180869］ 白堤神社,,,小,,,山辺郡,,,,34.5706250,135.8277278,"https://maps.google.com/?q=34.5706250,135.8277278",,,延喜式内社データベースの現社候補,KOKUGAKUIN_SHIKINAI,180869:1,2
T2S180872_1,［ID:180872］ 祝田神社,,,小,,,山辺郡,,,,34.6090250,135.8310528,"https://maps.google.com/?q=34.6090250,135.8310528",,,延喜式内社データベースの現社候補,KOKUGAKUIN_SHIKINAI,180872:1,2
T2S180873_1,［ID:180873］ 石上市神社,,,小,,,山辺郡,,,,34.6142250,135.8306861,"https://maps.google.com/?q=34.6142250,135.8306861",,,延喜式内社データベースの現社候補,KOKUGAKUIN_SHIKINAI,180873:1,2
T2S180874_1,［ID:180874］ 下部神社,,,小,,,山辺郡,,,,34.5722333,135.9634417,"https://maps.google.com/?q=34.5722333,135.9634417",,,延喜式内社データベースの現社候補,KOKUGAKUIN_SHIKINAI,180874:1,2
T2S180875_1,［ID:180875］ 出雲健雄神社,,,小,,,山辺郡,,,,34.5974667,135.8522389,"https://maps.google.com/?q=34.5974667,135.8522389",,,延喜式内社データベースの現社候補,KOKUGAKUIN_SHIKINAI,180875:1,2
T2S180877_1,［ID:180877］ 科長神社,,,小,,,石川郡,,,,34.5119917,135.6587028,"https://maps.google.com/?q=34.5119917,135.6587028",,,延喜式内社データベースの現社候補,KOKUGAKUIN_SHIKINAI,180877:1,2
T2S180878_1,［ID:180878］ 健水分神社,,,小,,,石川郡,,,,34.4602806,135.6316917,"https://maps.google.com/?q=34.4602806,135.6316917",,,延喜式内社データベースの現社候補,KOKUGAKUIN_SHIKINAI,180878:1,2
T2S180879_1,［ID:180879］ 大祁於賀美神社,,,小,,,石川郡,,,,34.5424556,135.6207167,"https://maps.google.com/?q=34.5424556,135.6207167",,,延喜式内社データベースの現社候補,KOKUGAKUIN_SHIKINAI,180879:1,2
T2S180880_1,［ID:180880］ 美具久留御玉神社,,,小,,,石川郡,,,,34.5179861,135.6014778,"https://maps.google.com/?q=34.5179861,135.6014778",,,延喜式内社データベースの現社候補,KOKUGAKUIN_SHIKINAI,180880:1,2
T2S180881_1,［ID:180881］ 佐備神社,,,小,,,石川郡,,,,34.4807611,135.6043222,"https://maps.google.com/?q=34.4807611,135.6043222",,,延喜式内社データベースの現社候補,KOKUGAKUIN_SHIKINAI,180881:1,2
T2S180884_1,［ID:180884］ 鴨習太神社,,,小,,,石川郡,,,,34.4802722,135.6195944,"https://maps.google.com/?q=34.4802722,135.6195944",,,延喜式内社データベースの現社候補,KOKUGAKUIN_SHIKINAI,180884:1,2
T2S180888_1,［ID:180888］ 飛鳥戸神社,,,名大,,,安宿郡,,,,34.5355028,135.6388889,"https://maps.google.com/?q=34.5355028,135.6388889",,,延喜式内社データベースの現社候補,KOKUGAKUIN_SHIKINAI,180888:1,2
T2S180889_1,［ID:180889］ 伯太彦神社,,,小,,,安宿郡,,,,34.5634111,135.6288167,"https://maps.google.com/?q=34.5634111,135.6288167",,,延喜式内社データベースの現社候補,KOKUGAKUIN_SHIKINAI,180889:1,2
T2S180890_1,［ID:180890］ 伯太姫神社,,,小,,,安宿郡,,,,34.5592500,135.6272222,"https://maps.google.com/?q=34.5592500,135.6272222",,,延喜式内社データベースの現社候補,KOKUGAKUIN_SHIKINAI,180890:1,2
T2S180891_1,［ID:180891］ 天湯川田神社,,,小,,,大県郡,,,,34.5736444,135.6329639,"https://maps.google.com/?q=34.5736444,135.6329639",,,延喜式内社データベースの現社候補,KOKUGAKUIN_SHIKINAI,180891:1,2
T2S180892_1,［ID:180892］ 宿奈川田神社,,,小,,,大県郡,,,,34.5709611,135.6377889,"https://maps.google.com/?q=34.5709611,135.6377889",,,延喜式内社データベースの現社候補,KOKUGAKUIN_SHIKINAI,180892:1,2
T2S180897_1,［ID:180897］ 大狛神社,,,小,,,大県郡,,,,34.6013139,135.6707417,"https://maps.google.com/?q=34.6013139,135.6707417",,,延喜式内社データベースの現社候補,KOKUGAKUIN_SHIKINAI,180897:1,2
T2S180900_1,［ID:180900］ 石神社,,,小,,,大県郡,,,,34.5821083,135.6335167,"https://maps.google.com/?q=34.5821083,135.6335167",,,延喜式内社データベースの現社候補,KOKUGAKUIN_SHIKINAI,180900:1,2
T2S180901_1,［ID:180901］ 常世岐姫神社,,,小,,,大県郡,,,,34.6016583,135.6324417,"https://maps.google.com/?q=34.6016583,135.6324417",,,延喜式内社データベースの現社候補,KOKUGAKUIN_SHIKINAI,180901:1,2
T2S180902_1,［ID:180902］ 恩智神社,,,名大,,,高安郡,,,,34.6065750,135.6384611,"https://maps.google.com/?q=34.6065750,135.6384611",,,延喜式内社データベースの現社候補,KOKUGAKUIN_SHIKINAI,180902:1,2
T2S180903_1,［ID:180903］ 都夫久美神社,,,小,,,高安郡,,,,34.6342472,135.6462667,"https://maps.google.com/?q=34.6342472,135.6462667",,,延喜式内社データベースの現社候補,KOKUGAKUIN_SHIKINAI,180903:1,2
T2S180904_1,［ID:180904］ 天照大神高座神社,,,大,,,高安郡,,,,34.6126167,135.6401778,"https://maps.google.com/?q=34.6126167,135.6401778",,,延喜式内社データベースの現社候補,KOKUGAKUIN_SHIKINAI,180904:1,2
T2S180905_1,［ID:180905］ 玉祖神社,,,小,,,高安郡,,,,34.6348222,135.6526694,"https://maps.google.com/?q=34.6348222,135.6526694",,,延喜式内社データベースの現社候補,KOKUGAKUIN_SHIKINAI,180905:1,2
T2S180908_1,［ID:180908］ 佐麻多度神社,,,小,,,高安郡,,,,34.6272944,135.6467000,"https://maps.google.com/?q=34.6272944,135.6467000",,,延喜式内社データベースの現社候補,KOKUGAKUIN_SHIKINAI,180908:1,2
T2S180910_1,［ID:180910］ 枚岡神社,,,名大,,,河内郡,,,,34.6699528,135.6510694,"https://maps.google.com/?q=34.6699528,135.6510694",,,延喜式内社データベースの現社候補,KOKUGAKUIN_SHIKINAI,180910:1,2
T2S180911_1,［ID:180911］ 津原神社,,,小,,,河内郡,,,,34.6606028,135.6188861,"https://maps.google.com/?q=34.6606028,135.6188861",,,延喜式内社データベースの現社候補,KOKUGAKUIN_SHIKINAI,180911:1,2
T2S180912_1,［ID:180912］ 梶無神社,,,小,,,河内郡,,,,34.6532694,135.6422667,"https://maps.google.com/?q=34.6532694,135.6422667",,,延喜式内社データベースの現社候補,KOKUGAKUIN_SHIKINAI,180912:1,2
T2S180913_1,［ID:180913］ 大津神社,,,小,,,河内郡,,,,34.6796222,135.6270444,"https://maps.google.com/?q=34.6796222,135.6270444",,,延喜式内社データベースの現社候補,KOKUGAKUIN_SHIKINAI,180913:1,2
T2S180914_1,［ID:180914］ 栗原神社,,,小,,,河内郡,,,,34.6883500,135.6207444,"https://maps.google.com/?q=34.6883500,135.6207444",,,延喜式内社データベースの現社候補,KOKUGAKUIN_SHIKINAI,180914:1,2
T2S180915_1,［ID:180915］ 石切剣箭命神社,,,小,,,河内郡,,,,34.6821389,135.6462389,"https://maps.google.com/?q=34.6821389,135.6462389",,,延喜式内社データベースの現社候補,KOKUGAKUIN_SHIKINAI,180915:1,2
T2S180916_1,［ID:180916］ 須波麻神社,,,小,,,讃良郡,,,,34.7044056,135.6499028,"https://maps.google.com/?q=34.7044056,135.6499028",,,延喜式内社データベースの現社候補,KOKUGAKUIN_SHIKINAI,180916:1,2
T2S180917_1,［ID:180917］ 御机神社,,,小,,,讃良郡,,,,34.7350417,135.6513639,"https://maps.google.com/?q=34.7350417,135.6513639",,,延喜式内社データベースの現社候補,KOKUGAKUIN_SHIKINAI,180917:1,2
T2S180918_1,［ID:180918］ 高宮神社,,,大,,,讃良郡,,,,34.7563611,135.6349417,"https://maps.google.com/?q=34.7563611,135.6349417",,,延喜式内社データベースの現社候補,KOKUGAKUIN_SHIKINAI,180918:1,2
T2S180921_1,［ID:180921］ 国中神社,,,小,,,讃良郡,,,,34.7399167,135.6515472,"https://maps.google.com/?q=34.7399167,135.6515472",,,延喜式内社データベースの現社候補,KOKUGAKUIN_SHIKINAI,180921:1,2
T2S180922_1,［ID:180922］ 堤根神社,,,小,,,茨田郡,,,,34.7447667,135.6041389,"https://maps.google.com/?q=34.7447667,135.6041389",,,延喜式内社データベースの現社候補,KOKUGAKUIN_SHIKINAI,180922:1,2
T2S180923_1,［ID:180923］ 津島部神社,,,小,,,茨田郡,,,,34.7618556,135.5970417,"https://maps.google.com/?q=34.7618556,135.5970417",,,延喜式内社データベースの現社候補,KOKUGAKUIN_SHIKINAI,180923:1,2
T2S180924_1,［ID:180924］ 細屋神社,,,小,,,茨田郡,,,,34.7692833,135.6395667,"https://maps.google.com/?q=34.7692833,135.6395667",,,延喜式内社データベースの現社候補,KOKUGAKUIN_SHIKINAI,180924:1,2
T2S180925_1,［ID:180925］ 高瀬神社,,,小,,,茨田郡,,,,34.7293222,135.5626111,"https://maps.google.com/?q=34.7293222,135.5626111",,,延喜式内社データベースの現社候補,KOKUGAKUIN_SHIKINAI,180925:1,2
T2S180926_1,［ID:180926］ 意賀美神社,,,小,,,茨田郡,,,,34.8135444,135.6437389,"https://maps.google.com/?q=34.8135444,135.6437389",,,延喜式内社データベースの現社候補,KOKUGAKUIN_SHIKINAI,180926:1,2
T2S180930_1,［ID:180930］ 矢作神社,,,小,,,若江郡,,,,34.6186583,135.6075667,"https://maps.google.com/?q=34.6186583,135.6075667",,,延喜式内社データベースの現社候補,KOKUGAKUIN_SHIKINAI,180930:1,2
T2S180931_1,［ID:180931］ 若江鏡神社,,,小,,,若江郡,,,,34.6528778,135.6038222,"https://maps.google.com/?q=34.6528778,135.6038222",,,延喜式内社データベースの現社候補,KOKUGAKUIN_SHIKINAI,180931:1,2
T2S180932_1,［ID:180932］ 御野県主神社,,,小,,,若江郡,,,,34.6344611,135.6207833,"https://maps.google.com/?q=34.6344611,135.6207833",,,延喜式内社データベースの現社候補,KOKUGAKUIN_SHIKINAI,180932:1,2
T2S180933_1,［ID:180933］ 石田神社,,,小,,,若江郡,,,,34.6639528,135.6044167,"https://maps.google.com/?q=34.6639528,135.6044167",,,延喜式内社データベースの現社候補,KOKUGAKUIN_SHIKINAI,180933:1,2
T2S180934_1,［ID:180934］ 川俣神社,,,小,,,若江郡,,,,34.6811444,135.5808333,"https://maps.google.com/?q=34.6811444,135.5808333",,,延喜式内社データベースの現社候補,KOKUGAKUIN_SHIKINAI,180934:1,2
T2S180936_1,［ID:180936］ 都留美島神社,,,小,,,若江郡,,,,34.6048444,135.6240778,"https://maps.google.com/?q=34.6048444,135.6240778",,,延喜式内社データベースの現社候補,KOKUGAKUIN_SHIKINAI,180936:1,2
T2S180939_1,［ID:180939］ 弥刀神社,,,小,,,若江郡,,,,34.6463056,135.5812722,"https://maps.google.com/?q=34.6463056,135.5812722",,,延喜式内社データベースの現社候補,KOKUGAKUIN_SHIKINAI,180939:1,2
T2S180941_1,［ID:180941］ 渋川神社,,,小,,,若江郡,,,,34.6162389,135.5974806,"https://maps.google.com/?q=34.6162389,135.5974806",,,延喜式内社データベースの現社候補,KOKUGAKUIN_SHIKINAI,180941:1,2
T2S180943_1,［ID:180943］ 加津良神社,,,小,,,若江郡,,,,34.6414806,135.6059667,"https://maps.google.com/?q=34.6414806,135.6059667",,,延喜式内社データベースの現社候補,KOKUGAKUIN_SHIKINAI,180943:1,2
T2S180945_1,［ID:180945］ 鴨高田神社,,,小,,,渋川郡,,,,34.6657722,135.5728778,"https://maps.google.com/?q=34.6657722,135.5728778",,,延喜式内社データベースの現社候補,KOKUGAKUIN_SHIKINAI,180945:1,2
T2S180947_1,［ID:180947］ 波牟許曽神社,,,小,,,渋川郡,,,,34.6506639,135.5757556,"https://maps.google.com/?q=34.6506639,135.5757556",,,延喜式内社データベースの現社候補,KOKUGAKUIN_SHIKINAI,180947:1,2
T2S180949_1,［ID:180949］ 許麻神社,,,小,,,渋川郡,,,,34.6261583,135.5860083,"https://maps.google.com/?q=34.6261583,135.5860083",,,延喜式内社データベースの現社候補,KOKUGAKUIN_SHIKINAI,180949:1,2
T2S180950_1,［ID:180950］ 都留弥神社,,,小,,,渋川郡,,,,34.6621167,135.5703833,"https://maps.google.com/?q=34.6621167,135.5703833",,,延喜式内社データベースの現社候補,KOKUGAKUIN_SHIKINAI,180950:1,2
T2S180951_1,［ID:180951］ 志貴県主神社,,,大,,,志紀郡,,,,34.5764111,135.6183917,"https://maps.google.com/?q=34.5764111,135.6183917",,,延喜式内社データベースの現社候補,KOKUGAKUIN_SHIKINAI,180951:1,2
T2S180953_1,［ID:180953］ 志疑神社,,,小,,,志紀郡,,,,34.5809583,135.6111917,"https://maps.google.com/?q=34.5809583,135.6111917",,,延喜式内社データベースの現社候補,KOKUGAKUIN_SHIKINAI,180953:1,2
T2S180954_1,［ID:180954］ 黒田神社,,,小,,,志紀郡,,,,34.5784389,135.6177083,"https://maps.google.com/?q=34.5784389,135.6177083",,,延喜式内社データベースの現社候補,KOKUGAKUIN_SHIKINAI,180954:1,2
T2S180956_1,［ID:180956］ 志紀長吉神社,,,大,,,志紀郡,,,,34.6040028,135.5705694,"https://maps.google.com/?q=34.6040028,135.5705694",,,延喜式内社データベースの現社候補,KOKUGAKUIN_SHIKINAI,180956:1,2
T2S180957_1,［ID:180957］ 伴林氏神社,,,小,,,志紀郡,,,,34.5759361,135.6112194,"https://maps.google.com/?q=34.5759361,135.6112194",,,延喜式内社データベースの現社候補,KOKUGAKUIN_SHIKINAI,180957:1,2
T2S180958_1,［ID:180958］ 辛国神社,,,小,,,志紀郡,,,,34.5694194,135.5936611,"https://maps.google.com/?q=34.5694194,135.5936611",,,延喜式内社データベースの現社候補,KOKUGAKUIN_SHIKINAI,180958:1,2
T2S180960_1,［ID:180960］ 丹比神社,,,小,,,丹比郡,,,,34.5445583,135.5626306,"https://maps.google.com/?q=34.5445583,135.5626306",,,延喜式内社データベースの現社候補,KOKUGAKUIN_SHIKINAI,180960:1,2
T2S180961_1,［ID:180961］ 阿麻美許曽神社,,,小,,,丹比郡,,,,34.5954361,135.5296972,"https://maps.google.com/?q=34.5954361,135.5296972",,,延喜式内社データベースの現社候補,KOKUGAKUIN_SHIKINAI,180961:1,2
T2S180962_1,［ID:180962］ 狭山堤神社,,,大,,,丹比郡,,,,34.4949222,135.5569528,"https://maps.google.com/?q=34.4949222,135.5569528",,,延喜式内社データベースの現社候補,KOKUGAKUIN_SHIKINAI,180962:1,2
T2S180963_1,［ID:180963］ 大津神社,,,小,,,丹比郡,,,,34.5698583,135.5827611,"https://maps.google.com/?q=34.5698583,135.5827611",,,延喜式内社データベースの現社候補,KOKUGAKUIN_SHIKINAI,180963:1,2
T2S180964_1,［ID:180964］ 狭山神社,,,大,,,丹比郡,,,,34.4948139,135.5567611,"https://maps.google.com/?q=34.4948139,135.5567611",,,延喜式内社データベースの現社候補,KOKUGAKUIN_SHIKINAI,180964:1,2
T2S180965_1,［ID:180965］ 菅生神社,,,大,,,丹比郡,,,,34.5272083,135.5616444,"https://maps.google.com/?q=34.5272083,135.5616444",,,延喜式内社データベースの現社候補,KOKUGAKUIN_SHIKINAI,180965:1,2
T2S180971_1,［ID:180971］ 美多弥神社,,,小,,,大鳥郡,,,,34.4751556,135.4856000,"https://maps.google.com/?q=34.4751556,135.4856000",,,延喜式内社データベースの現社候補,KOKUGAKUIN_SHIKINAI,180971:1,2
T2S180975_1,［ID:180975］ 石津太神社,,,小,,,大鳥郡,,,,34.5568833,135.4536028,"https://maps.google.com/?q=34.5568833,135.4536028",,,延喜式内社データベースの現社候補,KOKUGAKUIN_SHIKINAI,180975:1,2
T2S180976_1,［ID:180976］ 等乃伎神社,,,小,,,大鳥郡,,,,34.5211667,135.4564889,"https://maps.google.com/?q=34.5211667,135.4564889",,,延喜式内社データベースの現社候補,KOKUGAKUIN_SHIKINAI,180976:1,2
T2S180977_1,［ID:180977］ 蜂田神社,,,小,,,大鳥郡,,,,34.5281083,135.4791194,"https://maps.google.com/?q=34.5281083,135.4791194",,,延喜式内社データベースの現社候補,KOKUGAKUIN_SHIKINAI,180977:1,2
T2S180979_1,［ID:180979］ 国神社,,,小,,,大鳥郡,,,,34.4645889,135.5182861,"https://maps.google.com/?q=34.4645889,135.5182861",,,延喜式内社データベースの現社候補,KOKUGAKUIN_SHIKINAI,180979:1,2
T2S180981_1,［ID:180981］ 高石神社,,,小,,,大鳥郡,,,,34.5276250,135.4326028,"https://maps.google.com/?q=34.5276250,135.4326028",,,延喜式内社データベースの現社候補,KOKUGAKUIN_SHIKINAI,180981:1,2
T2S180983_1,［ID:180983］ 多治速比売命神社,,,小,,,大鳥郡,,,,34.5021222,135.4978389,"https://maps.google.com/?q=34.5021222,135.4978389",,,延喜式内社データベースの現社候補,KOKUGAKUIN_SHIKINAI,180983:1,2
T2S180984_1,［ID:180984］ 大鳥井瀬神社,,,小,,,大鳥郡,,,,34.5748000,135.4727778,"https://maps.google.com/?q=34.5748000,135.4727778",,,延喜式内社データベースの現社候補,KOKUGAKUIN_SHIKINAI,180984:1,2
T2S180987_1,［ID:180987］ 開口神社,,,小,,,大鳥郡,,,,34.5768417,135.4744222,"https://maps.google.com/?q=34.5768417,135.4744222",,,延喜式内社データベースの現社候補,KOKUGAKUIN_SHIKINAI,180987:1,2
T2S180988_1,［ID:180988］ 桜井神社,,,小,,,大鳥郡,,,,34.4851111,135.5062694,"https://maps.google.com/?q=34.4851111,135.5062694",,,延喜式内社データベースの現社候補,KOKUGAKUIN_SHIKINAI,180988:1,2
T2S180990_1,［ID:180990］ 日部神社,,,小,,,大鳥郡,,,,34.5209139,135.4657000,"https://maps.google.com/?q=34.5209139,135.4657000",,,延喜式内社データベースの現社候補,KOKUGAKUIN_SHIKINAI,180990:1,2
T2S180991_1,［ID:180991］ 男乃宇刀神社,,,小,,,和泉郡,,,,34.4217000,135.4872833,"https://maps.google.com/?q=34.4217000,135.4872833",,,延喜式内社データベースの現社候補,KOKUGAKUIN_SHIKINAI,180991:1,2
T2S180993_1,［ID:180993］ 夜疑神社,,,小,,,和泉郡,,,,34.4802972,135.4041917,"https://maps.google.com/?q=34.4802972,135.4041917",,,延喜式内社データベースの現社候補,KOKUGAKUIN_SHIKINAI,180993:1,2
T2S180994_1,［ID:180994］ 泉穴師神社,,,小,,,和泉郡,,,,34.4967250,135.4198333,"https://maps.google.com/?q=34.4967250,135.4198333",,,延喜式内社データベースの現社候補,KOKUGAKUIN_SHIKINAI,180994:1,2
T2S180995_1,［ID:180995］ 兵主神社,,,小,,,和泉郡,,,,34.4707472,135.3914361,"https://maps.google.com/?q=34.4707472,135.3914361",,,延喜式内社データベースの現社候補,KOKUGAKUIN_SHIKINAI,180995:1,2
T2S180997_1,［ID:180997］ 曽禰神社,,,小,,,和泉郡,,,,34.5028167,135.4257028,"https://maps.google.com/?q=34.5028167,135.4257028",,,延喜式内社データベースの現社候補,KOKUGAKUIN_SHIKINAI,180997:1,2
T2S180998_1,［ID:180998］ 泉井上神社,,,小,,,和泉郡,,,,34.4869917,135.4277083,"https://maps.google.com/?q=34.4869917,135.4277083",,,延喜式内社データベースの現社候補,KOKUGAKUIN_SHIKINAI,180998:1,2
T2S180999_1,［ID:180999］ 阿理莫神社,,,小,,,和泉郡,,,,34.4487389,135.3744111,"https://maps.google.com/?q=34.4487389,135.3744111",,,延喜式内社データベースの現社候補,KOKUGAKUIN_SHIKINAI,180999:1,2
T2S181000_1,［ID:181000］ 山直神社,,,小,,,和泉郡,,,,34.4183000,135.4360278,"https://maps.google.com/?q=34.4183000,135.4360278",,,延喜式内社データベースの現社候補,KOKUGAKUIN_SHIKINAI,181000:1,2
T2S181001_1,［ID:181001］ 矢代寸神社,,,小,,,和泉郡,,,,34.4341000,135.4018778,"https://maps.google.com/?q=34.4341000,135.4018778",,,延喜式内社データベースの現社候補,KOKUGAKUIN_SHIKINAI,181001:1,2
T2S181003_1,［ID:181003］ 和泉神社,,,小,,,和泉郡,,,,34.4870083,135.4277111,"https://maps.google.com/?q=34.4870083,135.4277111",,,延喜式内社データベースの現社候補,KOKUGAKUIN_SHIKINAI,181003:1,2
T2S181004_1,［ID:181004］ 楠本神社,,,小,,,和泉郡,,,,34.4506333,135.4293667,"https://maps.google.com/?q=34.4506333,135.4293667",,,延喜式内社データベースの現社候補,KOKUGAKUIN_SHIKINAI,181004:1,2
T2S181005_1,［ID:181005］ 淡路神社,,,小,,,和泉郡,,,,34.4631250,135.4361722,"https://maps.google.com/?q=34.4631250,135.4361722",,,延喜式内社データベースの現社候補,KOKUGAKUIN_SHIKINAI,181005:1,2
T2S181006_1,［ID:181006］ 意賀美神社,,,小,,,和泉郡,,,,34.4159861,135.4109111,"https://maps.google.com/?q=34.4159861,135.4109111",,,延喜式内社データベースの現社候補,KOKUGAKUIN_SHIKINAI,181006:1,2
T2S181007_1,［ID:181007］ 波多神社,,,小,,,和泉郡,,,,34.4399556,135.3833917,"https://maps.google.com/?q=34.4399556,135.3833917",,,延喜式内社データベースの現社候補,KOKUGAKUIN_SHIKINAI,181007:1,2
T2S181008_1,［ID:181008］ 積川神社,,,小,,,和泉郡,,,,34.4250611,135.4394611,"https://maps.google.com/?q=34.4250611,135.4394611",,,延喜式内社データベースの現社候補,KOKUGAKUIN_SHIKINAI,181008:1,2
T2S181009_1,［ID:181009］ 丸笠神社,,,小,,,和泉郡,,,,34.4956472,135.4444389,"https://maps.google.com/?q=34.4956472,135.4444389",,,延喜式内社データベースの現社候補,KOKUGAKUIN_SHIKINAI,181009:1,2
T2S181010_1,［ID:181010］ 旧府神社,,,小,,,和泉郡,,,,34.5066083,135.4421889,"https://maps.google.com/?q=34.5066083,135.4421889",,,延喜式内社データベースの現社候補,KOKUGAKUIN_SHIKINAI,181010:1,2
T2S181011_1,［ID:181011］ 聖神社,,,小,,,和泉郡,,,,34.5011889,135.4469528,"https://maps.google.com/?q=34.5011889,135.4469528",,,延喜式内社データベースの現社候補,KOKUGAKUIN_SHIKINAI,181011:1,2
T2S181012_1,［ID:181012］ 男神社,,,小,,,日根郡,,,,34.3595833,135.2576639,"https://maps.google.com/?q=34.3595833,135.2576639",,,延喜式内社データベースの現社候補,KOKUGAKUIN_SHIKINAI,181012:1,2
T2S181014_1,［ID:181014］ 火走神社,,,小,,,日根郡,,,,34.3519583,135.3694000,"https://maps.google.com/?q=34.3519583,135.3694000",,,延喜式内社データベースの現社候補,KOKUGAKUIN_SHIKINAI,181014:1,2
T2S181015_1,［ID:181015］ 日根神社,,,小,,,日根郡,,,,34.3742056,135.3426694,"https://maps.google.com/?q=34.3742056,135.3426694",,,延喜式内社データベースの現社候補,KOKUGAKUIN_SHIKINAI,181015:1,2
T2S181016_1,［ID:181016］ 加支多神社,,,小,,,日根郡,,,,34.4259833,135.3421111,"https://maps.google.com/?q=34.4259833,135.3421111",,,延喜式内社データベースの現社候補,KOKUGAKUIN_SHIKINAI,181016:1,2
T2S181017_1,［ID:181017］ 波太神社,,,小,,,日根郡,,,,34.3439417,135.2448833,"https://maps.google.com/?q=34.3439417,135.2448833",,,延喜式内社データベースの現社候補,KOKUGAKUIN_SHIKINAI,181017:1,2
T2S181018_1,［ID:181018］ 国玉神社,,,小,,,日根郡,,,,34.3193917,135.1518000,"https://maps.google.com/?q=34.3193917,135.1518000",,,延喜式内社データベースの現社候補,KOKUGAKUIN_SHIKINAI,181018:1,2
T2S181019_1,［ID:181019］ 意賀美神社,,,小,,,日根郡,,,,34.3687833,135.3286000,"https://maps.google.com/?q=34.3687833,135.3286000",,,延喜式内社データベースの現社候補,KOKUGAKUIN_SHIKINAI,181019:1,2
T2S181020_1,［ID:181020］ 比売神社,,,小,,,日根郡,,,,34.3687833,135.3286000,"https://maps.google.com/?q=34.3687833,135.3286000",,,延喜式内社データベースの現社候補,KOKUGAKUIN_SHIKINAI,181020:1,2
T2S181021_1,［ID:181021］ 住吉坐神社,,,名大,,,住吉郡,,,,34.6125139,135.4929333,"https://maps.google.com/?q=34.6125139,135.4929333",,,延喜式内社データベースの現社候補,KOKUGAKUIN_SHIKINAI,181021:1,2
T2S181022_1,［ID:181022］ 大依羅神社,,,名大,,,住吉郡,,,,34.5948333,135.5181639,"https://maps.google.com/?q=34.5948333,135.5181639",,,延喜式内社データベースの現社候補,KOKUGAKUIN_SHIKINAI,181022:1,2
T2S181023_1,［ID:181023］ 草津大歳神社,,,小,,,住吉郡,,,,34.5984806,135.5206139,"https://maps.google.com/?q=34.5984806,135.5206139",,,延喜式内社データベースの現社候補,KOKUGAKUIN_SHIKINAI,181023:1,2
T2S181024_1,［ID:181024］ 中臣須牟地神社,,,大,,,住吉郡,,,,34.6039278,135.5391278,"https://maps.google.com/?q=34.6039278,135.5391278",,,延喜式内社データベースの現社候補,KOKUGAKUIN_SHIKINAI,181024:1,2
T2S181025_1,［ID:181025］ 神須牟地神社,,,小,,,住吉郡,,,,34.6116944,135.5095389,"https://maps.google.com/?q=34.6116944,135.5095389",,,延喜式内社データベースの現社候補,KOKUGAKUIN_SHIKINAI,181025:1,2
T2S181026_1,［ID:181026］ 楯原神社,,,小,,,住吉郡,,,,34.6130306,135.5553861,"https://maps.google.com/?q=34.6130306,135.5553861",,,延喜式内社データベースの現社候補,KOKUGAKUIN_SHIKINAI,181026:1,2
T2S181027_1,［ID:181027］ 須牟地曽禰神社,,,小,,,住吉郡,,,,34.5764194,135.5195806,"https://maps.google.com/?q=34.5764194,135.5195806",,,延喜式内社データベースの現社候補,KOKUGAKUIN_SHIKINAI,181027:1,2
T2S181028_1,［ID:181028］ 止杼侶支比売命神社,,,小,,,住吉郡,,,,34.6047583,135.4973167,"https://maps.google.com/?q=34.6047583,135.4973167",,,延喜式内社データベースの現社候補,KOKUGAKUIN_SHIKINAI,181028:1,2
T2S181029_1,［ID:181029］ 赤留比売命神社,,,小,,,住吉郡,,,,34.6225472,135.5586722,"https://maps.google.com/?q=34.6225472,135.5586722",,,延喜式内社データベースの現社候補,KOKUGAKUIN_SHIKINAI,181029:1,2
T2S181031_1,［ID:181031］ 努能太比売命神社,,,小,,,住吉郡,,,,34.5963028,135.5065639,"https://maps.google.com/?q=34.5963028,135.5065639",,,延喜式内社データベースの現社候補,KOKUGAKUIN_SHIKINAI,181031:1,2
T2S181032_1,［ID:181032］ 大海神社,,,小,,,住吉郡,,,,34.6139278,135.4932083,"https://maps.google.com/?q=34.6139278,135.4932083",,,延喜式内社データベースの現社候補,KOKUGAKUIN_SHIKINAI,181032:1,2
T2S181033_1,［ID:181033］ 多米神社,,,小,,,住吉郡,,,,34.6126556,135.5126806,"https://maps.google.com/?q=34.6126556,135.5126806",,,延喜式内社データベースの現社候補,KOKUGAKUIN_SHIKINAI,181033:1,2
T2S181034_1,［ID:181034］ 船玉神社,,,小,,,住吉郡,,,,34.6120861,135.4925528,"https://maps.google.com/?q=34.6120861,135.4925528",,,延喜式内社データベースの現社候補,KOKUGAKUIN_SHIKINAI,181034:1,2
T2S181035_1,［ID:181035］ 生根神社,,,大,,,住吉郡,,,,34.6154389,135.4938889,"https://maps.google.com/?q=34.6154389,135.4938889",,,延喜式内社データベースの現社候補,KOKUGAKUIN_SHIKINAI,181035:1,2
T2S181036_1,［ID:181036］ 難波坐生国咲国魂神社,,,名大,,,東生郡,,,,34.6651111,135.5129944,"https://maps.google.com/?q=34.6651111,135.5129944",,,延喜式内社データベースの現社候補,KOKUGAKUIN_SHIKINAI,181036:1,2
T2S181037_1,［ID:181037］ 比売許曽神社,,,名大,,,東生郡,,,,34.6669972,135.5341500,"https://maps.google.com/?q=34.6669972,135.5341500",,,延喜式内社データベースの現社候補,KOKUGAKUIN_SHIKINAI,181037:1,2
T2S181038_1,［ID:181038］ 阿遅速雄神社,,,小,,,東生郡,,,,34.6887667,135.5653111,"https://maps.google.com/?q=34.6887667,135.5653111",,,延喜式内社データベースの現社候補,KOKUGAKUIN_SHIKINAI,181038:1,2
T2S181039_1,［ID:181039］ 坐摩神社,,,大,,,西成郡,,,,34.6809361,135.4987694,"https://maps.google.com/?q=34.6809361,135.4987694",,,延喜式内社データベースの現社候補,KOKUGAKUIN_SHIKINAI,181039:1,2
T2S181040_1,［ID:181040］ 阿久刀神社,,,小,,,島上郡,,,,34.8553333,135.6031667,"https://maps.google.com/?q=34.8553333,135.6031667",,,延喜式内社データベースの現社候補,KOKUGAKUIN_SHIKINAI,181040:1,2
T2S181041_1,［ID:181041］ 野身神社,,,小,,,島上郡,,,,34.8451583,135.6212778,"https://maps.google.com/?q=34.8451583,135.6212778",,,延喜式内社データベースの現社候補,KOKUGAKUIN_SHIKINAI,181041:1,2
T2S181042_1,［ID:181042］ 神服神社,,,小,,,島上郡,,,,34.8667583,135.6001722,"https://maps.google.com/?q=34.8667583,135.6001722",,,延喜式内社データベースの現社候補,KOKUGAKUIN_SHIKINAI,181042:1,2
T2S181043_1,［ID:181043］ 新屋坐天照御魂神社,,,名大,,,島下郡,,,,34.8467472,135.5493750,"https://maps.google.com/?q=34.8467472,135.5493750",,,延喜式内社データベースの現社候補,KOKUGAKUIN_SHIKINAI,181043:1,2
T2S181044_1,［ID:181044］ 天石門別神社,,,小,,,島下郡,,,,34.8185750,135.5702361,"https://maps.google.com/?q=34.8185750,135.5702361",,,延喜式内社データベースの現社候補,KOKUGAKUIN_SHIKINAI,181044:1,2
T2S181046_1,［ID:181046］ 阿為神社,,,小,,,島下郡,,,,34.8541472,135.5630528,"https://maps.google.com/?q=34.8541472,135.5630528",,,延喜式内社データベースの現社候補,KOKUGAKUIN_SHIKINAI,181046:1,2
T2S181047_1,［ID:181047］ 井於神社,,,小,,,島下郡,,,,34.7935694,135.5543833,"https://maps.google.com/?q=34.7935694,135.5543833",,,延喜式内社データベースの現社候補,KOKUGAKUIN_SHIKINAI,181047:1,2
T2S181048_1,［ID:181048］ 走落神社,,,小,,,島下郡,,,,34.9185889,135.4994278,"https://maps.google.com/?q=34.9185889,135.4994278",,,延喜式内社データベースの現社候補,KOKUGAKUIN_SHIKINAI,181048:1,2
T2S181049_1,［ID:181049］ 佐和良義神社,,,小,,,島下郡,,,,34.7997722,135.5697500,"https://maps.google.com/?q=34.7997722,135.5697500",,,延喜式内社データベースの現社候補,KOKUGAKUIN_SHIKINAI,181049:1,2
T2S181051_1,［ID:181051］ 牟礼神社,,,小,,,島下郡,,,,34.8207667,135.5809028,"https://maps.google.com/?q=34.8207667,135.5809028",,,延喜式内社データベースの現社候補,KOKUGAKUIN_SHIKINAI,181051:1,2
T2S181052_1,［ID:181052］ 三島鴨神社,,,小,,,島下郡,,,,34.8029778,135.6108472,"https://maps.google.com/?q=34.8029778,135.6108472",,,延喜式内社データベースの現社候補,KOKUGAKUIN_SHIKINAI,181052:1,2
T2S181054_1,［ID:181054］ 溝咋神社,,,小,,,島下郡,,,,34.8128278,135.5886556,"https://maps.google.com/?q=34.8128278,135.5886556",,,延喜式内社データベースの現社候補,KOKUGAKUIN_SHIKINAI,181054:1,2
T2S181055_1,［ID:181055］ 太田神社,,,小,,,島下郡,,,,34.8442444,135.5769111,"https://maps.google.com/?q=34.8442444,135.5769111",,,延喜式内社データベースの現社候補,KOKUGAKUIN_SHIKINAI,181055:1,2
T2S181056_1,［ID:181056］ 為那都比古神社,,,小,,,豊島那,,,,34.8395417,135.4974833,"https://maps.google.com/?q=34.8395417,135.4974833",,,延喜式内社データベースの現社候補,KOKUGAKUIN_SHIKINAI,181056:1,2
T2S181057_1,［ID:181057］ 細川神社,,,小,,,豊島那,,,,34.8557389,135.4359806,"https://maps.google.com/?q=34.8557389,135.4359806",,,延喜式内社データベースの現社候補,KOKUGAKUIN_SHIKINAI,181057:1,2
T2S181058_1,［ID:181058］ 垂水神社,,,名大,,,豊島那,,,,34.7662583,135.5042361,"https://maps.google.com/?q=34.7662583,135.5042361",,,延喜式内社データベースの現社候補,KOKUGAKUIN_SHIKINAI,181058:1,2
T2S181059_1,［ID:181059］ 阿比太神社,,,大,,,豊島那,,,,34.8252361,135.4565667,"https://maps.google.com/?q=34.8252361,135.4565667",,,延喜式内社データベースの現社候補,KOKUGAKUIN_SHIKINAI,181059:1,2
T2S181060_1,［ID:181060］ 伊佐具神社,,,小,,,河辺郡,,,,34.7486167,135.4315528,"https://maps.google.com/?q=34.7486167,135.4315528",,,延喜式内社データベースの現社候補,KOKUGAKUIN_SHIKINAI,181060:1,2
T2S181061_1,［ID:181061］ 高売布神社,,,小,,,河辺郡,,,,34.9587333,135.2674389,"https://maps.google.com/?q=34.9587333,135.2674389",,,延喜式内社データベースの現社候補,KOKUGAKUIN_SHIKINAI,181061:1,2
T2S181062_1,［ID:181062］ 鴨神社,,,小,,,河辺郡,,,,34.8210250,135.4080667,"https://maps.google.com/?q=34.8210250,135.4080667",,,延喜式内社データベースの現社候補,KOKUGAKUIN_SHIKINAI,181062:1,2
T2S181064_1,［ID:181064］ 多太神社,,,小,,,河辺郡,,,,34.8672222,135.4142833,"https://maps.google.com/?q=34.8672222,135.4142833",,,延喜式内社データベースの現社候補,KOKUGAKUIN_SHIKINAI,181064:1,2
T2S181065_1,［ID:181065］ 小戸神社,,,小,,,河辺郡,,,,34.8288611,135.4190250,"https://maps.google.com/?q=34.8288611,135.4190250",,,延喜式内社データベースの現社候補,KOKUGAKUIN_SHIKINAI,181065:1,2
T2S181066_1,［ID:181066］ 売布神社,,,小,,,河辺郡,,,,34.8170750,135.3582111,"https://maps.google.com/?q=34.8170750,135.3582111",,,延喜式内社データベースの現社候補,KOKUGAKUIN_SHIKINAI,181066:1,2
T2S181067_1,［ID:181067］ 広田神社,,,名大,,,武庫郡,,,,34.7526389,135.3401389,"https://maps.google.com/?q=34.7526389,135.3401389",,,延喜式内社データベースの現社候補,KOKUGAKUIN_SHIKINAI,181067:1,2
T2S181068_1,［ID:181068］ 名次神社,,,小,,,武庫郡,,,,34.7513500,135.3328889,"https://maps.google.com/?q=34.7513500,135.3328889",,,延喜式内社データベースの現社候補,KOKUGAKUIN_SHIKINAI,181068:1,2
T2S181071_1,［ID:181071］ 河内国魂神社,,,小,,,菟原郡,,,,34.7184306,135.2196139,"https://maps.google.com/?q=34.7184306,135.2196139",,,延喜式内社データベースの現社候補,KOKUGAKUIN_SHIKINAI,181071:1,2
T2S181072_1,［ID:181072］ 大国主西神社,,,小,,,菟原郡,,,,34.7358917,135.3341528,"https://maps.google.com/?q=34.7358917,135.3341528",,,延喜式内社データベースの現社候補,KOKUGAKUIN_SHIKINAI,181072:1,2
T2S181073_1,［ID:181073］ 保久良神社,,,小,,,菟原郡,,,,34.7354333,135.2780611,"https://maps.google.com/?q=34.7354333,135.2780611",,,延喜式内社データベースの現社候補,KOKUGAKUIN_SHIKINAI,181073:1,2
T2S181074_1,［ID:181074］ 生田神社,,,名大,,,八部郡,,,,34.6947667,135.1906917,"https://maps.google.com/?q=34.6947667,135.1906917",,,延喜式内社データベースの現社候補,KOKUGAKUIN_SHIKINAI,181074:1,2
T2S181075_1,［ID:181075］ 長田神社,,,名大,,,八部郡,,,,34.6712000,135.1469944,"https://maps.google.com/?q=34.6712000,135.1469944",,,延喜式内社データベースの現社候補,KOKUGAKUIN_SHIKINAI,181075:1,2
T2S181077_1,［ID:181077］ 有間神社,,,小,,,有馬郡,,,,34.8141833,135.2192806,"https://maps.google.com/?q=34.8141833,135.2192806",,,延喜式内社データベースの現社候補,KOKUGAKUIN_SHIKINAI,181077:1,2
T2S181078_1,［ID:181078］ 公智神社,,,小,,,有馬郡,,,,34.8323111,135.2369972,"https://maps.google.com/?q=34.8323111,135.2369972",,,延喜式内社データベースの現社候補,KOKUGAKUIN_SHIKINAI,181078:1,2
T2S181079_1,［ID:181079］ 湯泉神社,,,大,,,有馬郡,,,,34.7951306,135.2486778,"https://maps.google.com/?q=34.7951306,135.2486778",,,延喜式内社データベースの現社候補,KOKUGAKUIN_SHIKINAI,181079:1,2
T2S181080_1,［ID:181080］ 岐尼神社,,,小,,,能勢郡,,,,34.9685278,135.3931972,"https://maps.google.com/?q=34.9685278,135.3931972",,,延喜式内社データベースの現社候補,KOKUGAKUIN_SHIKINAI,181080:1,2
T2S181081_1,［ID:181081］ 久佐佐神社,,,小,,,能勢郡,,,,34.9764028,135.4192861,"https://maps.google.com/?q=34.9764028,135.4192861",,,延喜式内社データベースの現社候補,KOKUGAKUIN_SHIKINAI,181081:1,2
T2S181082_1,［ID:181082］ 野間神社,,,小,,,能勢郡,,,,34.9527361,135.4563917,"https://maps.google.com/?q=34.9527361,135.4563917",,,延喜式内社データベースの現社候補,KOKUGAKUIN_SHIKINAI,181082:1,2
T2S181083_1,［ID:181083］ 陽夫多神社,,,小,,,阿拝郡,,,,34.8266917,136.1751750,"https://maps.google.com/?q=34.8266917,136.1751750",,,延喜式内社データベースの現社候補,KOKUGAKUIN_SHIKINAI,181083:1,2
T2S181085_1,［ID:181085］ 波太伎神社,,,小,,,阿拝郡,,,,34.7987833,136.1469611,"https://maps.google.com/?q=34.7987833,136.1469611",,,延喜式内社データベースの現社候補,KOKUGAKUIN_SHIKINAI,181085:1,2
T2S181086_1,［ID:181086］ 須智荒木神社,,,小,,,阿拝郡,,,,34.7726972,136.1695167,"https://maps.google.com/?q=34.7726972,136.1695167",,,延喜式内社データベースの現社候補,KOKUGAKUIN_SHIKINAI,181086:1,2
T2S181087_1,［ID:181087］ 敢国神社,,,大,,,阿拝郡,,,,34.7873389,136.1639556,"https://maps.google.com/?q=34.7873389,136.1639556",,,延喜式内社データベースの現社候補,KOKUGAKUIN_SHIKINAI,181087:1,2
T2S181088_1,［ID:181088］ 佐佐神社,,,小,,,阿拝郡,,,,34.8279722,136.1294361,"https://maps.google.com/?q=34.8279722,136.1294361",,,延喜式内社データベースの現社候補,KOKUGAKUIN_SHIKINAI,181088:1,2
T2S181089_1,［ID:181089］ 穴石神社,,,小,,,阿拝郡,,,,34.8423833,136.1550139,"https://maps.google.com/?q=34.8423833,136.1550139",,,延喜式内社データベースの現社候補,KOKUGAKUIN_SHIKINAI,181089:1,2
T2S181090_1,［ID:181090］ 真木山神社,,,小,,,阿拝郡,,,,34.8761528,136.1396361,"https://maps.google.com/?q=34.8761528,136.1396361",,,延喜式内社データベースの現社候補,KOKUGAKUIN_SHIKINAI,181090:1,2
T2S181091_1,［ID:181091］ 小宮神社,,,小,,,阿拝郡,,,,34.7794694,136.1420000,"https://maps.google.com/?q=34.7794694,136.1420000",,,延喜式内社データベースの現社候補,KOKUGAKUIN_SHIKINAI,181091:1,2
T2S181092_1,［ID:181092］ 鳥坂神社,,,小,,,山田郡,,,,34.7764833,136.2247972,"https://maps.google.com/?q=34.7764833,136.2247972",,,延喜式内社データベースの現社候補,KOKUGAKUIN_SHIKINAI,181092:1,2
T2S181093_1,［ID:181093］ 阿波神社,,,小,,,山田郡,,,,34.7540333,136.2665611,"https://maps.google.com/?q=34.7540333,136.2665611",,,延喜式内社データベースの現社候補,KOKUGAKUIN_SHIKINAI,181093:1,2
T2S181094_1,［ID:181094］ 葦神社,,,小,,,山田郡,,,,34.7723639,136.2850083,"https://maps.google.com/?q=34.7723639,136.2850083",,,延喜式内社データベースの現社候補,KOKUGAKUIN_SHIKINAI,181094:1,2
T2S181096_1,［ID:181096］ 田守神社,,,小,,,伊賀郡,,,,34.6939750,136.1188500,"https://maps.google.com/?q=34.6939750,136.1188500",,,延喜式内社データベースの現社候補,KOKUGAKUIN_SHIKINAI,181096:1,2
T2S181098_1,［ID:181098］ 大村神社,,,小,,,伊賀郡,,,,34.6704500,136.1836833,"https://maps.google.com/?q=34.6704500,136.1836833",,,延喜式内社データベースの現社候補,KOKUGAKUIN_SHIKINAI,181098:1,2
T2S181099_1,［ID:181099］ 比比岐神社,,,小,,,伊賀郡,,,,34.6897944,136.2150833,"https://maps.google.com/?q=34.6897944,136.2150833",,,延喜式内社データベースの現社候補,KOKUGAKUIN_SHIKINAI,181099:1,2
T2S181100_1,［ID:181100］ 比自岐神社,,,小,,,伊賀郡,,,,34.7059778,136.1883722,"https://maps.google.com/?q=34.7059778,136.1883722",,,延喜式内社データベースの現社候補,KOKUGAKUIN_SHIKINAI,181100:1,2
T2S181103_1,［ID:181103］ 乎美禰神社,,,小,,,伊賀郡,,,,34.6799722,136.0899306,"https://maps.google.com/?q=34.6799722,136.0899306",,,延喜式内社データベースの現社候補,KOKUGAKUIN_SHIKINAI,181103:1,2
T2S181104_1,［ID:181104］ 高瀬神社,,,小,,,伊賀郡,,,,34.6667250,136.1552278,"https://maps.google.com/?q=34.6667250,136.1552278",,,延喜式内社データベースの現社候補,KOKUGAKUIN_SHIKINAI,181104:1,2
T2S181106_1,［ID:181106］ 名居神社,,,小,,,名張郡,,,,34.6216361,136.1267778,"https://maps.google.com/?q=34.6216361,136.1267778",,,延喜式内社データベースの現社候補,KOKUGAKUIN_SHIKINAI,181106:1,2
T2S181107_1,［ID:181107］ 宇流富志弥神社,,,小,,,名張郡,,,,34.6189972,136.0932444,"https://maps.google.com/?q=34.6189972,136.0932444",,,延喜式内社データベースの現社候補,KOKUGAKUIN_SHIKINAI,181107:1,2
T2S181109_1,［ID:181109］ 荒祭宮,,,大,,,度会郡,,,,34.4561361,136.7251278,"https://maps.google.com/?q=34.4561361,136.7251278",,,延喜式内社データベースの現社候補,KOKUGAKUIN_SHIKINAI,181109:1,2
T2S181115_1,［ID:181115］ 朝熊神社,,,小,,,度会郡,,,,34.4875111,136.7531111,"https://maps.google.com/?q=34.4875111,136.7531111",,,延喜式内社データベースの現社候補,KOKUGAKUIN_SHIKINAI,181115:1,2
T2S181116_1,［ID:181116］ 蚊野神社,,,小,,,度会郡,,,,34.4894333,136.6006528,"https://maps.google.com/?q=34.4894333,136.6006528",,,延喜式内社データベースの現社候補,KOKUGAKUIN_SHIKINAI,181116:1,2
T2S181117_1,［ID:181117］ 鴨神社,,,小,,,度会郡,,,,34.4613389,136.6075528,"https://maps.google.com/?q=34.4613389,136.6075528",,,延喜式内社データベースの現社候補,KOKUGAKUIN_SHIKINAI,181117:1,2
T2S181118_1,［ID:181118］ 狭田国生神社,,,小,,,度会郡,,,,34.4903444,136.6377111,"https://maps.google.com/?q=34.4903444,136.6377111",,,延喜式内社データベースの現社候補,KOKUGAKUIN_SHIKINAI,181118:1,2
T2S181119_1,［ID:181119］ 田乃家神社,,,小,,,度会郡,,,,34.4768028,136.6044861,"https://maps.google.com/?q=34.4768028,136.6044861",,,延喜式内社データベースの現社候補,KOKUGAKUIN_SHIKINAI,181119:1,2
T2S181120_1,［ID:181120］ 草名伎神社,,,小,,,度会郡,,,,34.4948361,136.6949750,"https://maps.google.com/?q=34.4948361,136.6949750",,,延喜式内社データベースの現社候補,KOKUGAKUIN_SHIKINAI,181120:1,2
T2S181121_1,［ID:181121］ 薗相神社,,,小,,,度会郡,,,,34.4570389,136.6553472,"https://maps.google.com/?q=34.4570389,136.6553472",,,延喜式内社データベースの現社候補,KOKUGAKUIN_SHIKINAI,181121:1,2
T2S181122_1,［ID:181122］ 磯神社,,,小,,,度会郡,,,,34.5197056,136.7011583,"https://maps.google.com/?q=34.5197056,136.7011583",,,延喜式内社データベースの現社候補,KOKUGAKUIN_SHIKINAI,181122:1,2
T2S181123_1,［ID:181123］ 多伎原神社,,,小,,,度会郡,,,,34.3950083,136.4304611,"https://maps.google.com/?q=34.3950083,136.4304611",,,延喜式内社データベースの現社候補,KOKUGAKUIN_SHIKINAI,181123:1,2
T2S181125_1,［ID:181125］ 湯田神社,,,小,,,度会郡,,,,34.5039583,136.6493417,"https://maps.google.com/?q=34.5039583,136.6493417",,,延喜式内社データベースの現社候補,KOKUGAKUIN_SHIKINAI,181125:1,2
T2S181127_1,［ID:181127］ 大水神社,,,小,,,度会郡,,,,34.4594583,136.7215722,"https://maps.google.com/?q=34.4594583,136.7215722",,,延喜式内社データベースの現社候補,KOKUGAKUIN_SHIKINAI,181127:1,2
T2S181130_1,［ID:181130］ 御食神社,,,小,,,度会郡,,,,34.5120250,136.7369000,"https://maps.google.com/?q=34.5120250,136.7369000",,,延喜式内社データベースの現社候補,KOKUGAKUIN_SHIKINAI,181130:1,2
T2S181131_1,［ID:181131］ 大土御祖神社,,,小,,,度会郡,,,,34.4759639,136.7371417,"https://maps.google.com/?q=34.4759639,136.7371417",,,延喜式内社データベースの現社候補,KOKUGAKUIN_SHIKINAI,181131:1,2
T2S181132_1,［ID:181132］ 田上大水神社,,,小,,,度会郡,,,,34.4806583,136.7074250,"https://maps.google.com/?q=34.4806583,136.7074250",,,延喜式内社データベースの現社候補,KOKUGAKUIN_SHIKINAI,181132:1,2
T2S181133_1,［ID:181133］ 国津御祖神社,,,小,,,度会郡,,,,34.4760639,136.7372917,"https://maps.google.com/?q=34.4760639,136.7372917",,,延喜式内社データベースの現社候補,KOKUGAKUIN_SHIKINAI,181133:1,2
T2S181134_1,［ID:181134］ 坂手国生神社,,,小,,,度会郡,,,,34.4991750,136.6174056,"https://maps.google.com/?q=34.4991750,136.6174056",,,延喜式内社データベースの現社候補,KOKUGAKUIN_SHIKINAI,181134:1,2
T2S181135_1,［ID:181135］ 粟皇子神社,,,小,,,度会郡,,,,34.4965028,136.8153944,"https://maps.google.com/?q=34.4965028,136.8153944",,,延喜式内社データベースの現社候補,KOKUGAKUIN_SHIKINAI,181135:1,2
T2S181136_1,［ID:181136］ 久久都比売神社,,,小,,,度会郡,,,,34.4327972,136.6124306,"https://maps.google.com/?q=34.4327972,136.6124306",,,延喜式内社データベースの現社候補,KOKUGAKUIN_SHIKINAI,181136:1,2
T2S181138_1,［ID:181138］ 大間国生神社,,,小,,,度会郡,,,,34.4947806,136.6951194,"https://maps.google.com/?q=34.4947806,136.6951194",,,延喜式内社データベースの現社候補,KOKUGAKUIN_SHIKINAI,181138:1,2
T2S181139_1,［ID:181139］ 江神社,,,小,,,度会郡,,,,34.5028889,136.7892333,"https://maps.google.com/?q=34.5028889,136.7892333",,,延喜式内社データベースの現社候補,KOKUGAKUIN_SHIKINAI,181139:1,2
T2S181140_1,［ID:181140］ 神前神社,,,小,,,度会郡,,,,34.5060306,136.8031611,"https://maps.google.com/?q=34.5060306,136.8031611",,,延喜式内社データベースの現社候補,KOKUGAKUIN_SHIKINAI,181140:1,2
T2S181141_1,［ID:181141］ 朽羅神社,,,小,,,度会郡,,,,34.4839028,136.5837222,"https://maps.google.com/?q=34.4839028,136.5837222",,,延喜式内社データベースの現社候補,KOKUGAKUIN_SHIKINAI,181141:1,2
T2S181146_1,［ID:181146］ 志等美神社,,,小,,,度会郡,,,,34.4896917,136.6894444,"https://maps.google.com/?q=34.4896917,136.6894444",,,延喜式内社データベースの現社候補,KOKUGAKUIN_SHIKINAI,181146:1,2
T2S181147_1,［ID:181147］ 川原神社,,,小,,,度会郡,,,,34.4685389,136.6664083,"https://maps.google.com/?q=34.4685389,136.6664083",,,延喜式内社データベースの現社候補,KOKUGAKUIN_SHIKINAI,181147:1,2
T2S181148_1,［ID:181148］ 山末神社,,,小,,,度会郡,,,,34.4813833,136.7059389,"https://maps.google.com/?q=34.4813833,136.7059389",,,延喜式内社データベースの現社候補,KOKUGAKUIN_SHIKINAI,181148:1,2
T2S181149_1,［ID:181149］ 大川内神社,,,小,,,度会郡,,,,34.4896917,136.6894444,"https://maps.google.com/?q=34.4896917,136.6894444",,,延喜式内社データベースの現社候補,KOKUGAKUIN_SHIKINAI,181149:1,2
T2S181150_1,［ID:181150］ 棒原神社,,,小,,,度会郡,,,,34.4988611,136.6032667,"https://maps.google.com/?q=34.4988611,136.6032667",,,延喜式内社データベースの現社候補,KOKUGAKUIN_SHIKINAI,181150:1,2
T2S181152_1,［ID:181152］ 宇須乃野神社,,,小,,,度会郡,,,,34.5057333,136.6986361,"https://maps.google.com/?q=34.5057333,136.6986361",,,延喜式内社データベースの現社候補,KOKUGAKUIN_SHIKINAI,181152:1,2
T2S181153_1,［ID:181153］ 小俣神社,,,小,,,度会郡,,,,34.5044861,136.6792111,"https://maps.google.com/?q=34.5044861,136.6792111",,,延喜式内社データベースの現社候補,KOKUGAKUIN_SHIKINAI,181153:1,2
T2S181154_1,［ID:181154］ 川原淵神社,,,小,,,度会郡,,,,34.4989111,136.7145028,"https://maps.google.com/?q=34.4989111,136.7145028",,,延喜式内社データベースの現社候補,KOKUGAKUIN_SHIKINAI,181154:1,2
T2S181158_1,［ID:181158］ 官舎神社,,,小,,,度会郡,,,,34.5018194,136.6710667,"https://maps.google.com/?q=34.5018194,136.6710667",,,延喜式内社データベースの現社候補,KOKUGAKUIN_SHIKINAI,181158:1,2
T2S181160_1,［ID:181160］ 佐那神社,,,小,,,多気郡,,,,34.4809417,136.5461500,"https://maps.google.com/?q=34.4809417,136.5461500",,,延喜式内社データベースの現社候補,KOKUGAKUIN_SHIKINAI,181160:1,2
T2S181162_1,［ID:181162］ 加須夜神社,,,小,,,多気郡,,,,34.5409889,136.6510833,"https://maps.google.com/?q=34.5409889,136.6510833",,,延喜式内社データベースの現社候補,KOKUGAKUIN_SHIKINAI,181162:1,2
T2S181168_1,［ID:181168］ 奈奈美神社,,,小,,,多気郡,,,,34.5688028,136.5828194,"https://maps.google.com/?q=34.5688028,136.5828194",,,延喜式内社データベースの現社候補,KOKUGAKUIN_SHIKINAI,181168:1,2
T2S181173_1,［ID:181173］ 宇爾桜神社,,,小,,,多気郡,,,,34.5204139,136.6154111,"https://maps.google.com/?q=34.5204139,136.6154111",,,延喜式内社データベースの現社候補,KOKUGAKUIN_SHIKINAI,181173:1,2
T2S181178_1,［ID:181178］ 紀師神社,,,小,,,多気郡,,,,34.5069194,136.5089167,"https://maps.google.com/?q=34.5069194,136.5089167",,,延喜式内社データベースの現社候補,KOKUGAKUIN_SHIKINAI,181178:1,2
T2S181184_1,［ID:181184］ 流田上神社,,,小,,,多気郡,,,,34.5853583,136.6014222,"https://maps.google.com/?q=34.5853583,136.6014222",,,延喜式内社データベースの現社候補,KOKUGAKUIN_SHIKINAI,181184:1,2
T2S181188_1,［ID:181188］ 竹大与杼神社,,,小,,,多気郡,,,,34.5609583,136.6549028,"https://maps.google.com/?q=34.5609583,136.6549028",,,延喜式内社データベースの現社候補,KOKUGAKUIN_SHIKINAI,181188:1,2
T2S181189_1,［ID:181189］ 竹佐佐夫江神社,,,小,,,多気郡,,,,34.5650833,136.6496556,"https://maps.google.com/?q=34.5650833,136.6496556",,,延喜式内社データベースの現社候補,KOKUGAKUIN_SHIKINAI,181189:1,2
T2S181190_1,［ID:181190］ 棒屋神社,,,小,,,多気郡,,,,34.5631806,136.5861250,"https://maps.google.com/?q=34.5631806,136.5861250",,,延喜式内社データベースの現社候補,KOKUGAKUIN_SHIKINAI,181190:1,2
T2S181195_1,［ID:181195］ 大国玉神社,,,小,,,多気郡,,,,34.5680583,136.6022833,"https://maps.google.com/?q=34.5680583,136.6022833",,,延喜式内社データベースの現社候補,KOKUGAKUIN_SHIKINAI,181195:1,2
T2S181205_1,［ID:181205］ 神山神社,,,小,,,飯野郡,,,,34.5252139,136.5696472,"https://maps.google.com/?q=34.5252139,136.5696472",,,延喜式内社データベースの現社候補,KOKUGAKUIN_SHIKINAI,181205:1,2
T2S181206_1,［ID:181206］ 石前神社,,,小,,,飯野郡,,,,34.5160194,136.5508750,"https://maps.google.com/?q=34.5160194,136.5508750",,,延喜式内社データベースの現社候補,KOKUGAKUIN_SHIKINAI,181206:1,2
T2S181207_1,［ID:181207］ 神垣神社,,,小,,,飯野郡,,,,34.5506833,136.6052000,"https://maps.google.com/?q=34.5506833,136.6052000",,,延喜式内社データベースの現社候補,KOKUGAKUIN_SHIKINAI,181207:1,2
T2S181211_1,［ID:181211］ 加世智神社,,,小,,,飯高郡,,,,34.5918944,136.5423833,"https://maps.google.com/?q=34.5918944,136.5423833",,,延喜式内社データベースの現社候補,KOKUGAKUIN_SHIKINAI,181211:1,2
T2S181213_1,［ID:181213］ 丹生神社,,,小,,,飯高郡,,,,34.4775917,136.4932056,"https://maps.google.com/?q=34.4775917,136.4932056",,,延喜式内社データベースの現社候補,KOKUGAKUIN_SHIKINAI,181213:1,2
T2S181214_1,［ID:181214］ 丹生中神社,,,小,,,飯高郡,,,,34.4773278,136.4933028,"https://maps.google.com/?q=34.4773278,136.4933028",,,延喜式内社データベースの現社候補,KOKUGAKUIN_SHIKINAI,181214:1,2
T2S181218_1,［ID:181218］ 物部神社,,,小,,,壱志郡,,,,34.6524528,136.4827056,"https://maps.google.com/?q=34.6524528,136.4827056",,,延喜式内社データベースの現社候補,KOKUGAKUIN_SHIKINAI,181218:1,2
T2S181220_1,［ID:181220］ 須加神社,,,小,,,壱志郡,,,,34.6226056,136.4821222,"https://maps.google.com/?q=34.6226056,136.4821222",,,延喜式内社データベースの現社候補,KOKUGAKUIN_SHIKINAI,181220:1,2
T2S181227_1,［ID:181227］ 置染神社,,,小,,,安濃郡,,,,34.7225750,136.4502222,"https://maps.google.com/?q=34.7225750,136.4502222",,,延喜式内社データベースの現社候補,KOKUGAKUIN_SHIKINAI,181227:1,2
T2S181230_1,［ID:181230］ 小丹神社,,,小,,,安濃郡,,,,34.7388139,136.5089056,"https://maps.google.com/?q=34.7388139,136.5089056",,,延喜式内社データベースの現社候補,KOKUGAKUIN_SHIKINAI,181230:1,2
T2S181231_1,［ID:181231］ 美濃夜神社,,,小,,,安濃郡,,,,34.8095500,136.4010000,"https://maps.google.com/?q=34.8095500,136.4010000",,,延喜式内社データベースの現社候補,KOKUGAKUIN_SHIKINAI,181231:1,2
T2S181233_1,［ID:181233］ 小川内神社,,,小,,,安濃郡,,,,34.8042139,136.3550444,"https://maps.google.com/?q=34.8042139,136.3550444",,,延喜式内社データベースの現社候補,KOKUGAKUIN_SHIKINAI,181233:1,2
T2S181235_1,［ID:181235］ 加良比乃神社,,,小,,,安濃郡,,,,34.6837722,136.5076222,"https://maps.google.com/?q=34.6837722,136.5076222",,,延喜式内社データベースの現社候補,KOKUGAKUIN_SHIKINAI,181235:1,2
T2S181237_1,［ID:181237］ 伊奈富神社,,,小,,,奄藝郡,,,,34.8375556,136.5522583,"https://maps.google.com/?q=34.8375556,136.5522583",,,延喜式内社データベースの現社候補,KOKUGAKUIN_SHIKINAI,181237:1,2
T2S181238_1,［ID:181238］ 加和良神社,,,小,,,奄藝郡,,,,34.8305778,136.5679639,"https://maps.google.com/?q=34.8305778,136.5679639",,,延喜式内社データベースの現社候補,KOKUGAKUIN_SHIKINAI,181238:1,2
T2S181239_1,［ID:181239］ 多為神社,,,小,,,奄藝郡,,,,34.7760222,136.4904139,"https://maps.google.com/?q=34.7760222,136.4904139",,,延喜式内社データベースの現社候補,KOKUGAKUIN_SHIKINAI,181239:1,2
T2S181243_1,［ID:181243］ 尾前神社,,,小,,,奄藝郡,,,,34.8011417,136.5625583,"https://maps.google.com/?q=34.8011417,136.5625583",,,延喜式内社データベースの現社候補,KOKUGAKUIN_SHIKINAI,181243:1,2
T2S181244_1,［ID:181244］ 比佐豆知神社,,,小,,,奄藝郡,,,,34.8241417,136.5797528,"https://maps.google.com/?q=34.8241417,136.5797528",,,延喜式内社データベースの現社候補,KOKUGAKUIN_SHIKINAI,181244:1,2
T2S181246_1,［ID:181246］ 弥尼布理神社,,,小,,,奄藝郡,,,,34.7961417,136.5195833,"https://maps.google.com/?q=34.7961417,136.5195833",,,延喜式内社データベースの現社候補,KOKUGAKUIN_SHIKINAI,181246:1,2
T2S181248_1,［ID:181248］ 横道下神社,,,小,,,奄藝郡,,,,34.8254639,136.5450556,"https://maps.google.com/?q=34.8254639,136.5450556",,,延喜式内社データベースの現社候補,KOKUGAKUIN_SHIKINAI,181248:1,2
T2S181249_1,［ID:181249］ 久留真神社,,,小,,,奄藝郡,,,,34.8294639,136.5879639,"https://maps.google.com/?q=34.8294639,136.5879639",,,延喜式内社データベースの現社候補,KOKUGAKUIN_SHIKINAI,181249:1,2
T2S181257_1,［ID:181257］ 椿大神社,,,小,,,鈴鹿郡,,,,34.9643000,136.4520278,"https://maps.google.com/?q=34.9643000,136.4520278",,,延喜式内社データベースの現社候補,KOKUGAKUIN_SHIKINAI,181257:1,2
T2S181258_1,［ID:181258］ 小岸大神社,,,小,,,鈴鹿郡,,,,34.9557694,136.4466139,"https://maps.google.com/?q=34.9557694,136.4466139",,,延喜式内社データベースの現社候補,KOKUGAKUIN_SHIKINAI,181258:1,2
T2S181265_1,［ID:181265］ 忍山神社,,,小,,,鈴鹿郡,,,,34.8549028,136.4368000,"https://maps.google.com/?q=34.8549028,136.4368000",,,延喜式内社データベースの現社候補,KOKUGAKUIN_SHIKINAI,181265:1,2
T2S181267_1,［ID:181267］ 弥牟居神社,,,小,,,鈴鹿郡,,,,34.8978083,136.4448500,"https://maps.google.com/?q=34.8978083,136.4448500",,,延喜式内社データベースの現社候補,KOKUGAKUIN_SHIKINAI,181267:1,2
T2S181269_1,［ID:181269］ 弥都加伎神社,,,小,,,河曲郡,,,,34.8602361,136.5896361,"https://maps.google.com/?q=34.8602361,136.5896361",,,延喜式内社データベースの現社候補,KOKUGAKUIN_SHIKINAI,181269:1,2
T2S181270_1,［ID:181270］ 貴志神社,,,小,,,河曲郡,,,,34.8544556,136.6052167,"https://maps.google.com/?q=34.8544556,136.6052167",,,延喜式内社データベースの現社候補,KOKUGAKUIN_SHIKINAI,181270:1,2
T2S181271_1,［ID:181271］ 鬼太神社,,,小,,,河曲郡,,,,34.9001056,136.5715639,"https://maps.google.com/?q=34.9001056,136.5715639",,,延喜式内社データベースの現社候補,KOKUGAKUIN_SHIKINAI,181271:1,2
T2S181272_1,［ID:181272］ 川神社,,,小,,,河曲郡,,,,34.8922972,136.5707417,"https://maps.google.com/?q=34.8922972,136.5707417",,,延喜式内社データベースの現社候補,KOKUGAKUIN_SHIKINAI,181272:1,2
T2S181274_1,［ID:181274］ 岡太神社,,,小,,,河曲郡,,,,34.8801611,136.5440333,"https://maps.google.com/?q=34.8801611,136.5440333",,,延喜式内社データベースの現社候補,KOKUGAKUIN_SHIKINAI,181274:1,2
T2S181275_1,［ID:181275］ 奈加等神社,,,小,,,河曲郡,,,,34.9012444,136.6012806,"https://maps.google.com/?q=34.9012444,136.6012806",,,延喜式内社データベースの現社候補,KOKUGAKUIN_SHIKINAI,181275:1,2
T2S181279_1,［ID:181279］ 久久志弥神社,,,小,,,河曲郡,,,,34.8811722,136.6289000,"https://maps.google.com/?q=34.8811722,136.6289000",,,延喜式内社データベースの現社候補,KOKUGAKUIN_SHIKINAI,181279:1,2
T2S181283_1,［ID:181283］ 夜夫多神社,,,小,,,河曲郡,,,,34.8894028,136.5521972,"https://maps.google.com/?q=34.8894028,136.5521972",,,延喜式内社データベースの現社候補,KOKUGAKUIN_SHIKINAI,181283:1,2
T2S181284_1,［ID:181284］ 須支神社,,,小,,,河曲郡,,,,34.8912278,136.6252750,"https://maps.google.com/?q=34.8912278,136.6252750",,,延喜式内社データベースの現社候補,KOKUGAKUIN_SHIKINAI,181284:1,2
T2S181285_1,［ID:181285］ 深田神社,,,小,,,河曲郡,,,,34.8700917,136.6224111,"https://maps.google.com/?q=34.8700917,136.6224111",,,延喜式内社データベースの現社候補,KOKUGAKUIN_SHIKINAI,181285:1,2
T2S181290_1,［ID:181290］ 神前神社,,,小,,,三重郡,,,,34.9850056,136.5638639,"https://maps.google.com/?q=34.9850056,136.5638639",,,延喜式内社データベースの現社候補,KOKUGAKUIN_SHIKINAI,181290:1,2
T2S181291_1,［ID:181291］ 小許曽神社,,,小,,,三重郡,,,,34.9297889,136.5890472,"https://maps.google.com/?q=34.9297889,136.5890472",,,延喜式内社データベースの現社候補,KOKUGAKUIN_SHIKINAI,181291:1,2
T2S181295_1,［ID:181295］ 能原神社,,,小,,,朝明郡,,,,35.0296389,136.6083889,"https://maps.google.com/?q=35.0296389,136.6083889",,,延喜式内社データベースの現社候補,KOKUGAKUIN_SHIKINAI,181295:1,2
T2S181296_1,［ID:181296］ 伎留太神社,,,小,,,朝明郡,,,,35.0742278,136.4766028,"https://maps.google.com/?q=35.0742278,136.4766028",,,延喜式内社データベースの現社候補,KOKUGAKUIN_SHIKINAI,181296:1,2
T2S181297_1,［ID:181297］ 石部神社,,,小,,,朝明郡,,,,35.0407472,136.5849611,"https://maps.google.com/?q=35.0407472,136.5849611",,,延喜式内社データベースの現社候補,KOKUGAKUIN_SHIKINAI,181297:1,2
T2S181300_1,［ID:181300］ 多比鹿神社,,,小,,,朝明郡,,,,35.0722111,136.5032222,"https://maps.google.com/?q=35.0722111,136.5032222",,,延喜式内社データベースの現社候補,KOKUGAKUIN_SHIKINAI,181300:1,2
T2S181301_1,［ID:181301］ 鳥出神社,,,小,,,朝明郡,,,,35.0044111,136.6536000,"https://maps.google.com/?q=35.0044111,136.6536000",,,延喜式内社データベースの現社候補,KOKUGAKUIN_SHIKINAI,181301:1,2
T2S181302_1,［ID:181302］ 八十積椋神社,,,小,,,朝明郡,,,,35.0185972,136.6585722,"https://maps.google.com/?q=35.0185972,136.6585722",,,延喜式内社データベースの現社候補,KOKUGAKUIN_SHIKINAI,181302:1,2
T2S181303_1,［ID:181303］ 志弖神社,,,小,,,朝明郡,,,,34.9909167,136.6328417,"https://maps.google.com/?q=34.9909167,136.6328417",,,延喜式内社データベースの現社候補,KOKUGAKUIN_SHIKINAI,181303:1,2
T2S181307_1,［ID:181307］ 櫛田神社,,,小,,,朝明郡,,,,35.0517861,136.6196167,"https://maps.google.com/?q=35.0517861,136.6196167",,,延喜式内社データベースの現社候補,KOKUGAKUIN_SHIKINAI,181307:1,2
T2S181308_1,［ID:181308］ 井手神社,,,小,,,朝明郡,,,,35.0568389,136.5268833,"https://maps.google.com/?q=35.0568389,136.5268833",,,延喜式内社データベースの現社候補,KOKUGAKUIN_SHIKINAI,181308:1,2
T2S181309_1,［ID:181309］ 殖栗神社,,,小,,,朝明郡,,,,35.0529667,136.5609694,"https://maps.google.com/?q=35.0529667,136.5609694",,,延喜式内社データベースの現社候補,KOKUGAKUIN_SHIKINAI,181309:1,2
T2S181310_1,［ID:181310］ 布自神社,,,小,,,朝明郡,,,,35.0344722,136.6369500,"https://maps.google.com/?q=35.0344722,136.6369500",,,延喜式内社データベースの現社候補,KOKUGAKUIN_SHIKINAI,181310:1,2
T2S181313_1,［ID:181313］ 井後神社,,,小,,,朝明郡,,,,35.0339972,136.6560222,"https://maps.google.com/?q=35.0339972,136.6560222",,,延喜式内社データベースの現社候補,KOKUGAKUIN_SHIKINAI,181313:1,2
T2S181314_1,［ID:181314］ 長倉神社,,,小,,,朝明郡,,,,35.0172583,136.6322917,"https://maps.google.com/?q=35.0172583,136.6322917",,,延喜式内社データベースの現社候補,KOKUGAKUIN_SHIKINAI,181314:1,2
T2S181315_1,［ID:181315］ 苗代神社,,,小,,,朝明郡,,,,35.0442639,136.6682556,"https://maps.google.com/?q=35.0442639,136.6682556",,,延喜式内社データベースの現社候補,KOKUGAKUIN_SHIKINAI,181315:1,2
T2S181317_1,［ID:181317］ 鴨神社,,,小,,,員弁郡,,,,35.1224167,136.5109417,"https://maps.google.com/?q=35.1224167,136.5109417",,,延喜式内社データベースの現社候補,KOKUGAKUIN_SHIKINAI,181317:1,2
T2S181318_1,［ID:181318］ 石神社,,,小,,,員弁郡,,,,35.1557111,136.5007750,"https://maps.google.com/?q=35.1557111,136.5007750",,,延喜式内社データベースの現社候補,KOKUGAKUIN_SHIKINAI,181318:1,2
T2S181319_1,［ID:181319］ 平群神社,,,小,,,員弁郡,,,,35.0515417,136.6139250,"https://maps.google.com/?q=35.0515417,136.6139250",,,延喜式内社データベースの現社候補,KOKUGAKUIN_SHIKINAI,181319:1,2
T2S181322_1,［ID:181322］ 鳥取山田神社,,,小,,,員弁郡,,,,35.0708167,136.5888472,"https://maps.google.com/?q=35.0708167,136.5888472",,,延喜式内社データベースの現社候補,KOKUGAKUIN_SHIKINAI,181322:1,2
T2S181324_1,［ID:181324］ 大谷神社,,,小,,,員弁郡,,,,35.0981861,136.5677417,"https://maps.google.com/?q=35.0981861,136.5677417",,,延喜式内社データベースの現社候補,KOKUGAKUIN_SHIKINAI,181324:1,2
T2S181325_1,［ID:181325］ 賀毛神社,,,小,,,員弁郡,,,,35.1363028,136.5048472,"https://maps.google.com/?q=35.1363028,136.5048472",,,延喜式内社データベースの現社候補,KOKUGAKUIN_SHIKINAI,181325:1,2
T2S181326_1,［ID:181326］ 星川神社,,,小,,,員弁郡,,,,35.0662667,136.6256417,"https://maps.google.com/?q=35.0662667,136.6256417",,,延喜式内社データベースの現社候補,KOKUGAKUIN_SHIKINAI,181326:1,2
T2S181327_1,［ID:181327］ 桑名神社,,,小,,,桑名郡,,,,35.0654833,136.6944417,"https://maps.google.com/?q=35.0654833,136.6944417",,,延喜式内社データベースの現社候補,KOKUGAKUIN_SHIKINAI,181327:1,2
T2S181330_1,［ID:181330］ 小山神社,,,小,,,桑名郡,,,,35.1228167,136.6346361,"https://maps.google.com/?q=35.1228167,136.6346361",,,延喜式内社データベースの現社候補,KOKUGAKUIN_SHIKINAI,181330:1,2
T2S181331_1,［ID:181331］ 野志里神社,,,小,,,桑名郡,,,,35.1184667,136.6458000,"https://maps.google.com/?q=35.1184667,136.6458000",,,延喜式内社データベースの現社候補,KOKUGAKUIN_SHIKINAI,181331:1,2
T2S181332_1,［ID:181332］ 多度神社,,,名大,,,桑名郡,,,,35.1344444,136.6239083,"https://maps.google.com/?q=35.1344444,136.6239083",,,延喜式内社データベースの現社候補,KOKUGAKUIN_SHIKINAI,181332:1,2
T2S181333_1,［ID:181333］ 尾野神社,,,小,,,桑名郡,,,,35.0744222,136.6770667,"https://maps.google.com/?q=35.0744222,136.6770667",,,延喜式内社データベースの現社候補,KOKUGAKUIN_SHIKINAI,181333:1,2
T2S181334_1,［ID:181334］ 深江神社,,,小,,,桑名郡,,,,35.0981528,136.6597417,"https://maps.google.com/?q=35.0981528,136.6597417",,,延喜式内社データベースの現社候補,KOKUGAKUIN_SHIKINAI,181334:1,2
T2S181336_1,［ID:181336］ 宇賀神社,,,小,,,桑名郡,,,,35.1395139,136.6374083,"https://maps.google.com/?q=35.1395139,136.6374083",,,延喜式内社データベースの現社候補,KOKUGAKUIN_SHIKINAI,181336:1,2
T2S181338_1,［ID:181338］ 長谷神社,,,小,,,桑名郡,,,,35.0512778,136.6496000,"https://maps.google.com/?q=35.0512778,136.6496000",,,延喜式内社データベースの現社候補,KOKUGAKUIN_SHIKINAI,181338:1,2
T2S181339_2,［ID:181339］ 立坂神社,,,小,,,桑名郡,,,,35.0600917,136.6843139,"https://maps.google.com/?q=35.0600917,136.6843139",,,延喜式内社データベースの現社候補,KOKUGAKUIN_SHIKINAI,181339:2,2
T2S181342_1,［ID:181342］ 漆部神社,,,小,,,海部郡,,,,35.1952611,136.8224389,"https://maps.google.com/?q=35.1952611,136.8224389",,,延喜式内社データベースの現社候補,KOKUGAKUIN_SHIKINAI,181342:1,2
T2S181343_1,［ID:181343］ 諸鍬神社,,,小,,,海部郡,,,,35.1812111,136.7478417,"https://maps.google.com/?q=35.1812111,136.7478417",,,延喜式内社データベースの現社候補,KOKUGAKUIN_SHIKINAI,181343:1,2
T2S181344_1,［ID:181344］ 国玉神社,,,小,,,海部郡,,,,35.1548889,136.8319472,"https://maps.google.com/?q=35.1548889,136.8319472",,,延喜式内社データベースの現社候補,KOKUGAKUIN_SHIKINAI,181344:1,2
T2S181345_1,［ID:181345］ 藤島神社,,,小,,,海部郡,,,,35.1740194,136.8062083,"https://maps.google.com/?q=35.1740194,136.8062083",,,延喜式内社データベースの現社候補,KOKUGAKUIN_SHIKINAI,181345:1,2
T2S181346_1,［ID:181346］ 宇太志神社,,,小,,,海部郡,,,,35.2269417,136.7029028,"https://maps.google.com/?q=35.2269417,136.7029028",,,延喜式内社データベースの現社候補,KOKUGAKUIN_SHIKINAI,181346:1,2
T2S181347_1,［ID:181347］ 由乃伎神社,,,小,,,海部郡,,,,35.1626194,136.7256417,"https://maps.google.com/?q=35.1626194,136.7256417",,,延喜式内社データベースの現社候補,KOKUGAKUIN_SHIKINAI,181347:1,2
T2S181348_1,［ID:181348］ 伊久波神社,,,小,,,海部郡,,,,35.2113250,136.7511139,"https://maps.google.com/?q=35.2113250,136.7511139",,,延喜式内社データベースの現社候補,KOKUGAKUIN_SHIKINAI,181348:1,2
T2S181349_1,［ID:181349］ 憶感神社,,,小,,,海部郡,,,,35.1779528,136.7729528,"https://maps.google.com/?q=35.1779528,136.7729528",,,延喜式内社データベースの現社候補,KOKUGAKUIN_SHIKINAI,181349:1,2
T2S181352_1,［ID:181352］ 大神神社,,,名大,,,中島郡,,,,35.2914139,136.7932250,"https://maps.google.com/?q=35.2914139,136.7932250",,,延喜式内社データベースの現社候補,KOKUGAKUIN_SHIKINAI,181352:1,2
T2S181356_1,［ID:181356］ 浅井神社,,,小,,,中島郡,,,,35.2544778,136.7651194,"https://maps.google.com/?q=35.2544778,136.7651194",,,延喜式内社データベースの現社候補,KOKUGAKUIN_SHIKINAI,181356:1,2
T2S181356_2,［ID:181356］ 浅井神社,,,小,,,中島郡,,,,35.3335361,136.8241278,"https://maps.google.com/?q=35.3335361,136.8241278",,,延喜式内社データベースの現社候補,KOKUGAKUIN_SHIKINAI,181356:2,2
T2S181357_1,［ID:181357］ 裳咋神社,,,小,,,中島郡,,,,35.2106111,136.7660528,"https://maps.google.com/?q=35.2106111,136.7660528",,,延喜式内社データベースの現社候補,KOKUGAKUIN_SHIKINAI,181357:1,2
T2S181360_1,［ID:181360］ 小塞神社,,,小,,,中島郡,,,,35.3499833,136.8288583,"https://maps.google.com/?q=35.3499833,136.8288583",,,延喜式内社データベースの現社候補,KOKUGAKUIN_SHIKINAI,181360:1,2
T2S181362_1,［ID:181362］ 室原神社,,,小,,,中島郡,,,,35.2796528,136.7616139,"https://maps.google.com/?q=35.2796528,136.7616139",,,延喜式内社データベースの現社候補,KOKUGAKUIN_SHIKINAI,181362:1,2
T2S181363_1,［ID:181363］ 高田波蘇伎神社,,,小,,,中島郡,,,,35.3373056,136.8060611,"https://maps.google.com/?q=35.3373056,136.8060611",,,延喜式内社データベースの現社候補,KOKUGAKUIN_SHIKINAI,181363:1,2
T2S181365_1,［ID:181365］ 売夫神社,,,小,,,中島郡,,,,35.2039417,136.7381861,"https://maps.google.com/?q=35.2039417,136.7381861",,,延喜式内社データベースの現社候補,KOKUGAKUIN_SHIKINAI,181365:1,2
T2S181367_1,［ID:181367］ 川曲神社,,,小,,,中島郡,,,,35.2715139,136.8059056,"https://maps.google.com/?q=35.2715139,136.8059056",,,延喜式内社データベースの現社候補,KOKUGAKUIN_SHIKINAI,181367:1,2
T2S181368_1,［ID:181368］ 酒見神社,,,小,,,中島郡,,,,35.3158917,136.7952194,"https://maps.google.com/?q=35.3158917,136.7952194",,,延喜式内社データベースの現社候補,KOKUGAKUIN_SHIKINAI,181368:1,2
T2S181369_1,［ID:181369］ 久多神社,,,小,,,中島郡,,,,35.2637417,136.8006694,"https://maps.google.com/?q=35.2637417,136.8006694",,,延喜式内社データベースの現社候補,KOKUGAKUIN_SHIKINAI,181369:1,2
T2S181370_1,［ID:181370］ 堤治神社,,,小,,,中島郡,,,,35.3198222,136.7442667,"https://maps.google.com/?q=35.3198222,136.7442667",,,延喜式内社データベースの現社候補,KOKUGAKUIN_SHIKINAI,181370:1,2
T2S181371_1,［ID:181371］ 石作神社,,,小,,,中島郡,,,,35.2064000,136.8159833,"https://maps.google.com/?q=35.2064000,136.8159833",,,延喜式内社データベースの現社候補,KOKUGAKUIN_SHIKINAI,181371:1,2
T2S181375_1,［ID:181375］ 宗形神社,,,小,,,中島郡,,,,35.2561333,136.8068028,"https://maps.google.com/?q=35.2561333,136.8068028",,,延喜式内社データベースの現社候補,KOKUGAKUIN_SHIKINAI,181375:1,2
T2S181376_1,［ID:181376］ 尾張大国霊神社,,,小,,,中島郡,,,,35.2559389,136.8056167,"https://maps.google.com/?q=35.2559389,136.8056167",,,延喜式内社データベースの現社候補,KOKUGAKUIN_SHIKINAI,181376:1,2
T2S181377_1,［ID:181377］ 大御霊神社,,,小,,,中島郡,,,,35.2547667,136.8039972,"https://maps.google.com/?q=35.2547667,136.8039972",,,延喜式内社データベースの現社候補,KOKUGAKUIN_SHIKINAI,181377:1,2
T2S181378_1,［ID:181378］ 鞆江神社,,,小,,,中島郡,,,,35.2753167,136.7410222,"https://maps.google.com/?q=35.2753167,136.7410222",,,延喜式内社データベースの現社候補,KOKUGAKUIN_SHIKINAI,181378:1,2
T2S181380_1,［ID:181380］ 阿遅加神社,,,小,,,葉栗郡,,,,35.3502000,136.7182639,"https://maps.google.com/?q=35.3502000,136.7182639",,,延喜式内社データベースの現社候補,KOKUGAKUIN_SHIKINAI,181380:1,2
T2S181383_1,［ID:181383］ 大野神社,,,小,,,葉栗郡,,,,35.3528667,136.8249611,"https://maps.google.com/?q=35.3528667,136.8249611",,,延喜式内社データベースの現社候補,KOKUGAKUIN_SHIKINAI,181383:1,2
T2S181384_1,［ID:181384］ 石作神社,,,小,,,葉栗郡,,,,35.3880528,136.7946083,"https://maps.google.com/?q=35.3880528,136.7946083",,,延喜式内社データベースの現社候補,KOKUGAKUIN_SHIKINAI,181384:1,2
T2S181388_1,［ID:181388］ 大毛神社,,,小,,,葉栗郡,,,,35.3445306,136.8051417,"https://maps.google.com/?q=35.3445306,136.8051417",,,延喜式内社データベースの現社候補,KOKUGAKUIN_SHIKINAI,181388:1,2
T2S181389_1,［ID:181389］ 阿豆良神社,,,小,,,丹羽郡,,,,35.2840000,136.8239167,"https://maps.google.com/?q=35.2840000,136.8239167",,,延喜式内社データベースの現社候補,KOKUGAKUIN_SHIKINAI,181389:1,2
T2S181390_1,［ID:181390］ 田県神社,,,小,,,丹羽郡,,,,35.3157417,136.9414167,"https://maps.google.com/?q=35.3157417,136.9414167",,,延喜式内社データベースの現社候補,KOKUGAKUIN_SHIKINAI,181390:1,2
T2S181391_1,［ID:181391］ 稲木神社,,,小,,,丹羽郡,,,,35.3233111,136.8803278,"https://maps.google.com/?q=35.3233111,136.8803278",,,延喜式内社データベースの現社候補,KOKUGAKUIN_SHIKINAI,181391:1,2
T2S181393_1,［ID:181393］ 伊賀賀原神社,,,小,,,丹羽郡,,,,35.3259639,136.8741167,"https://maps.google.com/?q=35.3259639,136.8741167",,,延喜式内社データベースの現社候補,KOKUGAKUIN_SHIKINAI,181393:1,2
T2S181395_1,［ID:181395］ 爾波神社,,,小,,,丹羽郡,,,,35.3240528,136.8197583,"https://maps.google.com/?q=35.3240528,136.8197583",,,延喜式内社データベースの現社候補,KOKUGAKUIN_SHIKINAI,181395:1,2
T2S181396_1,［ID:181396］ 前利神社,,,小,,,丹羽郡,,,,35.3558750,136.9066111,"https://maps.google.com/?q=35.3558750,136.9066111",,,延喜式内社データベースの現社候補,KOKUGAKUIN_SHIKINAI,181396:1,2
T2S181397_1,［ID:181397］ 諸钁神社,,,小,,,丹羽郡,,,,35.3336583,136.9536472,"https://maps.google.com/?q=35.3336583,136.9536472",,,延喜式内社データベースの現社候補,KOKUGAKUIN_SHIKINAI,181397:1,2
T2S181398_1,［ID:181398］ 阿具真神社,,,小,,,丹羽郡,,,,35.2954750,136.8554806,"https://maps.google.com/?q=35.2954750,136.8554806",,,延喜式内社データベースの現社候補,KOKUGAKUIN_SHIKINAI,181398:1,2
T2S181399_1,［ID:181399］ 針綱神社,,,小,,,丹羽郡,,,,35.3871861,136.9399139,"https://maps.google.com/?q=35.3871861,136.9399139",,,延喜式内社データベースの現社候補,KOKUGAKUIN_SHIKINAI,181399:1,2
T2S181401_1,［ID:181401］ 宅美神社,,,小,,,丹羽郡,,,,35.3193500,136.8402639,"https://maps.google.com/?q=35.3193500,136.8402639",,,延喜式内社データベースの現社候補,KOKUGAKUIN_SHIKINAI,181401:1,2
T2S181402_1,［ID:181402］ 鳴海杻神社,,,小,,,丹羽郡,,,,35.3473167,136.9425611,"https://maps.google.com/?q=35.3473167,136.9425611",,,延喜式内社データベースの現社候補,KOKUGAKUIN_SHIKINAI,181402:1,2
T2S181403_1,［ID:181403］ 削栗神社,,,小,,,丹羽郡,,,,35.3134361,136.8563944,"https://maps.google.com/?q=35.3134361,136.8563944",,,延喜式内社データベースの現社候補,KOKUGAKUIN_SHIKINAI,181403:1,2
T2S181404_1,［ID:181404］ 託美神社,,,小,,,丹羽郡,,,,35.3559333,136.9270278,"https://maps.google.com/?q=35.3559333,136.9270278",,,延喜式内社データベースの現社候補,KOKUGAKUIN_SHIKINAI,181404:1,2
T2S181405_1,［ID:181405］ 虫鹿神社,,,小,,,丹羽郡,,,,35.3623750,136.9729806,"https://maps.google.com/?q=35.3623750,136.9729806",,,延喜式内社データベースの現社候補,KOKUGAKUIN_SHIKINAI,181405:1,2
T2S181408_1,［ID:181408］ 小口神社,,,小,,,丹羽郡,,,,35.3413389,136.9155389,"https://maps.google.com/?q=35.3413389,136.9155389",,,延喜式内社データベースの現社候補,KOKUGAKUIN_SHIKINAI,181408:1,2
T2S181409_1,［ID:181409］ 塩道神社,,,小,,,丹羽郡,,,,35.2864361,136.8512722,"https://maps.google.com/?q=35.2864361,136.8512722",,,延喜式内社データベースの現社候補,KOKUGAKUIN_SHIKINAI,181409:1,2
T2S181411_1,［ID:181411］ 非多神社,,,小,,,春部郡,,,,35.2310778,136.8981667,"https://maps.google.com/?q=35.2310778,136.8981667",,,延喜式内社データベースの現社候補,KOKUGAKUIN_SHIKINAI,181411:1,2
T2S181413_1,［ID:181413］ 外山神社,,,小,,,春部郡,,,,35.2721278,136.9264722,"https://maps.google.com/?q=35.2721278,136.9264722",,,延喜式内社データベースの現社候補,KOKUGAKUIN_SHIKINAI,181413:1,2
T2S181416_1,［ID:181416］ 牟都志神社,,,小,,,春部郡,,,,35.2504083,136.8914917,"https://maps.google.com/?q=35.2504083,136.8914917",,,延喜式内社データベースの現社候補,KOKUGAKUIN_SHIKINAI,181416:1,2
T2S181417_1,［ID:181417］ 味鋺神社,,,小,,,春部郡,,,,35.2185472,136.9279556,"https://maps.google.com/?q=35.2185472,136.9279556",,,延喜式内社データベースの現社候補,KOKUGAKUIN_SHIKINAI,181417:1,2
T2S181418_1,［ID:181418］ 物部神社,,,小,,,春部郡,,,,35.2272667,136.9369639,"https://maps.google.com/?q=35.2272667,136.9369639",,,延喜式内社データベースの現社候補,KOKUGAKUIN_SHIKINAI,181418:1,2
T2S181419_1,［ID:181419］ 伊多波刀神社,,,小,,,春部郡,,,,35.2762528,136.9551583,"https://maps.google.com/?q=35.2762528,136.9551583",,,延喜式内社データベースの現社候補,KOKUGAKUIN_SHIKINAI,181419:1,2
T2S181421_1,［ID:181421］ 内内神社,,,小,,,春部郡,,,,35.3258139,137.0613167,"https://maps.google.com/?q=35.3258139,137.0613167",,,延喜式内社データベースの現社候補,KOKUGAKUIN_SHIKINAI,181421:1,2
T2S181422_1,［ID:181422］ 多気神社,,,小,,,春部郡,,,,35.2637750,136.9039361,"https://maps.google.com/?q=35.2637750,136.9039361",,,延喜式内社データベースの現社候補,KOKUGAKUIN_SHIKINAI,181422:1,2
T2S181423_1,［ID:181423］ 片山神社,,,小,,,山田郡,,,,35.1876139,136.9202167,"https://maps.google.com/?q=35.1876139,136.9202167",,,延喜式内社データベースの現社候補,KOKUGAKUIN_SHIKINAI,181423:1,2
T2S181424_1,［ID:181424］ 大目神社,,,小,,,山田郡,,,,35.2199722,137.1314944,"https://maps.google.com/?q=35.2199722,137.1314944",,,延喜式内社データベースの現社候補,KOKUGAKUIN_SHIKINAI,181424:1,2
T2S181425_1,［ID:181425］ 羊神社,,,小,,,山田郡,,,,35.2073972,136.9264583,"https://maps.google.com/?q=35.2073972,136.9264583",,,延喜式内社データベースの現社候補,KOKUGAKUIN_SHIKINAI,181425:1,2
T2S181426_1,［ID:181426］ 深川神社,,,小,,,山田郡,,,,35.2279417,137.1026833,"https://maps.google.com/?q=35.2279417,137.1026833",,,延喜式内社データベースの現社候補,KOKUGAKUIN_SHIKINAI,181426:1,2
T2S181427_1,［ID:181427］ 川島神社,,,小,,,山田郡,,,,35.2130972,136.9653000,"https://maps.google.com/?q=35.2130972,136.9653000",,,延喜式内社データベースの現社候補,KOKUGAKUIN_SHIKINAI,181427:1,2
T2S181429_1,［ID:181429］ 伊奴神社,,,小,,,山田郡,,,,35.2083500,136.8976750,"https://maps.google.com/?q=35.2083500,136.8976750",,,延喜式内社データベースの現社候補,KOKUGAKUIN_SHIKINAI,181429:1,2
T2S181430_1,［ID:181430］ 金神社,,,小,,,山田郡,,,,35.2269056,137.0838500,"https://maps.google.com/?q=35.2269056,137.0838500",,,延喜式内社データベースの現社候補,KOKUGAKUIN_SHIKINAI,181430:1,2
T2S181432_1,［ID:181432］ 多奈波太神社,,,小,,,山田郡,,,,35.1931583,136.9056972,"https://maps.google.com/?q=35.1931583,136.9056972",,,延喜式内社データベースの現社候補,KOKUGAKUIN_SHIKINAI,181432:1,2
T2S181433_1,［ID:181433］ 綿神社,,,小,,,山田郡,,,,35.2004444,136.9110194,"https://maps.google.com/?q=35.2004444,136.9110194",,,延喜式内社データベースの現社候補,KOKUGAKUIN_SHIKINAI,181433:1,2
T2S181434_1,［ID:181434］ 渋川神社,,,小,,,山田郡,,,,35.2103194,137.0148222,"https://maps.google.com/?q=35.2103194,137.0148222",,,延喜式内社データベースの現社候補,KOKUGAKUIN_SHIKINAI,181434:1,2
T2S181436_1,［ID:181436］ 尾張神社,,,小,,,山田郡,,,,35.2743083,136.9134333,"https://maps.google.com/?q=35.2743083,136.9134333",,,延喜式内社データベースの現社候補,KOKUGAKUIN_SHIKINAI,181436:1,2
T2S181437_1,［ID:181437］ 別小江神社,,,小,,,山田郡,,,,35.2104361,136.9210139,"https://maps.google.com/?q=35.2104361,136.9210139",,,延喜式内社データベースの現社候補,KOKUGAKUIN_SHIKINAI,181437:1,2
T2S181438_1,［ID:181438］ 大井神社,,,小,,,山田郡,,,,35.2349250,136.9164167,"https://maps.google.com/?q=35.2349250,136.9164167",,,延喜式内社データベースの現社候補,KOKUGAKUIN_SHIKINAI,181438:1,2
T2S181440_1,［ID:181440］ 尾張戸神社,,,小,,,山田郡,,,,35.2558972,137.0530306,"https://maps.google.com/?q=35.2558972,137.0530306",,,延喜式内社データベースの現社候補,KOKUGAKUIN_SHIKINAI,181440:1,2
T2S181441_1,［ID:181441］ 石作神社,,,小,,,山田郡,,,,35.1866222,137.0499139,"https://maps.google.com/?q=35.1866222,137.0499139",,,延喜式内社データベースの現社候補,KOKUGAKUIN_SHIKINAI,181441:1,2
T2S181442_1,［ID:181442］ 日置神社,,,小,,,愛智郡,,,,35.1551806,136.8995389,"https://maps.google.com/?q=35.1551806,136.8995389",,,延喜式内社データベースの現社候補,KOKUGAKUIN_SHIKINAI,181442:1,2
T2S181444_1,［ID:181444］ 下知我麻神社,,,小,,,愛智郡,,,,35.1276250,136.9071250,"https://maps.google.com/?q=35.1276250,136.9071250",,,延喜式内社データベースの現社候補,KOKUGAKUIN_SHIKINAI,181444:1,2
T2S181445_1,［ID:181445］ 熱田神社,,,名大,,,愛智郡,,,,35.1265083,136.9086972,"https://maps.google.com/?q=35.1265083,136.9086972",,,延喜式内社データベースの現社候補,KOKUGAKUIN_SHIKINAI,181445:1,2
T2S181447_1,［ID:181447］ 高牟神社,,,小,,,愛智郡,,,,35.1691139,136.9324500,"https://maps.google.com/?q=35.1691139,136.9324500",,,延喜式内社データベースの現社候補,KOKUGAKUIN_SHIKINAI,181447:1,2
T2S181448_1,［ID:181448］ 川原神社,,,小,,,愛智郡,,,,35.1513639,136.9446444,"https://maps.google.com/?q=35.1513639,136.9446444",,,延喜式内社データベースの現社候補,KOKUGAKUIN_SHIKINAI,181448:1,2
T2S181449_1,［ID:181449］ 針名神社,,,小,,,愛智郡,,,,35.1163111,137.0099583,"https://maps.google.com/?q=35.1163111,137.0099583",,,延喜式内社データベースの現社候補,KOKUGAKUIN_SHIKINAI,181449:1,2
T2S181452_1,［ID:181452］ 物部神社,,,小,,,愛智郡,,,,35.1734500,136.9315278,"https://maps.google.com/?q=35.1734500,136.9315278",,,延喜式内社データベースの現社候補,KOKUGAKUIN_SHIKINAI,181452:1,2
T2S181453_1,［ID:181453］ 日割御子神社,,,名大,,,愛智郡,,,,35.1226556,136.9092278,"https://maps.google.com/?q=35.1226556,136.9092278",,,延喜式内社データベースの現社候補,KOKUGAKUIN_SHIKINAI,181453:1,2
T2S181454_1,［ID:181454］ 孫若御子神社,,,名大,,,愛智郡,,,,35.1231222,136.9093833,"https://maps.google.com/?q=35.1231222,136.9093833",,,延喜式内社データベースの現社候補,KOKUGAKUIN_SHIKINAI,181454:1,2
T2S181455_1,［ID:181455］ 高座結御子神社,,,名大,,,愛智郡,,,,35.1352444,136.9044361,"https://maps.google.com/?q=35.1352444,136.9044361",,,延喜式内社データベースの現社候補,KOKUGAKUIN_SHIKINAI,181455:1,2
T2S181456_1,［ID:181456］ 八剣神社,,,小,,,愛智郡,,,,35.1234972,136.9082694,"https://maps.google.com/?q=35.1234972,136.9082694",,,延喜式内社データベースの現社候補,KOKUGAKUIN_SHIKINAI,181456:1,2
T2S181458_1,［ID:181458］ 青衾神社,,,小,,,愛智郡,,,,35.1245028,136.9059306,"https://maps.google.com/?q=35.1245028,136.9059306",,,延喜式内社データベースの現社候補,KOKUGAKUIN_SHIKINAI,181458:1,2
T2S181460_1,［ID:181460］ 阿久比神社,,,小,,,知多郡,,,,34.9309306,136.9164111,"https://maps.google.com/?q=34.9309306,136.9164111",,,延喜式内社データベースの現社候補,KOKUGAKUIN_SHIKINAI,181460:1,2
T2S181461_1,［ID:181461］ 羽豆神社,,,小,,,知多郡,,,,34.6963361,136.9721750,"https://maps.google.com/?q=34.6963361,136.9721750",,,延喜式内社データベースの現社候補,KOKUGAKUIN_SHIKINAI,181461:1,2
T2S181463_1,［ID:181463］ 野神社,,,小,,,賀茂郡,,,,35.1308778,137.2688722,"https://maps.google.com/?q=35.1308778,137.2688722",,,延喜式内社データベースの現社候補,KOKUGAKUIN_SHIKINAI,181463:1,2
T2S181464_1,［ID:181464］ 兵主神社,,,小,,,賀茂郡,,,,35.1033000,137.1739500,"https://maps.google.com/?q=35.1033000,137.1739500",,,延喜式内社データベースの現社候補,KOKUGAKUIN_SHIKINAI,181464:1,2
T2S181465_1,［ID:181465］ 射穂神社,,,小,,,賀茂郡,,,,35.1412694,137.1280083,"https://maps.google.com/?q=35.1412694,137.1280083",,,延喜式内社データベースの現社候補,KOKUGAKUIN_SHIKINAI,181465:1,2
T2S181469_1,［ID:181469］ 稲前神社,,,小,,,額田郡,,,,34.9701222,137.1820528,"https://maps.google.com/?q=34.9701222,137.1820528",,,延喜式内社データベースの現社候補,KOKUGAKUIN_SHIKINAI,181469:1,2
T2S181470_1,［ID:181470］ 謁播神社,,,小,,,額田郡,,,,34.9911417,137.1772472,"https://maps.google.com/?q=34.9911417,137.1772472",,,延喜式内社データベースの現社候補,KOKUGAKUIN_SHIKINAI,181470:1,2
T2S181472_1,［ID:181472］ 酒人神社,,,小,,,碧海郡,,,,34.9389222,137.1086972,"https://maps.google.com/?q=34.9389222,137.1086972",,,延喜式内社データベースの現社候補,KOKUGAKUIN_SHIKINAI,181472:1,2
T2S181474_1,［ID:181474］ 知立神社,,,小,,,碧海郡,,,,35.0127639,137.0407167,"https://maps.google.com/?q=35.0127639,137.0407167",,,延喜式内社データベースの現社候補,KOKUGAKUIN_SHIKINAI,181474:1,2
T2S181479_1,［ID:181479］ 形原神社,,,小,,,宝飫郡,,,,34.8029222,137.1752111,"https://maps.google.com/?q=34.8029222,137.1752111",,,延喜式内社データベースの現社候補,KOKUGAKUIN_SHIKINAI,181479:1,2
T2S181480_1,［ID:181480］ 御津神社,,,小,,,宝飫郡,,,,34.8225278,137.3112472,"https://maps.google.com/?q=34.8225278,137.3112472",,,延喜式内社データベースの現社候補,KOKUGAKUIN_SHIKINAI,181480:1,2
T2S181483_1,［ID:181483］ 赤日子神社,,,小,,,宝飫郡,,,,34.8410278,137.2261139,"https://maps.google.com/?q=34.8410278,137.2261139",,,延喜式内社データベースの現社候補,KOKUGAKUIN_SHIKINAI,181483:1,2
T2S181484_1,［ID:181484］ 石座神社,,,小,,,宝飫郡,,,,34.9260472,137.5195778,"https://maps.google.com/?q=34.9260472,137.5195778",,,延喜式内社データベースの現社候補,KOKUGAKUIN_SHIKINAI,181484:1,2
T2S181486_1,［ID:181486］ 阿志神社,,,小,,,渥美郡,,,,34.6441972,137.1937389,"https://maps.google.com/?q=34.6441972,137.1937389",,,延喜式内社データベースの現社候補,KOKUGAKUIN_SHIKINAI,181486:1,2
T2S181489_1,［ID:181489］ 猪鼻湖神社,,,小,,,浜名郡,,,,34.7708361,137.5482611,"https://maps.google.com/?q=34.7708361,137.5482611",,,延喜式内社データベースの現社候補,KOKUGAKUIN_SHIKINAI,181489:1,2
T2S181492_1,［ID:181492］ 岐佐神社,,,小,,,敷智郡,,,,34.6838278,137.6109556,"https://maps.google.com/?q=34.6838278,137.6109556",,,延喜式内社データベースの現社候補,KOKUGAKUIN_SHIKINAI,181492:1,2
T2S181494_1,［ID:181494］ 津毛利神社,,,小,,,敷智郡,,,,34.6929806,137.7556083,"https://maps.google.com/?q=34.6929806,137.7556083",,,延喜式内社データベースの現社候補,KOKUGAKUIN_SHIKINAI,181494:1,2
T2S181495_1,［ID:181495］ 息神社,,,小,,,敷智郡,,,,34.6980722,137.6326056,"https://maps.google.com/?q=34.6980722,137.6326056",,,延喜式内社データベースの現社候補,KOKUGAKUIN_SHIKINAI,181495:1,2
T2S181496_1,［ID:181496］ 曽許乃御立神社,,,小,,,敷智郡,,,,34.7674889,137.6390833,"https://maps.google.com/?q=34.7674889,137.6390833",,,延喜式内社データベースの現社候補,KOKUGAKUIN_SHIKINAI,181496:1,2
T2S181497_1,［ID:181497］ 賀久留神社,,,小,,,敷智郡,,,,34.7216583,137.6723389,"https://maps.google.com/?q=34.7216583,137.6723389",,,延喜式内社データベースの現社候補,KOKUGAKUIN_SHIKINAI,181497:1,2
T2S181498_1,［ID:181498］ 渭伊神社,,,小,,,引佐郡,,,,34.8330167,137.6637389,"https://maps.google.com/?q=34.8330167,137.6637389",,,延喜式内社データベースの現社候補,KOKUGAKUIN_SHIKINAI,181498:1,2
T2S181499_1,［ID:181499］ 乎豆神社,,,小,,,引佐郡,,,,34.8136556,137.6638472,"https://maps.google.com/?q=34.8136556,137.6638472",,,延喜式内社データベースの現社候補,KOKUGAKUIN_SHIKINAI,181499:1,2
T2S181501_1,［ID:181501］ 蜂前神社,,,小,,,引佐郡,,,,34.8051083,137.6884472,"https://maps.google.com/?q=34.8051083,137.6884472",,,延喜式内社データベースの現社候補,KOKUGAKUIN_SHIKINAI,181501:1,2
T2S181502_1,［ID:181502］ 須倍神社,,,小,,,引佐郡,,,,34.8240139,137.7127278,"https://maps.google.com/?q=34.8240139,137.7127278",,,延喜式内社データベースの現社候補,KOKUGAKUIN_SHIKINAI,181502:1,2
T2S181513_1,［ID:181513］ 邑勢神社,,,小,,,長上郡,,,,34.7658333,137.7756222,"https://maps.google.com/?q=34.7658333,137.7756222",,,延喜式内社データベースの現社候補,KOKUGAKUIN_SHIKINAI,181513:1,2
T2S181514_1,［ID:181514］ 服織神社,,,小,,,長上郡,,,,34.7724167,137.8046167,"https://maps.google.com/?q=34.7724167,137.8046167",,,延喜式内社データベースの現社候補,KOKUGAKUIN_SHIKINAI,181514:1,2
T2S181518_1,［ID:181518］ 鹿苑神社,,,小,,,磐田郡,,,,34.7088083,137.8586222,"https://maps.google.com/?q=34.7088083,137.8586222",,,延喜式内社データベースの現社候補,KOKUGAKUIN_SHIKINAI,181518:1,2
T2S181519_1,［ID:181519］ 淡海国玉神社,,,小,,,磐田郡,,,,34.7277167,137.8571167,"https://maps.google.com/?q=34.7277167,137.8571167",,,延喜式内社データベースの現社候補,KOKUGAKUIN_SHIKINAI,181519:1,2
T2S181520_1,［ID:181520］ 田中神社,,,小,,,磐田郡,,,,34.7116306,137.8452806,"https://maps.google.com/?q=34.7116306,137.8452806",,,延喜式内社データベースの現社候補,KOKUGAKUIN_SHIKINAI,181520:1,2
T2S181530_1,［ID:181530］ 小国神社,,,小,,,周知郡,,,,34.8471722,137.8995111,"https://maps.google.com/?q=34.8471722,137.8995111",,,延喜式内社データベースの現社候補,KOKUGAKUIN_SHIKINAI,181530:1,2
T2S181538_1,［ID:181538］ 阿波波神社,,,小,,,佐野郡,,,,34.8414750,138.0676389,"https://maps.google.com/?q=34.8414750,138.0676389",,,延喜式内社データベースの現社候補,KOKUGAKUIN_SHIKINAI,181538:1,2
T2S181539_1,［ID:181539］ 利神社,,,小,,,佐野郡,,,,34.7666361,138.0021083,"https://maps.google.com/?q=34.7666361,138.0021083",,,延喜式内社データベースの現社候補,KOKUGAKUIN_SHIKINAI,181539:1,2
T2S181541_1,［ID:181541］ 比奈多乃神社,,,小,,,城飼郡,,,,34.7228917,138.0322667,"https://maps.google.com/?q=34.7228917,138.0322667",,,延喜式内社データベースの現社候補,KOKUGAKUIN_SHIKINAI,181541:1,2
T2S181542_1,［ID:181542］ 大楠神社,,,小,,,蓁原郡,,,,34.8176500,138.2075917,"https://maps.google.com/?q=34.8176500,138.2075917",,,延喜式内社データベースの現社候補,KOKUGAKUIN_SHIKINAI,181542:1,2
T2S181543_1,［ID:181543］ 服織田神社,,,小,,,蓁原郡,,,,34.7391056,138.2275833,"https://maps.google.com/?q=34.7391056,138.2275833",,,延喜式内社データベースの現社候補,KOKUGAKUIN_SHIKINAI,181543:1,2
T2S181544_1,［ID:181544］ 片岡神社,,,小,,,蓁原郡,,,,34.7590333,138.2551972,"https://maps.google.com/?q=34.7590333,138.2551972",,,延喜式内社データベースの現社候補,KOKUGAKUIN_SHIKINAI,181544:1,2
T2S181545_1,［ID:181545］ 飯津佐和乃神社,,,小,,,蓁原郡,,,,34.6785944,138.1964000,"https://maps.google.com/?q=34.6785944,138.1964000",,,延喜式内社データベースの現社候補,KOKUGAKUIN_SHIKINAI,181545:1,2
T2S181546_1,［ID:181546］ 敬満神社,,,名大,,,蓁原郡,,,,34.8174583,138.2039250,"https://maps.google.com/?q=34.8174583,138.2039250",,,延喜式内社データベースの現社候補,KOKUGAKUIN_SHIKINAI,181546:1,2
T2S181547_1,［ID:181547］ 神神社,,,小,,,益頭郡,,,,34.8988667,138.2966167,"https://maps.google.com/?q=34.8988667,138.2966167",,,延喜式内社データベースの現社候補,KOKUGAKUIN_SHIKINAI,181547:1,2
T2S181548_1,［ID:181548］ 飽波神社,,,小,,,益頭郡,,,,34.8700083,138.2573944,"https://maps.google.com/?q=34.8700083,138.2573944",,,延喜式内社データベースの現社候補,KOKUGAKUIN_SHIKINAI,181548:1,2
T2S181549_1,［ID:181549］ 那閉神社,,,小,,,益頭郡,,,,34.8804778,138.3360139,"https://maps.google.com/?q=34.8804778,138.3360139",,,延喜式内社データベースの現社候補,KOKUGAKUIN_SHIKINAI,181549:1,2
T2S181550_1,［ID:181550］ 焼津神社,,,小,,,益頭郡,,,,34.8649472,138.3137222,"https://maps.google.com/?q=34.8649472,138.3137222",,,延喜式内社データベースの現社候補,KOKUGAKUIN_SHIKINAI,181550:1,2
T2S181551_1,［ID:181551］ 伊河麻神社,,,小,,,有度郡,,,,34.9665389,138.3898722,"https://maps.google.com/?q=34.9665389,138.3898722",,,延喜式内社データベースの現社候補,KOKUGAKUIN_SHIKINAI,181551:1,2
T2S181552_1,［ID:181552］ 池田神社,,,小,,,有度郡,,,,34.9817944,138.4287639,"https://maps.google.com/?q=34.9817944,138.4287639",,,延喜式内社データベースの現社候補,KOKUGAKUIN_SHIKINAI,181552:1,2
T2S181553_1,［ID:181553］ 草薙神社,,,小,,,有度郡,,,,34.9945639,138.4528944,"https://maps.google.com/?q=34.9945639,138.4528944",,,延喜式内社データベースの現社候補,KOKUGAKUIN_SHIKINAI,181553:1,2
T2S181554_1,［ID:181554］ 足坏神社,,,小,,,安倍郡,,,,35.0668722,138.3264417,"https://maps.google.com/?q=35.0668722,138.3264417",,,延喜式内社データベースの現社候補,KOKUGAKUIN_SHIKINAI,181554:1,2
T2S181555_1,［ID:181555］ 神部神社,,,小,,,安倍郡,,,,34.9837583,138.3754750,"https://maps.google.com/?q=34.9837583,138.3754750",,,延喜式内社データベースの現社候補,KOKUGAKUIN_SHIKINAI,181555:1,2
T2S181556_1,［ID:181556］ 建穂神社,,,小,,,安倍郡,,,,34.9877667,138.3439389,"https://maps.google.com/?q=34.9877667,138.3439389",,,延喜式内社データベースの現社候補,KOKUGAKUIN_SHIKINAI,181556:1,2
T2S181558_1,［ID:181558］ 小梳神社,,,小,,,安倍郡,,,,34.9734833,138.3862417,"https://maps.google.com/?q=34.9734833,138.3862417",,,延喜式内社データベースの現社候補,KOKUGAKUIN_SHIKINAI,181558:1,2
T2S181559_1,［ID:181559］ 白沢神社,,,小,,,安倍郡,,,,35.0566444,138.3746556,"https://maps.google.com/?q=35.0566444,138.3746556",,,延喜式内社データベースの現社候補,KOKUGAKUIN_SHIKINAI,181559:1,2
T2S181560_1,［ID:181560］ 大歳御祖神社,,,小,,,安倍郡,,,,34.9825722,138.3751778,"https://maps.google.com/?q=34.9825722,138.3751778",,,延喜式内社データベースの現社候補,KOKUGAKUIN_SHIKINAI,181560:1,2
T2S181561_1,［ID:181561］ 御穂神社,,,小,,,廬原郡,,,,35.0000083,138.5209806,"https://maps.google.com/?q=35.0000083,138.5209806",,,延喜式内社データベースの現社候補,KOKUGAKUIN_SHIKINAI,181561:1,2
T2S181562_1,［ID:181562］ 久佐奈岐神社,,,小,,,廬原郡,,,,35.0547972,138.4862333,"https://maps.google.com/?q=35.0547972,138.4862333",,,延喜式内社データベースの現社候補,KOKUGAKUIN_SHIKINAI,181562:1,2
T2S181563_1,［ID:181563］ 豊積神社,,,小,,,廬原郡,,,,35.1052250,138.5582417,"https://maps.google.com/?q=35.1052250,138.5582417",,,延喜式内社データベースの現社候補,KOKUGAKUIN_SHIKINAI,181563:1,2
T2S181564_1,［ID:181564］ 倭文神社,,,小,,,富士郡,,,,35.2031972,138.6111333,"https://maps.google.com/?q=35.2031972,138.6111333",,,延喜式内社データベースの現社候補,KOKUGAKUIN_SHIKINAI,181564:1,2
T2S181565_1,［ID:181565］ 浅間神社,,,名大,,,富士郡,,,,35.2273944,138.6101667,"https://maps.google.com/?q=35.2273944,138.6101667",,,延喜式内社データベースの現社候補,KOKUGAKUIN_SHIKINAI,181565:1,2
T2S181566_1,［ID:181566］ 富知神社,,,小,,,富士郡,,,,35.2311861,138.6066361,"https://maps.google.com/?q=35.2311861,138.6066361",,,延喜式内社データベースの現社候補,KOKUGAKUIN_SHIKINAI,181566:1,2
T2S181569_1,［ID:181569］ 伊豆三島神社,,,名大,,,賀茂郡,,,,35.1226639,138.9187000,"https://maps.google.com/?q=35.1226639,138.9187000",,,延喜式内社データベースの現社候補,KOKUGAKUIN_SHIKINAI,181569:1,2
T2S181570_1,［ID:181570］ 波布比売命神社,,,小,,,賀茂郡,,,,34.6849139,139.4382639,"https://maps.google.com/?q=34.6849139,139.4382639",,,延喜式内社データベースの現社候補,KOKUGAKUIN_SHIKINAI,181570:1,2
T2S181572_1,［ID:181572］ 伊古奈比咩命神社,,,名大,,,賀茂郡,,,,34.6940528,138.9736139,"https://maps.google.com/?q=34.6940528,138.9736139",,,延喜式内社データベースの現社候補,KOKUGAKUIN_SHIKINAI,181572:1,2
T2S181577_1,［ID:181577］ 物忌奈命神社,,,名大,,,賀茂郡,,,,34.2085833,139.1348806,"https://maps.google.com/?q=34.2085833,139.1348806",,,延喜式内社データベースの現社候補,KOKUGAKUIN_SHIKINAI,181577:1,2
T2S181578_1,［ID:181578］ 波夜多麻和気命神社,,,小,,,賀茂郡,,,,34.7174139,138.9100833,"https://maps.google.com/?q=34.7174139,138.9100833",,,延喜式内社データベースの現社候補,KOKUGAKUIN_SHIKINAI,181578:1,2
T2S181612_1,［ID:181612］ 荒木神社,,,小,,,田方郡,,,,35.0597611,138.9417028,"https://maps.google.com/?q=35.0597611,138.9417028",,,延喜式内社データベースの現社候補,KOKUGAKUIN_SHIKINAI,181612:1,2
T2S181614_1,［ID:181614］ 軽野神社,,,小,,,田方郡,,,,34.9432806,138.9318889,"https://maps.google.com/?q=34.9432806,138.9318889",,,延喜式内社データベースの現社候補,KOKUGAKUIN_SHIKINAI,181614:1,2
T2S181617_1,［ID:181617］ 長浜神社,,,小,,,田方郡,,,,35.0186528,138.8958333,"https://maps.google.com/?q=35.0186528,138.8958333",,,延喜式内社データベースの現社候補,KOKUGAKUIN_SHIKINAI,181617:1,2
T2S181620_1,［ID:181620］ 伊加麻志神社,,,小,,,田方郡,,,,35.0067111,138.9063083,"https://maps.google.com/?q=35.0067111,138.9063083",,,延喜式内社データベースの現社候補,KOKUGAKUIN_SHIKINAI,181620:1,2
T2S181622_1,［ID:181622］ 小河泉水神社,,,小,,,田方郡,,,,35.0937556,138.9011861,"https://maps.google.com/?q=35.0937556,138.9011861",,,延喜式内社データベースの現社候補,KOKUGAKUIN_SHIKINAI,181622:1,2
T2S181625_1,［ID:181625］ 楊原神社,,,名大,,,田方郡,,,,35.0857111,138.8712889,"https://maps.google.com/?q=35.0857111,138.8712889",,,延喜式内社データベースの現社候補,KOKUGAKUIN_SHIKINAI,181625:1,2
T2S181640_1,［ID:181640］ 井田神社,,,小,,,那賀郡,,,,34.9991389,138.7841500,"https://maps.google.com/?q=34.9991389,138.7841500",,,延喜式内社データベースの現社候補,KOKUGAKUIN_SHIKINAI,181640:1,2
T2S181645_1,［ID:181645］ 宇久須神社,,,小,,,那賀郡,,,,34.8478667,138.7914389,"https://maps.google.com/?q=34.8478667,138.7914389",,,延喜式内社データベースの現社候補,KOKUGAKUIN_SHIKINAI,181645:1,2
T2S181647_1,［ID:181647］ 佐波神社,,,小,,,那賀郡,,,,34.7773083,138.7705917,"https://maps.google.com/?q=34.7773083,138.7705917",,,延喜式内社データベースの現社候補,KOKUGAKUIN_SHIKINAI,181647:1,2
T2S181649_1,［ID:181649］ 国柱命神社,,,小,,,那賀郡,,,,34.7353528,138.7777639,"https://maps.google.com/?q=34.7353528,138.7777639",,,延喜式内社データベースの現社候補,KOKUGAKUIN_SHIKINAI,181649:1,2
T2S181657_1,［ID:181657］ 物部神社,,,小,,,山梨郡,,,,35.6608361,138.6319417,"https://maps.google.com/?q=35.6608361,138.6319417",,,延喜式内社データベースの現社候補,KOKUGAKUIN_SHIKINAI,181657:1,2
T2S181659_1,［ID:181659］ 黒戸奈神社,,,小,,,山梨郡,,,,35.7454111,138.7001500,"https://maps.google.com/?q=35.7454111,138.7001500",,,延喜式内社データベースの現社候補,KOKUGAKUIN_SHIKINAI,181659:1,2
T2S181661_1,［ID:181661］ 松尾神社,,,小,,,山梨郡,,,,35.7297250,138.7178111,"https://maps.google.com/?q=35.7297250,138.7178111",,,延喜式内社データベースの現社候補,KOKUGAKUIN_SHIKINAI,181661:1,2
T2S181662_1,［ID:181662］ 玉諸神社,,,小,,,山梨郡,,,,35.7335583,138.7448222,"https://maps.google.com/?q=35.7335583,138.7448222",,,延喜式内社データベースの現社候補,KOKUGAKUIN_SHIKINAI,181662:1,2
T2S181664_1,［ID:181664］ 山梨岡神社,,,小,,,山梨郡,,,,35.6646694,138.6387722,"https://maps.google.com/?q=35.6646694,138.6387722",,,延喜式内社データベースの現社候補,KOKUGAKUIN_SHIKINAI,181664:1,2
T2S181665_1,［ID:181665］ 神部神社,,,小,,,巨麻郡,,,,35.6027806,138.4662139,"https://maps.google.com/?q=35.6027806,138.4662139",,,延喜式内社データベースの現社候補,KOKUGAKUIN_SHIKINAI,181665:1,2
T2S181671_1,［ID:181671］ 弓削神社,,,小,,,八代郡,,,,35.5581333,138.4972611,"https://maps.google.com/?q=35.5581333,138.4972611",,,延喜式内社データベースの現社候補,KOKUGAKUIN_SHIKINAI,181671:1,2
T2S181672_1,［ID:181672］ 表門神社,,,小,,,八代郡,,,,35.5654389,138.5114389,"https://maps.google.com/?q=35.5654389,138.5114389",,,延喜式内社データベースの現社候補,KOKUGAKUIN_SHIKINAI,181672:1,2
T2S181675_1,［ID:181675］ 桙衝神社,,,小,,,八代郡,,,,35.6075944,138.6357722,"https://maps.google.com/?q=35.6075944,138.6357722",,,延喜式内社データベースの現社候補,KOKUGAKUIN_SHIKINAI,181675:1,2
T2S181676_1,［ID:181676］ 寒田神社,,,小,,,足上郡,,,,35.3461389,139.1338583,"https://maps.google.com/?q=35.3461389,139.1338583",,,延喜式内社データベースの現社候補,KOKUGAKUIN_SHIKINAI,181676:1,2
T2S181677_1,［ID:181677］ 川勾神社,,,小,,,余綾郡,,,,35.3003361,139.2381167,"https://maps.google.com/?q=35.3003361,139.2381167",,,延喜式内社データベースの現社候補,KOKUGAKUIN_SHIKINAI,181677:1,2
T2S181678_1,［ID:181678］ 前鳥神社,,,小,,,大住郡,,,,35.3571333,139.3646583,"https://maps.google.com/?q=35.3571333,139.3646583",,,延喜式内社データベースの現社候補,KOKUGAKUIN_SHIKINAI,181678:1,2
T2S181679_1,［ID:181679］ 高部屋神社,,,小,,,大住郡,,,,35.4065250,139.3205194,"https://maps.google.com/?q=35.4065250,139.3205194",,,延喜式内社データベースの現社候補,KOKUGAKUIN_SHIKINAI,181679:1,2
T2S181680_1,［ID:181680］ 比比多神社,,,小,,,大住郡,,,,35.4014417,139.2839667,"https://maps.google.com/?q=35.4014417,139.2839667",,,延喜式内社データベースの現社候補,KOKUGAKUIN_SHIKINAI,181680:1,2
T2S181681_1,［ID:181681］ 阿夫利神社,,,小,,,大住郡,,,,35.4321306,139.2380750,"https://maps.google.com/?q=35.4321306,139.2380750",,,延喜式内社データベースの現社候補,KOKUGAKUIN_SHIKINAI,181681:1,2
T2S181682_1,［ID:181682］ 小野神社,,,小,,,愛甲郡,,,,35.4325028,139.3188639,"https://maps.google.com/?q=35.4325028,139.3188639",,,延喜式内社データベースの現社候補,KOKUGAKUIN_SHIKINAI,181682:1,2
T2S181684_1,［ID:181684］ 深見神社,,,小,,,高座郡,,,,35.4687778,139.4716639,"https://maps.google.com/?q=35.4687778,139.4716639",,,延喜式内社データベースの現社候補,KOKUGAKUIN_SHIKINAI,181684:1,2
T2S181685_1,［ID:181685］ 宇都母知神社,,,小,,,高座郡,,,,35.3921833,139.4215222,"https://maps.google.com/?q=35.3921833,139.4215222",,,延喜式内社データベースの現社候補,KOKUGAKUIN_SHIKINAI,181685:1,2
T2S181686_1,［ID:181686］ 寒川神社,,,名大,,,高座郡,,,,35.3797889,139.3836111,"https://maps.google.com/?q=35.3797889,139.3836111",,,延喜式内社データベースの現社候補,KOKUGAKUIN_SHIKINAI,181686:1,2
T2S181687_1,［ID:181687］ 有鹿神社,,,小,,,高座郡,,,,35.4537111,139.3773250,"https://maps.google.com/?q=35.4537111,139.3773250",,,延喜式内社データベースの現社候補,KOKUGAKUIN_SHIKINAI,181687:1,2
T2S181690_1,［ID:181690］ 磐井神社,,,小,,,荏原郡,,,,35.5851583,139.7353222,"https://maps.google.com/?q=35.5851583,139.7353222",,,延喜式内社データベースの現社候補,KOKUGAKUIN_SHIKINAI,181690:1,2
T2S181692_1,［ID:181692］ 阿伎留神社,,,小,,,多磨郡,,,,35.7253472,139.2226028,"https://maps.google.com/?q=35.7253472,139.2226028",,,延喜式内社データベースの現社候補,KOKUGAKUIN_SHIKINAI,181692:1,2
T2S181694_1,［ID:181694］ 布多天神社,,,小,,,多磨郡,,,,35.6569111,139.5458139,"https://maps.google.com/?q=35.6569111,139.5458139",,,延喜式内社データベースの現社候補,KOKUGAKUIN_SHIKINAI,181694:1,2
T2S181696_1,［ID:181696］ 阿豆佐味天神社,,,小,,,多磨郡,,,,35.7831111,139.1500750,"https://maps.google.com/?q=35.7831111,139.1500750",,,延喜式内社データベースの現社候補,KOKUGAKUIN_SHIKINAI,181696:1,2
T2S181701_1,［ID:181701］ 氷川神社,,,名大,,,足立郡,,,,35.9170361,139.6294611,"https://maps.google.com/?q=35.9170361,139.6294611",,,延喜式内社データベースの現社候補,KOKUGAKUIN_SHIKINAI,181701:1,2
T2S181702_1,［ID:181702］ 調神社,,,小,,,足立郡,,,,35.8536278,139.6555750,"https://maps.google.com/?q=35.8536278,139.6555750",,,延喜式内社データベースの現社候補,KOKUGAKUIN_SHIKINAI,181702:1,2
T2S181703_1,［ID:181703］ 多気比売神社,,,小,,,足立郡,,,,36.0322278,139.5702667,"https://maps.google.com/?q=36.0322278,139.5702667",,,延喜式内社データベースの現社候補,KOKUGAKUIN_SHIKINAI,181703:1,2
T2S181704_1,［ID:181704］ 横見神社,,,小,,,横見郡,,,,36.0528250,139.4476000,"https://maps.google.com/?q=36.0528250,139.4476000",,,延喜式内社データベースの現社候補,KOKUGAKUIN_SHIKINAI,181704:1,2
T2S181709_1,［ID:181709］ 広瀬神社,,,小,,,入間郡,,,,35.8586139,139.3890194,"https://maps.google.com/?q=35.8586139,139.3890194",,,延喜式内社データベースの現社候補,KOKUGAKUIN_SHIKINAI,181709:1,2
T2S181712_1,［ID:181712］ 前玉神社,,,小,,,埼玉郡,,,,36.1232694,139.4796861,"https://maps.google.com/?q=36.1232694,139.4796861",,,延喜式内社データベースの現社候補,KOKUGAKUIN_SHIKINAI,181712:1,2
T2S181726_1,［ID:181726］ 秩父神社,,,小,,,秩父郡,,,,35.9978750,139.0840000,"https://maps.google.com/?q=35.9978750,139.0840000",,,延喜式内社データベースの現社候補,KOKUGAKUIN_SHIKINAI,181726:1,2
T2S181731_1,［ID:181731］ 瓺・（菱＋玉）神社,,,小,,,那珂郡,,,,36.1761167,139.1571139,"https://maps.google.com/?q=36.1761167,139.1571139",,,延喜式内社データベースの現社候補,KOKUGAKUIN_SHIKINAI,181731:1,2
T2S181732_1,［ID:181732］ 安房坐神社,,,名大,,,安房郡,,,,34.9222250,139.8365806,"https://maps.google.com/?q=34.9222250,139.8365806",,,延喜式内社データベースの現社候補,KOKUGAKUIN_SHIKINAI,181732:1,2
T2S181738_1,［ID:181738］ 玉前神社,,,名大,,,埴生郡,,,,35.3762583,140.3605278,"https://maps.google.com/?q=35.3762583,140.3605278",,,延喜式内社データベースの現社候補,KOKUGAKUIN_SHIKINAI,181738:1,2
T2S181740_1,［ID:181740］ 島穴神社,,,小,,,海上郡,,,,35.4947500,140.0679806,"https://maps.google.com/?q=35.4947500,140.0679806",,,延喜式内社データベースの現社候補,KOKUGAKUIN_SHIKINAI,181740:1,2
T2S181741_1,［ID:181741］ 姉埼神社,,,小,,,海上郡,,,,35.4734083,140.0483583,"https://maps.google.com/?q=35.4734083,140.0483583",,,延喜式内社データベースの現社候補,KOKUGAKUIN_SHIKINAI,181741:1,2
T2S181742_1,［ID:181742］ 飫富神社,,,小,,,望陀郡,,,,35.4209250,139.9853750,"https://maps.google.com/?q=35.4209250,139.9853750",,,延喜式内社データベースの現社候補,KOKUGAKUIN_SHIKINAI,181742:1,2
T2S181743_1,［ID:181743］ 香取神宮,,,名大,,,香取郡,,,,35.8862056,140.5285167,"https://maps.google.com/?q=35.8862056,140.5285167",,,延喜式内社データベースの現社候補,KOKUGAKUIN_SHIKINAI,181743:1,2
T2S181745_1,［ID:181745］ 蘇賀比咩神社,,,小,,,千葉郡,,,,35.5727944,140.1299611,"https://maps.google.com/?q=35.5727944,140.1299611",,,延喜式内社データベースの現社候補,KOKUGAKUIN_SHIKINAI,181745:1,2
T2S181746_1,［ID:181746］ 老尾神社,,,小,,,匝瑳郡,,,,35.7083361,140.5449806,"https://maps.google.com/?q=35.7083361,140.5449806",,,延喜式内社データベースの現社候補,KOKUGAKUIN_SHIKINAI,181746:1,2
T2S181747_1,［ID:181747］ 麻賀多神社,,,小,,,印播郡,,,,35.7707917,140.2763611,"https://maps.google.com/?q=35.7707917,140.2763611",,,延喜式内社データベースの現社候補,KOKUGAKUIN_SHIKINAI,181747:1,2
T2S181748_1,［ID:181748］ 高椅神社,,,小,,,結城郡,,,,36.3375972,139.8920639,"https://maps.google.com/?q=36.3375972,139.8920639",,,延喜式内社データベースの現社候補,KOKUGAKUIN_SHIKINAI,181748:1,2
T2S181750_1,［ID:181750］ 桑原神社,,,小,,,岡田郡,,,,36.1328611,139.9434667,"https://maps.google.com/?q=36.1328611,139.9434667",,,延喜式内社データベースの現社候補,KOKUGAKUIN_SHIKINAI,181750:1,2
T2S181752_1,［ID:181752］ 意富比神社,,,小,,,葛餝郡,,,,35.6963639,139.9928806,"https://maps.google.com/?q=35.6963639,139.9928806",,,延喜式内社データベースの現社候補,KOKUGAKUIN_SHIKINAI,181752:1,2
T2S181754_1,［ID:181754］ 鹿島神宮,,,名大,,,鹿島郡,,,,35.9687833,140.6315389,"https://maps.google.com/?q=35.9687833,140.6315389",,,延喜式内社データベースの現社候補,KOKUGAKUIN_SHIKINAI,181754:1,2
T2S181755_1,［ID:181755］ 大洗礒前薬師菩薩明神社,,,名大,,,鹿島郡,,,,36.3159056,140.5872222,"https://maps.google.com/?q=36.3159056,140.5872222",,,延喜式内社データベースの現社候補,KOKUGAKUIN_SHIKINAI,181755:1,2
T2S181756_1,［ID:181756］ 大国玉神社,,,小,,,真壁郡,,,,36.3278306,140.0741667,"https://maps.google.com/?q=36.3278306,140.0741667",,,延喜式内社データベースの現社候補,KOKUGAKUIN_SHIKINAI,181756:1,2
T2S181757_1,［ID:181757］ 楯縫神社,,,小,,,信太郡,,,,36.0132833,140.3030556,"https://maps.google.com/?q=36.0132833,140.3030556",,,延喜式内社データベースの現社候補,KOKUGAKUIN_SHIKINAI,181757:1,2
T2S181759_1,［ID:181759］ 長幡部神社,,,小,,,久慈郡,,,,36.5361278,140.5453389,"https://maps.google.com/?q=36.5361278,140.5453389",,,延喜式内社データベースの現社候補,KOKUGAKUIN_SHIKINAI,181759:1,2
T2S181760_1,［ID:181760］ 薩都神社,,,小,,,久慈郡,,,,36.5686306,140.5386639,"https://maps.google.com/?q=36.5686306,140.5386639",,,延喜式内社データベースの現社候補,KOKUGAKUIN_SHIKINAI,181760:1,2
T2S181761_1,［ID:181761］ 天之志良波神社,,,小,,,久慈郡,,,,36.5724500,140.5508111,"https://maps.google.com/?q=36.5724500,140.5508111",,,延喜式内社データベースの現社候補,KOKUGAKUIN_SHIKINAI,181761:1,2
T2S181763_1,［ID:181763］ 静神社,,,名大,,,久慈郡,,,,36.5021389,140.4222000,"https://maps.google.com/?q=36.5021389,140.4222000",,,延喜式内社データベースの現社候補,KOKUGAKUIN_SHIKINAI,181763:1,2
T2S181767_1,［ID:181767］ 大井神社,,,小,,,那賀郡,,,,36.4245333,140.4145000,"https://maps.google.com/?q=36.4245333,140.4145000",,,延喜式内社データベースの現社候補,KOKUGAKUIN_SHIKINAI,181767:1,2
T2S181768_1,［ID:181768］ 青山神社,,,小,,,那賀郡,,,,36.4752500,140.3579278,"https://maps.google.com/?q=36.4752500,140.3579278",,,延喜式内社データベースの現社候補,KOKUGAKUIN_SHIKINAI,181768:1,2
T2S181769_1,［ID:181769］ 吉田神社,,,名大,,,那賀郡,,,,36.3619083,140.4822417,"https://maps.google.com/?q=36.3619083,140.4822417",,,延喜式内社データベースの現社候補,KOKUGAKUIN_SHIKINAI,181769:1,2
T2S181770_1,［ID:181770］ 阿波山上神社,,,小,,,那賀郡,,,,36.5194917,140.3628167,"https://maps.google.com/?q=36.5194917,140.3628167",,,延喜式内社データベースの現社候補,KOKUGAKUIN_SHIKINAI,181770:1,2
T2S181771_1,［ID:181771］ 酒烈礒前薬師菩薩神社,,,名大,,,那賀郡,,,,36.3823167,140.6237194,"https://maps.google.com/?q=36.3823167,140.6237194",,,延喜式内社データベースの現社候補,KOKUGAKUIN_SHIKINAI,181771:1,2
T2S181772_1,［ID:181772］ 藤内神社,,,小,,,那賀郡,,,,36.4459444,140.4020806,"https://maps.google.com/?q=36.4459444,140.4020806",,,延喜式内社データベースの現社候補,KOKUGAKUIN_SHIKINAI,181772:1,2
T2S181773_1,［ID:181773］ 石船神社,,,小,,,那賀郡,,,,36.5201500,140.3339806,"https://maps.google.com/?q=36.5201500,140.3339806",,,延喜式内社データベースの現社候補,KOKUGAKUIN_SHIKINAI,181773:1,2
T2S181774_1,［ID:181774］ 稲田神社,,,名大,,,新治郡,,,,36.3686361,140.2064194,"https://maps.google.com/?q=36.3686361,140.2064194",,,延喜式内社データベースの現社候補,KOKUGAKUIN_SHIKINAI,181774:1,2
T2S181776_1,［ID:181776］ 鴨大神御子神主神社,,,小,,,新治郡,,,,36.3507556,140.1597917,"https://maps.google.com/?q=36.3507556,140.1597917",,,延喜式内社データベースの現社候補,KOKUGAKUIN_SHIKINAI,181776:1,2
T2S181778_1,［ID:181778］ 羽梨山神社,,,小,,,茨城郡,,,,36.3067667,140.2469861,"https://maps.google.com/?q=36.3067667,140.2469861",,,延喜式内社データベースの現社候補,KOKUGAKUIN_SHIKINAI,181778:1,2
T2S181779_1,［ID:181779］ 主石神社,,,小,,,茨城郡,,,,36.2066000,140.4379528,"https://maps.google.com/?q=36.2066000,140.4379528",,,延喜式内社データベースの現社候補,KOKUGAKUIN_SHIKINAI,181779:1,2
T2S181781_1,［ID:181781］ 那波加神社,,,小,,,滋賀郡,,,,35.0837083,135.8895806,"https://maps.google.com/?q=35.0837083,135.8895806",,,延喜式内社データベースの現社候補,KOKUGAKUIN_SHIKINAI,181781:1,2
T2S181787_1,［ID:181787］ 小椋神社,,,小,,,滋賀郡,,,,35.1089333,135.8751472,"https://maps.google.com/?q=35.1089333,135.8751472",,,延喜式内社データベースの現社候補,KOKUGAKUIN_SHIKINAI,181787:1,2
T2S181790_1,［ID:181790］ 小槻大社,,,小,,,栗太郡,,,,35.0067472,135.9925611,"https://maps.google.com/?q=35.0067472,135.9925611",,,延喜式内社データベースの現社候補,KOKUGAKUIN_SHIKINAI,181790:1,2
T2S181791_1,［ID:181791］ 小槻神社,,,小,,,栗太郡,,,,35.0010500,135.9773472,"https://maps.google.com/?q=35.0010500,135.9773472",,,延喜式内社データベースの現社候補,KOKUGAKUIN_SHIKINAI,181791:1,2
T2S181792_1,［ID:181792］ 高野神社,,,小,,,栗太郡,,,,35.0354583,136.0186111,"https://maps.google.com/?q=35.0354583,136.0186111",,,延喜式内社データベースの現社候補,KOKUGAKUIN_SHIKINAI,181792:1,2
T2S181793_1,［ID:181793］ 印岐志呂神社,,,小,,,栗太郡,,,,35.0564889,135.9513278,"https://maps.google.com/?q=35.0564889,135.9513278",,,延喜式内社データベースの現社候補,KOKUGAKUIN_SHIKINAI,181793:1,2
T2S181795_1,［ID:181795］ 建部神社,,,名大,,,栗太郡,,,,34.9736111,135.9135000,"https://maps.google.com/?q=34.9736111,135.9135000",,,延喜式内社データベースの現社候補,KOKUGAKUIN_SHIKINAI,181795:1,2
T2S181796_1,［ID:181796］ 矢川神社,,,小,,,甲賀郡,,,,34.9351667,136.1631722,"https://maps.google.com/?q=34.9351667,136.1631722",,,延喜式内社データベースの現社候補,KOKUGAKUIN_SHIKINAI,181796:1,2
T2S181797_1,［ID:181797］ 水口神社,,,小,,,甲賀郡,,,,34.9675861,136.1675083,"https://maps.google.com/?q=34.9675861,136.1675083",,,延喜式内社データベースの現社候補,KOKUGAKUIN_SHIKINAI,181797:1,2
T2S181801_1,［ID:181801］ 川枯神社,,,小,,,甲賀郡,,,,34.9513833,136.1971167,"https://maps.google.com/?q=34.9513833,136.1971167",,,延喜式内社データベースの現社候補,KOKUGAKUIN_SHIKINAI,181801:1,2
T2S181802_1,［ID:181802］ 御上神社,,,名大,,,野洲郡,,,,35.0498083,136.0273889,"https://maps.google.com/?q=35.0498083,136.0273889",,,延喜式内社データベースの現社候補,KOKUGAKUIN_SHIKINAI,181802:1,2
T2S181803_1,［ID:181803］ 小津神社,,,小,,,野洲郡,,,,35.0731389,135.9593917,"https://maps.google.com/?q=35.0731389,135.9593917",,,延喜式内社データベースの現社候補,KOKUGAKUIN_SHIKINAI,181803:1,2
T2S181804_1,［ID:181804］ 下新川神社,,,小,,,野洲郡,,,,35.1083861,135.9838889,"https://maps.google.com/?q=35.1083861,135.9838889",,,延喜式内社データベースの現社候補,KOKUGAKUIN_SHIKINAI,181804:1,2
T2S181805_1,［ID:181805］ 兵主神社,,,名大,,,野洲郡,,,,35.1153361,136.0101361,"https://maps.google.com/?q=35.1153361,136.0101361",,,延喜式内社データベースの現社候補,KOKUGAKUIN_SHIKINAI,181805:1,2
T2S181808_1,［ID:181808］ 馬路石辺神社,,,小,,,野洲郡,,,,35.0602417,135.9996833,"https://maps.google.com/?q=35.0602417,135.9996833",,,延喜式内社データベースの現社候補,KOKUGAKUIN_SHIKINAI,181808:1,2
T2S181810_1,［ID:181810］ 大島神社,,,小,,,蒲生郡,,,,35.1706917,136.0815083,"https://maps.google.com/?q=35.1706917,136.0815083",,,延喜式内社データベースの現社候補,KOKUGAKUIN_SHIKINAI,181810:1,2
T2S181811_1,［ID:181811］ 奥石神社,,,小,,,蒲生郡,,,,35.1301722,136.1617722,"https://maps.google.com/?q=35.1301722,136.1617722",,,延喜式内社データベースの現社候補,KOKUGAKUIN_SHIKINAI,181811:1,2
T2S181813_1,［ID:181813］ 大屋神社,,,小,,,蒲生郡,,,,35.0461917,136.2958639,"https://maps.google.com/?q=35.0461917,136.2958639",,,延喜式内社データベースの現社候補,KOKUGAKUIN_SHIKINAI,181813:1,2
T2S181814_1,［ID:181814］ 比都佐神社,,,小,,,蒲生郡,,,,35.0074972,136.2280222,"https://maps.google.com/?q=35.0074972,136.2280222",,,延喜式内社データベースの現社候補,KOKUGAKUIN_SHIKINAI,181814:1,2
T2S181816_1,［ID:181816］ 沙沙貴神社,,,小,,,蒲生郡,,,,35.1368139,136.1344361,"https://maps.google.com/?q=35.1368139,136.1344361",,,延喜式内社データベースの現社候補,KOKUGAKUIN_SHIKINAI,181816:1,2
T2S181820_1,［ID:181820］ 乎加神社,,,小,,,神崎郡,,,,35.1769556,136.1842917,"https://maps.google.com/?q=35.1769556,136.1842917",,,延喜式内社データベースの現社候補,KOKUGAKUIN_SHIKINAI,181820:1,2
T2S181823_1,［ID:181823］ 石部神社,,,小,,,愛智郡,,,,35.1827778,136.2165778,"https://maps.google.com/?q=35.1827778,136.2165778",,,延喜式内社データベースの現社候補,KOKUGAKUIN_SHIKINAI,181823:1,2
T2S181824_1,［ID:181824］ 阿自岐神社,,,小,,,犬上郡,,,,35.2122917,136.2278250,"https://maps.google.com/?q=35.2122917,136.2278250",,,延喜式内社データベースの現社候補,KOKUGAKUIN_SHIKINAI,181824:1,2
T2S181826_1,［ID:181826］ 日向神社,,,小,,,犬上郡,,,,35.2256528,136.2889833,"https://maps.google.com/?q=35.2256528,136.2889833",,,延喜式内社データベースの現社候補,KOKUGAKUIN_SHIKINAI,181826:1,2
T2S181827_1,［ID:181827］ 都恵神社,,,小,,,犬上郡,,,,35.2414917,136.2444667,"https://maps.google.com/?q=35.2414917,136.2444667",,,延喜式内社データベースの現社候補,KOKUGAKUIN_SHIKINAI,181827:1,2
T2S181828_1,［ID:181828］ 山田神社,,,小,,,犬上郡,,,,35.2413194,136.2856278,"https://maps.google.com/?q=35.2413194,136.2856278",,,延喜式内社データベースの現社候補,KOKUGAKUIN_SHIKINAI,181828:1,2
T2S181829_1,［ID:181829］ 山田神社,,,小,,,坂田郡,,,,35.2900083,136.2800583,"https://maps.google.com/?q=35.2900083,136.2800583",,,延喜式内社データベースの現社候補,KOKUGAKUIN_SHIKINAI,181829:1,2
T2S181830_1,［ID:181830］ 日撫神社,,,小,,,坂田郡,,,,35.3399278,136.3089333,"https://maps.google.com/?q=35.3399278,136.3089333",,,延喜式内社データベースの現社候補,KOKUGAKUIN_SHIKINAI,181830:1,2
T2S181831_1,［ID:181831］ 伊夫伎神社,,,小,,,坂田郡,,,,35.4025750,136.3766278,"https://maps.google.com/?q=35.4025750,136.3766278",,,延喜式内社データベースの現社候補,KOKUGAKUIN_SHIKINAI,181831:1,2
T2S181836_1,［ID:181836］ 波久奴神社,,,小,,,浅井郡,,,,35.4545167,136.2906361,"https://maps.google.com/?q=35.4545167,136.2906361",,,延喜式内社データベースの現社候補,KOKUGAKUIN_SHIKINAI,181836:1,2
T2S181838_1,［ID:181838］ 下塩津神社,,,小,,,浅井郡,,,,35.5551778,136.1524472,"https://maps.google.com/?q=35.5551778,136.1524472",,,延喜式内社データベースの現社候補,KOKUGAKUIN_SHIKINAI,181838:1,2
T2S181841_1,［ID:181841］ 片山神社,,,小,,,浅井郡,,,,35.4559389,136.2001028,"https://maps.google.com/?q=35.4559389,136.2001028",,,延喜式内社データベースの現社候補,KOKUGAKUIN_SHIKINAI,181841:1,2
T2S181843_1,［ID:181843］ 麻蘇多神社,,,小,,,浅井郡,,,,35.4260861,136.2175694,"https://maps.google.com/?q=35.4260861,136.2175694",,,延喜式内社データベースの現社候補,KOKUGAKUIN_SHIKINAI,181843:1,2
T2S181846_1,［ID:181846］ 都久夫須麻神社,,,小,,,浅井郡,,,,35.4206167,136.1441917,"https://maps.google.com/?q=35.4206167,136.1441917",,,延喜式内社データベースの現社候補,KOKUGAKUIN_SHIKINAI,181846:1,2
T2S181847_1,［ID:181847］ 伊香具神社,,,名大,,,伊香郡,,,,35.5048806,136.2020917,"https://maps.google.com/?q=35.5048806,136.2020917",,,延喜式内社データベースの現社候補,KOKUGAKUIN_SHIKINAI,181847:1,2
T2S181849_1,［ID:181849］ 神前神社,,,小,,,伊香郡,,,,35.5018167,136.2574778,"https://maps.google.com/?q=35.5018167,136.2574778",,,延喜式内社データベースの現社候補,KOKUGAKUIN_SHIKINAI,181849:1,2
T2S181850_1,［ID:181850］ 大沢神社,,,小,,,伊香郡,,,,35.5144083,136.2096694,"https://maps.google.com/?q=35.5144083,136.2096694",,,延喜式内社データベースの現社候補,KOKUGAKUIN_SHIKINAI,181850:1,2
T2S181851_1,［ID:181851］ 天八百列神社,,,小,,,伊香郡,,,,35.4594333,136.2082167,"https://maps.google.com/?q=35.4594333,136.2082167",,,延喜式内社データベースの現社候補,KOKUGAKUIN_SHIKINAI,181851:1,2
T2S181853_1,［ID:181853］ 走落神社,,,小,,,伊香郡,,,,35.4708889,136.2523139,"https://maps.google.com/?q=35.4708889,136.2523139",,,延喜式内社データベースの現社候補,KOKUGAKUIN_SHIKINAI,181853:1,2
T2S181858_1,［ID:181858］ 阿加穂神社,,,小,,,伊香郡,,,,35.4874861,136.2021861,"https://maps.google.com/?q=35.4874861,136.2021861",,,延喜式内社データベースの現社候補,KOKUGAKUIN_SHIKINAI,181858:1,2
T2S181860_1,［ID:181860］ 等波神社,,,小,,,伊香郡,,,,35.4963389,136.2368583,"https://maps.google.com/?q=35.4963389,136.2368583",,,延喜式内社データベースの現社候補,KOKUGAKUIN_SHIKINAI,181860:1,2
T2S181863_1,［ID:181863］ 兵主神社,,,小,,,伊香郡,,,,35.4849972,136.2207972,"https://maps.google.com/?q=35.4849972,136.2207972",,,延喜式内社データベースの現社候補,KOKUGAKUIN_SHIKINAI,181863:1,2
T2S181864_1,［ID:181864］ 赤見神社,,,小,,,伊香郡,,,,35.4778667,136.2114611,"https://maps.google.com/?q=35.4778667,136.2114611",,,延喜式内社データベースの現社候補,KOKUGAKUIN_SHIKINAI,181864:1,2
T2S181866_1,［ID:181866］ 桜椅神社,,,小,,,伊香郡,,,,35.4899222,136.2146444,"https://maps.google.com/?q=35.4899222,136.2146444",,,延喜式内社データベースの現社候補,KOKUGAKUIN_SHIKINAI,181866:1,2
T2S181867_1,［ID:181867］ 甘櫟前神社,,,小,,,伊香郡,,,,35.4506222,136.2108222,"https://maps.google.com/?q=35.4506222,136.2108222",,,延喜式内社データベースの現社候補,KOKUGAKUIN_SHIKINAI,181867:1,2
T2S181869_1,［ID:181869］ 椿神社,,,小,,,伊香郡,,,,35.4965083,136.2556639,"https://maps.google.com/?q=35.4965083,136.2556639",,,延喜式内社データベースの現社候補,KOKUGAKUIN_SHIKINAI,181869:1,2
T2S181870_1,［ID:181870］ 佐波加刀神社,,,小,,,伊香郡,,,,35.5184889,136.2470278,"https://maps.google.com/?q=35.5184889,136.2470278",,,延喜式内社データベースの現社候補,KOKUGAKUIN_SHIKINAI,181870:1,2
T2S181872_1,［ID:181872］ 与志漏神社,,,小,,,伊香郡,,,,35.5079583,136.2511694,"https://maps.google.com/?q=35.5079583,136.2511694",,,延喜式内社データベースの現社候補,KOKUGAKUIN_SHIKINAI,181872:1,2
T2S181873_1,［ID:181873］ 布勢立石神社,,,小,,,伊香郡,,,,35.4826583,136.2027583,"https://maps.google.com/?q=35.4826583,136.2027583",,,延喜式内社データベースの現社候補,KOKUGAKUIN_SHIKINAI,181873:1,2
T2S181876_1,［ID:181876］ 玉作神社,,,小,,,伊香郡,,,,35.4931000,136.2253472,"https://maps.google.com/?q=35.4931000,136.2253472",,,延喜式内社データベースの現社候補,KOKUGAKUIN_SHIKINAI,181876:1,2
T2S181878_1,［ID:181878］ 伊波太岐神社,,,小,,,伊香郡,,,,35.5124250,136.2594639,"https://maps.google.com/?q=35.5124250,136.2594639",,,延喜式内社データベースの現社候補,KOKUGAKUIN_SHIKINAI,181878:1,2
T2S181879_1,［ID:181879］ 高野神社,,,小,,,伊香郡,,,,35.4913000,136.2593917,"https://maps.google.com/?q=35.4913000,136.2593917",,,延喜式内社データベースの現社候補,KOKUGAKUIN_SHIKINAI,181879:1,2
T2S181880_1,［ID:181880］ 鉛練日古神社,,,小,,,伊香郡,,,,35.5422778,136.2091444,"https://maps.google.com/?q=35.5422778,136.2091444",,,延喜式内社データベースの現社候補,KOKUGAKUIN_SHIKINAI,181880:1,2
T2S181882_1,［ID:181882］ 黒田神社,,,小,,,伊香郡,,,,35.5142250,136.2140833,"https://maps.google.com/?q=35.5142250,136.2140833",,,延喜式内社データベースの現社候補,KOKUGAKUIN_SHIKINAI,181882:1,2
T2S181884_1,［ID:181884］ 神高槻神社,,,小,,,伊香郡,,,,35.4698611,136.2394472,"https://maps.google.com/?q=35.4698611,136.2394472",,,延喜式内社データベースの現社候補,KOKUGAKUIN_SHIKINAI,181884:1,2
T2S181886_1,［ID:181886］ 天比比岐命神社,,,小,,,伊香郡,,,,35.4958639,136.2610333,"https://maps.google.com/?q=35.4958639,136.2610333",,,延喜式内社データベースの現社候補,KOKUGAKUIN_SHIKINAI,181886:1,2
T2S181887_1,［ID:181887］ 草岡神社,,,小,,,伊香郡,,,,35.5549778,136.1914806,"https://maps.google.com/?q=35.5549778,136.1914806",,,延喜式内社データベースの現社候補,KOKUGAKUIN_SHIKINAI,181887:1,2
T2S181888_1,［ID:181888］ 意太神社,,,小,,,伊香郡,,,,35.5046472,136.1987639,"https://maps.google.com/?q=35.5046472,136.1987639",,,延喜式内社データベースの現社候補,KOKUGAKUIN_SHIKINAI,181888:1,2
T2S181892_1,［ID:181892］ 水尾神社,,,名大,,,高島郡,,,,35.3065944,135.9882278,"https://maps.google.com/?q=35.3065944,135.9882278",,,延喜式内社データベースの現社候補,KOKUGAKUIN_SHIKINAI,181892:1,2
T2S181897_1,［ID:181897］ 箕島神社,,,小,,,高島郡,,,,35.3254472,136.0177750,"https://maps.google.com/?q=35.3254472,136.0177750",,,延喜式内社データベースの現社候補,KOKUGAKUIN_SHIKINAI,181897:1,2
T2S181908_1,［ID:181908］ 坂本神社,,,小,,,高島郡,,,,35.4811639,136.0494056,"https://maps.google.com/?q=35.4811639,136.0494056",,,延喜式内社データベースの現社候補,KOKUGAKUIN_SHIKINAI,181908:1,2
T2S181909_1,［ID:181909］ 大処神社,,,小,,,高島郡,,,,35.4619972,136.0278139,"https://maps.google.com/?q=35.4619972,136.0278139",,,延喜式内社データベースの現社候補,KOKUGAKUIN_SHIKINAI,181909:1,2
T2S181910_1,［ID:181910］ 麻希神社,,,小,,,高島郡,,,,35.4851139,136.0348806,"https://maps.google.com/?q=35.4851139,136.0348806",,,延喜式内社データベースの現社候補,KOKUGAKUIN_SHIKINAI,181910:1,2
T2S181911_1,［ID:181911］ 弓削神社,,,小,,,高島郡,,,,35.4138500,135.9881611,"https://maps.google.com/?q=35.4138500,135.9881611",,,延喜式内社データベースの現社候補,KOKUGAKUIN_SHIKINAI,181911:1,2
T2S181912_1,［ID:181912］ 志呂志神社,,,小,,,高島郡,,,,35.3178389,136.0136500,"https://maps.google.com/?q=35.3178389,136.0136500",,,延喜式内社データベースの現社候補,KOKUGAKUIN_SHIKINAI,181912:1,2
T2S181913_1,［ID:181913］ 波爾布神社,,,小,,,高島郡,,,,35.3854500,136.0212250,"https://maps.google.com/?q=35.3854500,136.0212250",,,延喜式内社データベースの現社候補,KOKUGAKUIN_SHIKINAI,181913:1,2
T2S181919_1,［ID:181919］ 三重生神社,,,小,,,高島郡,,,,35.3439472,136.0094083,"https://maps.google.com/?q=35.3439472,136.0094083",,,延喜式内社データベースの現社候補,KOKUGAKUIN_SHIKINAI,181919:1,2
T2S181921_1,［ID:181921］ 長田神社,,,小,,,高島郡,,,,35.3065139,136.0073250,"https://maps.google.com/?q=35.3065139,136.0073250",,,延喜式内社データベースの現社候補,KOKUGAKUIN_SHIKINAI,181921:1,2
T2S181923_1,［ID:181923］ 多伎神社,,,小,,,多芸郡,,,,35.3135278,136.5501028,"https://maps.google.com/?q=35.3135278,136.5501028",,,延喜式内社データベースの現社候補,KOKUGAKUIN_SHIKINAI,181923:1,2
T2S181924_1,［ID:181924］ 大神神社,,,小,,,多芸郡,,,,35.2860444,136.4670139,"https://maps.google.com/?q=35.2860444,136.4670139",,,延喜式内社データベースの現社候補,KOKUGAKUIN_SHIKINAI,181924:1,2
T2S181926_1,［ID:181926］ 久久美雄彦神社,,,小,,,多芸郡,,,,35.3231611,136.5231028,"https://maps.google.com/?q=35.3231611,136.5231028",,,延喜式内社データベースの現社候補,KOKUGAKUIN_SHIKINAI,181926:1,2
T2S181928_1,［ID:181928］ 大領神社,,,小,,,不破郡,,,,35.3597917,136.5302611,"https://maps.google.com/?q=35.3597917,136.5302611",,,延喜式内社データベースの現社候補,KOKUGAKUIN_SHIKINAI,181928:1,2
T2S181929_1,［ID:181929］ 伊富岐神社,,,小,,,不破郡,,,,35.3771389,136.4947583,"https://maps.google.com/?q=35.3771389,136.4947583",,,延喜式内社データベースの現社候補,KOKUGAKUIN_SHIKINAI,181929:1,2
T2S181930_1,［ID:181930］ 養基神社,,,小,,,池田郡,,,,35.4614000,136.5607889,"https://maps.google.com/?q=35.4614000,136.5607889",,,延喜式内社データベースの現社候補,KOKUGAKUIN_SHIKINAI,181930:1,2
T2S181932_1,［ID:181932］ 加毛神社,,,小,,,安八郡,,,,35.2733694,136.6494611,"https://maps.google.com/?q=35.2733694,136.6494611",,,延喜式内社データベースの現社候補,KOKUGAKUIN_SHIKINAI,181932:1,2
T2S181936_1,［ID:181936］ 花長下神社,,,小,,,大野郡,,,,35.5138861,136.5948444,"https://maps.google.com/?q=35.5138861,136.5948444",,,延喜式内社データベースの現社候補,KOKUGAKUIN_SHIKINAI,181936:1,2
T2S181939_1,［ID:181939］ 若江神社,,,小,,,方県郡,,,,35.4470861,136.7043667,"https://maps.google.com/?q=35.4470861,136.7043667",,,延喜式内社データベースの現社候補,KOKUGAKUIN_SHIKINAI,181939:1,2
T2S181941_1,［ID:181941］ 茜部神社,,,小,,,厚見郡,,,,35.3749472,136.7516972,"https://maps.google.com/?q=35.3749472,136.7516972",,,延喜式内社データベースの現社候補,KOKUGAKUIN_SHIKINAI,181941:1,2
T2S181943_1,［ID:181943］ 伊波乃西神社,,,小,,,各務郡,,,,35.4471500,136.8351583,"https://maps.google.com/?q=35.4471500,136.8351583",,,延喜式内社データベースの現社候補,KOKUGAKUIN_SHIKINAI,181943:1,2
T2S181945_1,［ID:181945］ 飛鳥田神社,,,小,,,各務郡,,,,35.4260750,136.8748972,"https://maps.google.com/?q=35.4260750,136.8748972",,,延喜式内社データベースの現社候補,KOKUGAKUIN_SHIKINAI,181945:1,2
T2S181946_1,［ID:181946］ 村国真墨田神社,,,小,,,各務郡,,,,35.3988361,136.9417972,"https://maps.google.com/?q=35.3988361,136.9417972",,,延喜式内社データベースの現社候補,KOKUGAKUIN_SHIKINAI,181946:1,2
T2S181947_1,［ID:181947］ 加佐美神社,,,小,,,各務郡,,,,35.4226278,136.8654861,"https://maps.google.com/?q=35.4226278,136.8654861",,,延喜式内社データベースの現社候補,KOKUGAKUIN_SHIKINAI,181947:1,2
T2S181948_1,［ID:181948］ 御井神社,,,小,,,各務郡,,,,35.3896806,136.8375278,"https://maps.google.com/?q=35.3896806,136.8375278",,,延喜式内社データベースの現社候補,KOKUGAKUIN_SHIKINAI,181948:1,2
T2S181949_1,［ID:181949］ 県主神社,,,小,,,賀茂郡,,,,35.4524139,137.0002639,"https://maps.google.com/?q=35.4524139,137.0002639",,,延喜式内社データベースの現社候補,KOKUGAKUIN_SHIKINAI,181949:1,2
T2S181950_1,［ID:181950］ 坂祝神社,,,小,,,賀茂郡,,,,35.4383972,136.9878694,"https://maps.google.com/?q=35.4383972,136.9878694",,,延喜式内社データベースの現社候補,KOKUGAKUIN_SHIKINAI,181950:1,2
T2S181952_1,［ID:181952］ 太部神社,,,小,,,賀茂郡,,,,35.4965528,137.0782306,"https://maps.google.com/?q=35.4965528,137.0782306",,,延喜式内社データベースの現社候補,KOKUGAKUIN_SHIKINAI,181952:1,2
T2S181953_1,［ID:181953］ 阿夫志奈神社,,,小,,,賀茂郡,,,,35.5070944,137.0809778,"https://maps.google.com/?q=35.5070944,137.0809778",,,延喜式内社データベースの現社候補,KOKUGAKUIN_SHIKINAI,181953:1,2
T2S181954_1,［ID:181954］ 神田神社,,,小,,,賀茂郡,,,,35.6437194,137.3241139,"https://maps.google.com/?q=35.6437194,137.3241139",,,延喜式内社データベースの現社候補,KOKUGAKUIN_SHIKINAI,181954:1,2
T2S181955_1,［ID:181955］ 佐久太神社,,,小,,,賀茂郡,,,,35.4850861,136.9937389,"https://maps.google.com/?q=35.4850861,136.9937389",,,延喜式内社データベースの現社候補,KOKUGAKUIN_SHIKINAI,181955:1,2
T2S181956_1,［ID:181956］ 多為神社,,,小,,,賀茂郡,,,,35.4538111,136.9449278,"https://maps.google.com/?q=35.4538111,136.9449278",,,延喜式内社データベースの現社候補,KOKUGAKUIN_SHIKINAI,181956:1,2
T2S181957_1,［ID:181957］ 中山神社,,,小,,,賀茂郡,,,,35.4747639,137.0816722,"https://maps.google.com/?q=35.4747639,137.0816722",,,延喜式内社データベースの現社候補,KOKUGAKUIN_SHIKINAI,181957:1,2
T2S181959_1,［ID:181959］ 中川神社,,,小,,,恵奈郡,,,,35.5069028,137.5054861,"https://maps.google.com/?q=35.5069028,137.5054861",,,延喜式内社データベースの現社候補,KOKUGAKUIN_SHIKINAI,181959:1,2
T2S181961_1,［ID:181961］ 水無神社,,,小,,,大野郡,,,,36.0852306,137.2519500,"https://maps.google.com/?q=36.0852306,137.2519500",,,延喜式内社データベースの現社候補,KOKUGAKUIN_SHIKINAI,181961:1,2
T2S181962_1,［ID:181962］ 槻本神社,,,小,,,大野郡,,,,36.1610000,137.3185139,"https://maps.google.com/?q=36.1610000,137.3185139",,,延喜式内社データベースの現社候補,KOKUGAKUIN_SHIKINAI,181962:1,2
T2S181963_1,［ID:181963］ 荏名神社,,,小,,,大野郡,,,,36.1355639,137.2704028,"https://maps.google.com/?q=36.1355639,137.2704028",,,延喜式内社データベースの現社候補,KOKUGAKUIN_SHIKINAI,181963:1,2
T2S181964_1,［ID:181964］ 大津神社,,,小,,,荒城郡,,,,36.3345472,137.2944083,"https://maps.google.com/?q=36.3345472,137.2944083",,,延喜式内社データベースの現社候補,KOKUGAKUIN_SHIKINAI,181964:1,2
T2S181965_1,［ID:181965］ 荒城神社,,,小,,,荒城郡,,,,36.2188361,137.2594250,"https://maps.google.com/?q=36.2188361,137.2594250",,,延喜式内社データベースの現社候補,KOKUGAKUIN_SHIKINAI,181965:1,2
T2S181966_1,［ID:181966］ 高田神社,,,小,,,荒城郡,,,,36.2566056,137.1727833,"https://maps.google.com/?q=36.2566056,137.1727833",,,延喜式内社データベースの現社候補,KOKUGAKUIN_SHIKINAI,181966:1,2
T2S181967_1,［ID:181967］ 阿多由太神社,,,小,,,荒城郡,,,,36.2208750,137.2178083,"https://maps.google.com/?q=36.2208750,137.2178083",,,延喜式内社データベースの現社候補,KOKUGAKUIN_SHIKINAI,181967:1,2
T2S181968_1,［ID:181968］ 栗原神社,,,小,,,荒城郡,,,,36.2860306,137.3721917,"https://maps.google.com/?q=36.2860306,137.3721917",,,延喜式内社データベースの現社候補,KOKUGAKUIN_SHIKINAI,181968:1,2
T2S181972_1,［ID:181972］ 岡田神社,,,小,,,筑摩郡,,,,36.2681250,137.9730278,"https://maps.google.com/?q=36.2681250,137.9730278",,,延喜式内社データベースの現社候補,KOKUGAKUIN_SHIKINAI,181972:1,2
T2S181973_1,［ID:181973］ 沙田神社,,,小,,,筑摩郡,,,,36.2210389,137.9425556,"https://maps.google.com/?q=36.2210389,137.9425556",,,延喜式内社データベースの現社候補,KOKUGAKUIN_SHIKINAI,181973:1,2
T2S181976_1,［ID:181976］ 川会神社,,,小,,,安曇郡,,,,36.3810000,137.8775639,"https://maps.google.com/?q=36.3810000,137.8775639",,,延喜式内社データベースの現社候補,KOKUGAKUIN_SHIKINAI,181976:1,2
T2S181978_1,［ID:181978］ 波閉科神社,,,小,,,更級郡,,,,36.4759556,138.1407333,"https://maps.google.com/?q=36.4759556,138.1407333",,,延喜式内社データベースの現社候補,KOKUGAKUIN_SHIKINAI,181978:1,2
T2S181979_1,［ID:181979］ 佐良志奈神社,,,小,,,更級郡,,,,36.4874028,138.1419944,"https://maps.google.com/?q=36.4874028,138.1419944",,,延喜式内社データベースの現社候補,KOKUGAKUIN_SHIKINAI,181979:1,2
T2S181980_1,［ID:181980］ 当信神社,,,小,,,更級郡,,,,36.5535444,137.9348306,"https://maps.google.com/?q=36.5535444,137.9348306",,,延喜式内社データベースの現社候補,KOKUGAKUIN_SHIKINAI,181980:1,2
T2S181988_1,［ID:181988］ 美和神社,,,小,,,水内郡,,,,36.6630694,138.2031278,"https://maps.google.com/?q=36.6630694,138.2031278",,,延喜式内社データベースの現社候補,KOKUGAKUIN_SHIKINAI,181988:1,2
T2S181989_1,［ID:181989］ 伊豆毛神社,,,小,,,水内郡,,,,36.7142889,138.2785083,"https://maps.google.com/?q=36.7142889,138.2785083",,,延喜式内社データベースの現社候補,KOKUGAKUIN_SHIKINAI,181989:1,2
T2S181990_1,［ID:181990］ 妻科神社,,,小,,,水内郡,,,,36.6536111,138.1790222,"https://maps.google.com/?q=36.6536111,138.1790222",,,延喜式内社データベースの現社候補,KOKUGAKUIN_SHIKINAI,181990:1,2
T2S181994_1,［ID:181994］ 風間神社,,,小,,,水内郡,,,,36.6333278,138.2201278,"https://maps.google.com/?q=36.6333278,138.2201278",,,延喜式内社データベースの現社候補,KOKUGAKUIN_SHIKINAI,181994:1,2
T2S182000_1,［ID:182000］ 笠原神社,,,小,,,高井郡,,,,36.7789250,138.3596722,"https://maps.google.com/?q=36.7789250,138.3596722",,,延喜式内社データベースの現社候補,KOKUGAKUIN_SHIKINAI,182000:1,2
T2S182001_1,［ID:182001］ 小坂神社,,,小,,,高井郡,,,,36.6317194,138.2840583,"https://maps.google.com/?q=36.6317194,138.2840583",,,延喜式内社データベースの現社候補,KOKUGAKUIN_SHIKINAI,182001:1,2
T2S182003_1,［ID:182003］ 粟狭神社,,,小,,,埴科郡,,,,36.5365333,138.1195500,"https://maps.google.com/?q=36.5365333,138.1195500",,,延喜式内社データベースの現社候補,KOKUGAKUIN_SHIKINAI,182003:1,2
T2S182004_1,［ID:182004］ 坂城神社,,,小,,,埴科郡,,,,36.4697250,138.1803722,"https://maps.google.com/?q=36.4697250,138.1803722",,,延喜式内社データベースの現社候補,KOKUGAKUIN_SHIKINAI,182004:1,2
T2S182005_1,［ID:182005］ 中村神社,,,小,,,埴科郡,,,,36.5497472,138.1997222,"https://maps.google.com/?q=36.5497472,138.1997222",,,延喜式内社データベースの現社候補,KOKUGAKUIN_SHIKINAI,182005:1,2
T2S182006_1,［ID:182006］ 玉依比売命神社,,,小,,,埴科郡,,,,36.5653639,138.2159194,"https://maps.google.com/?q=36.5653639,138.2159194",,,延喜式内社データベースの現社候補,KOKUGAKUIN_SHIKINAI,182006:1,2
T2S182008_1,［ID:182008］ 生島足島神社,,,名大,,,小県郡,,,,36.3605222,138.2180278,"https://maps.google.com/?q=36.3605222,138.2180278",,,延喜式内社データベースの現社候補,KOKUGAKUIN_SHIKINAI,182008:1,2
T2S182012_1,［ID:182012］ 英多神社,,,小,,,佐久郡,,,,36.2652250,138.5150222,"https://maps.google.com/?q=36.2652250,138.5150222",,,延喜式内社データベースの現社候補,KOKUGAKUIN_SHIKINAI,182012:1,2
T2S182013_1,［ID:182013］ 長倉神社,,,小,,,佐久郡,,,,36.3502861,138.5951028,"https://maps.google.com/?q=36.3502861,138.5951028",,,延喜式内社データベースの現社候補,KOKUGAKUIN_SHIKINAI,182013:1,2
T2S182014_1,［ID:182014］ 大伴神社,,,小,,,佐久郡,,,,36.2665472,138.3601861,"https://maps.google.com/?q=36.2665472,138.3601861",,,延喜式内社データベースの現社候補,KOKUGAKUIN_SHIKINAI,182014:1,2
T2S182015_1,［ID:182015］ 小祝神社,,,小,,,片岡郡,,,,36.3120139,139.0010139,"https://maps.google.com/?q=36.3120139,139.0010139",,,延喜式内社データベースの現社候補,KOKUGAKUIN_SHIKINAI,182015:1,2
T2S182016_1,［ID:182016］ 貫前神社,,,名大,,,甘楽郡,,,,36.2551417,138.8578750,"https://maps.google.com/?q=36.2551417,138.8578750",,,延喜式内社データベースの現社候補,KOKUGAKUIN_SHIKINAI,182016:1,2
T2S182017_1,［ID:182017］ 宇芸神社,,,小,,,甘楽郡,,,,36.2460361,138.8334000,"https://maps.google.com/?q=36.2460361,138.8334000",,,延喜式内社データベースの現社候補,KOKUGAKUIN_SHIKINAI,182017:1,2
T2S182018_1,［ID:182018］ 伊加保神社,,,名大,,,群馬郡,,,,36.4960583,138.9158361,"https://maps.google.com/?q=36.4960583,138.9158361",,,延喜式内社データベースの現社候補,KOKUGAKUIN_SHIKINAI,182018:1,2
T2S182019_1,［ID:182019］ 榛名神社,,,小,,,群馬郡,,,,36.4542361,138.8501611,"https://maps.google.com/?q=36.4542361,138.8501611",,,延喜式内社データベースの現社候補,KOKUGAKUIN_SHIKINAI,182019:1,2
T2S182022_1,［ID:182022］ 賀茂神社,,,小,,,山田郡,,,,36.3710167,139.3491556,"https://maps.google.com/?q=36.3710167,139.3491556",,,延喜式内社データベースの現社候補,KOKUGAKUIN_SHIKINAI,182022:1,2
T2S182023_1,［ID:182023］ 美和神社,,,小,,,山田郡,,,,36.4177389,139.3397833,"https://maps.google.com/?q=36.4177389,139.3397833",,,延喜式内社データベースの現社候補,KOKUGAKUIN_SHIKINAI,182023:1,2
T2S182024_1,［ID:182024］ 火雷神社,,,小,,,那波郡,,,,36.3028139,139.1515083,"https://maps.google.com/?q=36.3028139,139.1515083",,,延喜式内社データベースの現社候補,KOKUGAKUIN_SHIKINAI,182024:1,2
T2S182025_1,［ID:182025］ 委文神社,,,小,,,那波郡,,,,36.3112139,139.1512611,"https://maps.google.com/?q=36.3112139,139.1512611",,,延喜式内社データベースの現社候補,KOKUGAKUIN_SHIKINAI,182025:1,2
T2S182026_1,［ID:182026］ 大国神社,,,小,,,佐位郡,,,,36.3003250,139.2499861,"https://maps.google.com/?q=36.3003250,139.2499861",,,延喜式内社データベースの現社候補,KOKUGAKUIN_SHIKINAI,182026:1,2
T2S182028_1,［ID:182028］ 大前神社,,,小,,,都賀郡,,,,36.2761639,139.6513417,"https://maps.google.com/?q=36.2761639,139.6513417",,,延喜式内社データベースの現社候補,KOKUGAKUIN_SHIKINAI,182028:1,2
T2S182031_1,［ID:182031］ 大前神社,,,小,,,芳賀郡,,,,36.4493917,140.0260028,"https://maps.google.com/?q=36.4493917,140.0260028",,,延喜式内社データベースの現社候補,KOKUGAKUIN_SHIKINAI,182031:1,2
T2S182032_1,［ID:182032］ 荒樫神社,,,小,,,芳賀郡,,,,36.5389972,140.1907000,"https://maps.google.com/?q=36.5389972,140.1907000",,,延喜式内社データベースの現社候補,KOKUGAKUIN_SHIKINAI,182032:1,2
T2S182033_1,［ID:182033］ 健武山神社,,,小,,,那須郡,,,,36.7498250,140.1947694,"https://maps.google.com/?q=36.7498250,140.1947694",,,延喜式内社データベースの現社候補,KOKUGAKUIN_SHIKINAI,182033:1,2
T2S182034_1,［ID:182034］ 温泉神社,,,小,,,那須郡,,,,37.1000306,139.9991750,"https://maps.google.com/?q=37.1000306,139.9991750",,,延喜式内社データベースの現社候補,KOKUGAKUIN_SHIKINAI,182034:1,2
T2S182035_1,［ID:182035］ 三和神社,,,小,,,那須郡,,,,36.7599028,140.1114861,"https://maps.google.com/?q=36.7599028,140.1114861",,,延喜式内社データベースの現社候補,KOKUGAKUIN_SHIKINAI,182035:1,2
T2S182036_1,［ID:182036］ 阿房神社,,,小,,,寒川郡,,,,36.2907833,139.7834722,"https://maps.google.com/?q=36.2907833,139.7834722",,,延喜式内社データベースの現社候補,KOKUGAKUIN_SHIKINAI,182036:1,2
T2S182039_1,［ID:182039］ 伊波止和気神社,,,小,,,白河郡,,,,37.1014028,140.5283111,"https://maps.google.com/?q=37.1014028,140.5283111",,,延喜式内社データベースの現社候補,KOKUGAKUIN_SHIKINAI,182039:1,2
T2S182041_1,［ID:182041］ 八溝嶺神社,,,小,,,白河郡,,,,36.9300528,140.2730389,"https://maps.google.com/?q=36.9300528,140.2730389",,,延喜式内社データベースの現社候補,KOKUGAKUIN_SHIKINAI,182041:1,2
T2S182042_1,［ID:182042］ 飯豊比売神社,,,小,,,白河郡,,,,37.1872583,140.1951861,"https://maps.google.com/?q=37.1872583,140.1951861",,,延喜式内社データベースの現社候補,KOKUGAKUIN_SHIKINAI,182042:1,2
T2S182043_1,［ID:182043］ 永倉神社,,,小,,,白河郡,,,,37.1477611,140.1965750,"https://maps.google.com/?q=37.1477611,140.1965750",,,延喜式内社データベースの現社候補,KOKUGAKUIN_SHIKINAI,182043:1,2
T2S182044_1,［ID:182044］ 石都都古和気神社,,,小,,,白河郡,,,,37.1450528,140.4510194,"https://maps.google.com/?q=37.1450528,140.4510194",,,延喜式内社データベースの現社候補,KOKUGAKUIN_SHIKINAI,182044:1,2
T2S182048_1,［ID:182048］ 伊豆佐売神社,,,小,,,宮城郡,,,,38.3222278,140.9638000,"https://maps.google.com/?q=38.3222278,140.9638000",,,延喜式内社データベースの現社候補,KOKUGAKUIN_SHIKINAI,182048:1,2
T2S182049_1,［ID:182049］ 志波彦神社,,,名大,,,宮城郡,,,,38.3191194,141.0127250,"https://maps.google.com/?q=38.3191194,141.0127250",,,延喜式内社データベースの現社候補,KOKUGAKUIN_SHIKINAI,182049:1,2
T2S182050_1,［ID:182050］ 鼻節神社,,,名大,,,宮城郡,,,,38.2959806,141.0849250,"https://maps.google.com/?q=38.2959806,141.0849250",,,延喜式内社データベースの現社候補,KOKUGAKUIN_SHIKINAI,182050:1,2
T2S182054_1,［ID:182054］ 鹿島天足別神社,,,小,,,黒川郡,,,,38.3674806,140.9271972,"https://maps.google.com/?q=38.3674806,140.9271972",,,延喜式内社データベースの現社候補,KOKUGAKUIN_SHIKINAI,182054:1,2
T2S182056_1,［ID:182056］ 飯豊神社,,,小,,,賀美郡,,,,38.5677889,140.7804944,"https://maps.google.com/?q=38.5677889,140.7804944",,,延喜式内社データベースの現社候補,KOKUGAKUIN_SHIKINAI,182056:1,2
T2S182057_1,［ID:182057］ 賀美石神社,,,小,,,賀美郡,,,,38.6077056,140.7919389,"https://maps.google.com/?q=38.6077056,140.7919389",,,延喜式内社データベースの現社候補,KOKUGAKUIN_SHIKINAI,182057:1,2
T2S182058_1,［ID:182058］ 伊達神社,,,名大,,,色麻郡,,,,38.5451556,140.8510972,"https://maps.google.com/?q=38.5451556,140.8510972",,,延喜式内社データベースの現社候補,KOKUGAKUIN_SHIKINAI,182058:1,2
T2S182059_1,［ID:182059］ 温泉神社,,,小,,,玉造郡,,,,38.7406750,140.7164389,"https://maps.google.com/?q=38.7406750,140.7164389",,,延喜式内社データベースの現社候補,KOKUGAKUIN_SHIKINAI,182059:1,2
T2S182061_1,［ID:182061］ 温泉石神社,,,小,,,玉造郡,,,,38.7303778,140.7680444,"https://maps.google.com/?q=38.7303778,140.7680444",,,延喜式内社データベースの現社候補,KOKUGAKUIN_SHIKINAI,182061:1,2
T2S182064_1,［ID:182064］ 安福河伯神社,,,小,,,曰理郡,,,,38.0763667,140.8428611,"https://maps.google.com/?q=38.0763667,140.8428611",,,延喜式内社データベースの現社候補,KOKUGAKUIN_SHIKINAI,182064:1,2
T2S182065_1,［ID:182065］ 鹿島天足和気神社,,,小,,,曰理郡,,,,38.0422278,140.8434500,"https://maps.google.com/?q=38.0422278,140.8434500",,,延喜式内社データベースの現社候補,KOKUGAKUIN_SHIKINAI,182065:1,2
T2S182068_1,［ID:182068］ 東屋沼神社,,,名大,,,信夫郡,,,,37.8054861,140.4429361,"https://maps.google.com/?q=37.8054861,140.4429361",,,延喜式内社データベースの現社候補,KOKUGAKUIN_SHIKINAI,182068:1,2
T2S182069_1,［ID:182069］ 東屋国神社,,,小,,,信夫郡,,,,37.8293861,140.4393278,"https://maps.google.com/?q=37.8293861,140.4393278",,,延喜式内社データベースの現社候補,KOKUGAKUIN_SHIKINAI,182069:1,2
T2S182070_1,［ID:182070］ 白和瀬神社,,,小,,,信夫郡,,,,37.7956667,140.3912139,"https://maps.google.com/?q=37.7956667,140.3912139",,,延喜式内社データベースの現社候補,KOKUGAKUIN_SHIKINAI,182070:1,2
T2S182072_1,［ID:182072］ 大国魂神社,,,小,,,磐城郡,,,,37.0524722,140.9400139,"https://maps.google.com/?q=37.0524722,140.9400139",,,延喜式内社データベースの現社候補,KOKUGAKUIN_SHIKINAI,182072:1,2
T2S182073_1,［ID:182073］ 二俣神社,,,小,,,磐城郡,,,,37.1056333,140.8743028,"https://maps.google.com/?q=37.1056333,140.8743028",,,延喜式内社データベースの現社候補,KOKUGAKUIN_SHIKINAI,182073:1,2
T2S182074_1,［ID:182074］ 温泉神社,,,小,,,磐城郡,,,,37.0082028,140.8453972,"https://maps.google.com/?q=37.0082028,140.8453972",,,延喜式内社データベースの現社候補,KOKUGAKUIN_SHIKINAI,182074:1,2
T2S182075_1,［ID:182075］ 佐麻久嶺神社,,,小,,,磐城郡,,,,37.0357028,140.9127333,"https://maps.google.com/?q=37.0357028,140.9127333",,,延喜式内社データベースの現社候補,KOKUGAKUIN_SHIKINAI,182075:1,2
T2S182076_1,［ID:182076］ 住吉神社,,,小,,,磐城郡,,,,36.9747167,140.8830278,"https://maps.google.com/?q=36.9747167,140.8830278",,,延喜式内社データベースの現社候補,KOKUGAKUIN_SHIKINAI,182076:1,2
T2S182077_1,［ID:182077］ 鹿島神社,,,小,,,磐城郡,,,,37.0127972,140.9074778,"https://maps.google.com/?q=37.0127972,140.9074778",,,延喜式内社データベースの現社候補,KOKUGAKUIN_SHIKINAI,182077:1,2
T2S182078_1,［ID:182078］ 子鍬倉神社,,,小,,,磐城郡,,,,37.0567361,140.8859778,"https://maps.google.com/?q=37.0567361,140.8859778",,,延喜式内社データベースの現社候補,KOKUGAKUIN_SHIKINAI,182078:1,2
T2S182079_1,［ID:182079］ 芻野神社,,,小,,,標葉郡,,,,37.4806694,141.0394611,"https://maps.google.com/?q=37.4806694,141.0394611",,,延喜式内社データベースの現社候補,KOKUGAKUIN_SHIKINAI,182079:1,2
T2S182080_1,［ID:182080］ 零羊埼神社,,,名大,,,牡鹿郡,,,,38.4398528,141.3416500,"https://maps.google.com/?q=38.4398528,141.3416500",,,延喜式内社データベースの現社候補,KOKUGAKUIN_SHIKINAI,182080:1,2
T2S182083_1,［ID:182083］ 曽波神社,,,小,,,牡鹿郡,,,,38.4598389,141.2874417,"https://maps.google.com/?q=38.4598389,141.2874417",,,延喜式内社データベースの現社候補,KOKUGAKUIN_SHIKINAI,182083:1,2
T2S182084_1,［ID:182084］ 拝幣志神社,,,名大,,,牡鹿郡,,,,38.4296528,141.3137250,"https://maps.google.com/?q=38.4296528,141.3137250",,,延喜式内社データベースの現社候補,KOKUGAKUIN_SHIKINAI,182084:1,2
T2S182086_1,［ID:182086］ 大島神社,,,小,,,牡鹿郡,,,,38.4339361,141.3113611,"https://maps.google.com/?q=38.4339361,141.3113611",,,延喜式内社データベースの現社候補,KOKUGAKUIN_SHIKINAI,182086:1,2
T2S182087_1,［ID:182087］ 鹿島御児神社,,,小,,,牡鹿郡,,,,38.4241944,141.3081667,"https://maps.google.com/?q=38.4241944,141.3081667",,,延喜式内社データベースの現社候補,KOKUGAKUIN_SHIKINAI,182087:1,2
T2S182088_1,［ID:182088］ 久集比奈神社,,,小,,,牡鹿郡,,,,38.4993639,141.3574111,"https://maps.google.com/?q=38.4993639,141.3574111",,,延喜式内社データベースの現社候補,KOKUGAKUIN_SHIKINAI,182088:1,2
T2S182091_1,［ID:182091］ 日高見神社,,,小,,,桃生郡,,,,38.5556250,141.2794500,"https://maps.google.com/?q=38.5556250,141.2794500",,,延喜式内社データベースの現社候補,KOKUGAKUIN_SHIKINAI,182091:1,2
T2S182096_1,［ID:182096］ 高座神社,,,小,,,行方郡,,,,37.6268472,140.9207972,"https://maps.google.com/?q=37.6268472,140.9207972",,,延喜式内社データベースの現社候補,KOKUGAKUIN_SHIKINAI,182096:1,2
T2S182097_1,［ID:182097］ 日祭神社,,,小,,,行方郡,,,,37.6073472,141.0056611,"https://maps.google.com/?q=37.6073472,141.0056611",,,延喜式内社データベースの現社候補,KOKUGAKUIN_SHIKINAI,182097:1,2
T2S182099_1,［ID:182099］ 御刀神社,,,小,,,行方郡,,,,37.7014972,140.9902528,"https://maps.google.com/?q=37.7014972,140.9902528",,,延喜式内社データベースの現社候補,KOKUGAKUIN_SHIKINAI,182099:1,2
T2S182101_1,［ID:182101］ 益多嶺神社,,,小,,,行方郡,,,,37.5735250,141.0027750,"https://maps.google.com/?q=37.5735250,141.0027750",,,延喜式内社データベースの現社候補,KOKUGAKUIN_SHIKINAI,182101:1,2
T2S182110_1,［ID:182110］ 遠流志別石神社,,,小,,,栗原郡,,,,38.7597111,141.1870806,"https://maps.google.com/?q=38.7597111,141.1870806",,,延喜式内社データベースの現社候補,KOKUGAKUIN_SHIKINAI,182110:1,2
T2S182111_1,［ID:182111］ 磐神社,,,小,,,胆沢郡,,,,39.0411722,141.0528583,"https://maps.google.com/?q=39.0411722,141.0528583",,,延喜式内社データベースの現社候補,KOKUGAKUIN_SHIKINAI,182111:1,2
T2S182112_1,［ID:182112］ 駒形神社,,,小,,,胆沢郡,,,,39.1366139,141.1380139,"https://maps.google.com/?q=39.1366139,141.1380139",,,延喜式内社データベースの現社候補,KOKUGAKUIN_SHIKINAI,182112:1,2
T2S182114_1,［ID:182114］ 石手堰神社,,,小,,,胆沢郡,,,,39.1021361,141.1919528,"https://maps.google.com/?q=39.1021361,141.1919528",,,延喜式内社データベースの現社候補,KOKUGAKUIN_SHIKINAI,182114:1,2
T2S182115_1,［ID:182115］ 胆沢川神社,,,小,,,胆沢郡,,,,39.1298667,141.0305361,"https://maps.google.com/?q=39.1298667,141.0305361",,,延喜式内社データベースの現社候補,KOKUGAKUIN_SHIKINAI,182115:1,2
T2S182116_1,［ID:182116］ 止止井神社,,,小,,,胆沢郡,,,,39.0669639,141.1440694,"https://maps.google.com/?q=39.0669639,141.1440694",,,延喜式内社データベースの現社候補,KOKUGAKUIN_SHIKINAI,182116:1,2
T2S182119_1,［ID:182119］ 桙衝神社,,,小,,,磐瀬郡,,,,37.2709306,140.2615000,"https://maps.google.com/?q=37.2709306,140.2615000",,,延喜式内社データベースの現社候補,KOKUGAKUIN_SHIKINAI,182119:1,2
T2S182120_1,［ID:182120］ 伊佐須美神社,,,名大,,,会津郡,,,,37.4569000,139.8407167,"https://maps.google.com/?q=37.4569000,139.8407167",,,延喜式内社データベースの現社候補,KOKUGAKUIN_SHIKINAI,182120:1,2
T2S182121_1,［ID:182121］ 蚕養国神社,,,小,,,会津郡,,,,37.5041556,139.9392972,"https://maps.google.com/?q=37.5041556,139.9392972",,,延喜式内社データベースの現社候補,KOKUGAKUIN_SHIKINAI,182121:1,2
T2S182122_1,［ID:182122］ 黄金山神社,,,小,,,小田郡,,,,38.5598972,141.1392222,"https://maps.google.com/?q=38.5598972,141.1392222",,,延喜式内社データベースの現社候補,KOKUGAKUIN_SHIKINAI,182122:1,2
T2S182123_1,［ID:182123］ 磐掎神社,,,小,,,磨郡,,,,37.5711361,140.1049222,"https://maps.google.com/?q=37.5711361,140.1049222",,,延喜式内社データベースの現社候補,KOKUGAKUIN_SHIKINAI,182123:1,2
T2S182124_1,［ID:182124］ 志賀理和気神社,,,小,,,斯波郡,,,,39.5473139,141.1743583,"https://maps.google.com/?q=39.5473139,141.1743583",,,延喜式内社データベースの現社候補,KOKUGAKUIN_SHIKINAI,182124:1,2
T2S182128_1,［ID:182128］ 宇奈己呂和気神社,,,名大,,,安積郡,,,,37.3598556,140.2884861,"https://maps.google.com/?q=37.3598556,140.2884861",,,延喜式内社データベースの現社候補,KOKUGAKUIN_SHIKINAI,182128:1,2
T2S182131_1,［ID:182131］ 大高山神社,,,名大,,,柴田郡,,,,38.0383500,140.6996667,"https://maps.google.com/?q=38.0383500,140.6996667",,,延喜式内社データベースの現社候補,KOKUGAKUIN_SHIKINAI,182131:1,2
T2S182132_1,［ID:182132］ 子負嶺神社,,,名大,,,宇多郡,,,,37.8523167,140.8961306,"https://maps.google.com/?q=37.8523167,140.8961306",,,延喜式内社データベースの現社候補,KOKUGAKUIN_SHIKINAI,182132:1,2
T2S182133_1,［ID:182133］ 熱日高彦神社,,,小,,,伊具郡,,,,37.9377194,140.8329417,"https://maps.google.com/?q=37.9377194,140.8329417",,,延喜式内社データベースの現社候補,KOKUGAKUIN_SHIKINAI,182133:1,2
T2S182134_1,［ID:182134］ 鳥屋嶺神社,,,小,,,伊具郡,,,,37.9159194,140.7678750,"https://maps.google.com/?q=37.9159194,140.7678750",,,延喜式内社データベースの現社候補,KOKUGAKUIN_SHIKINAI,182134:1,2
T2S182135_1,［ID:182135］ 配志和神社,,,小,,,磐井郡,,,,38.9429250,141.1229500,"https://maps.google.com/?q=38.9429250,141.1229500",,,延喜式内社データベースの現社候補,KOKUGAKUIN_SHIKINAI,182135:1,2
T2S182136_1,［ID:182136］ 儛草神社,,,小,,,磐井郡,,,,38.9828917,141.1646750,"https://maps.google.com/?q=38.9828917,141.1646750",,,延喜式内社データベースの現社候補,KOKUGAKUIN_SHIKINAI,182136:1,2
T2S182137_1,［ID:182137］ 鎮岡神社,,,小,,,江刺郡,,,,39.1737167,141.1934417,"https://maps.google.com/?q=39.1737167,141.1934417",,,延喜式内社データベースの現社候補,KOKUGAKUIN_SHIKINAI,182137:1,2
T2S182140_1,［ID:182140］ 月山神社,,,名大,,,飽海郡,,,,38.5486944,140.0269611,"https://maps.google.com/?q=38.5486944,140.0269611",,,延喜式内社データベースの現社候補,KOKUGAKUIN_SHIKINAI,182140:1,2
T2S182142_1,［ID:182142］ 由豆佐売神社,,,小,,,田川郡,,,,38.6941278,139.7680583,"https://maps.google.com/?q=38.6941278,139.7680583",,,延喜式内社データベースの現社候補,KOKUGAKUIN_SHIKINAI,182142:1,2
T2S182145_1,［ID:182145］ 波宇志別神社,,,小,,,平鹿郡,,,,39.3711111,140.3101250,"https://maps.google.com/?q=39.3711111,140.3101250",,,延喜式内社データベースの現社候補,KOKUGAKUIN_SHIKINAI,182145:1,2
T2S182147_1,［ID:182147］ 多太神社,,,小,,,遠敷郡,,,,35.4814306,135.7679611,"https://maps.google.com/?q=35.4814306,135.7679611",,,延喜式内社データベースの現社候補,KOKUGAKUIN_SHIKINAI,182147:1,2
T2S182149_1,［ID:182149］ 小浴神社,,,小,,,遠敷郡,,,,35.4749139,135.7861889,"https://maps.google.com/?q=35.4749139,135.7861889",,,延喜式内社データベースの現社候補,KOKUGAKUIN_SHIKINAI,182149:1,2
T2S182150_1,［ID:182150］ 石・（木＋安）比古神社,,,小,,,遠敷郡,,,,35.5032333,135.8639556,"https://maps.google.com/?q=35.5032333,135.8639556",,,延喜式内社データベースの現社候補,KOKUGAKUIN_SHIKINAI,182150:1,2
T2S182151_1,［ID:182151］ 石（木＋安）比売神社,,,小,,,遠敷郡,,,,35.4981889,135.8779778,"https://maps.google.com/?q=35.4981889,135.8779778",,,延喜式内社データベースの現社候補,KOKUGAKUIN_SHIKINAI,182151:1,2
T2S182152_1,［ID:182152］ 椎村神社,,,小,,,遠敷郡,,,,35.5386278,135.7388361,"https://maps.google.com/?q=35.5386278,135.7388361",,,延喜式内社データベースの現社候補,KOKUGAKUIN_SHIKINAI,182152:1,2
T2S182153_1,［ID:182153］ 波古神社,,,小,,,遠敷郡,,,,35.4790333,135.8538083,"https://maps.google.com/?q=35.4790333,135.8538083",,,延喜式内社データベースの現社候補,KOKUGAKUIN_SHIKINAI,182153:1,2
T2S182154_1,［ID:182154］ 久須夜神社,,,小,,,遠敷郡,,,,35.5408528,135.7257583,"https://maps.google.com/?q=35.5408528,135.7257583",,,延喜式内社データベースの現社候補,KOKUGAKUIN_SHIKINAI,182154:1,2
T2S182155_1,［ID:182155］ 弥和神社,,,小,,,遠敷郡,,,,35.4878722,135.8195833,"https://maps.google.com/?q=35.4878722,135.8195833",,,延喜式内社データベースの現社候補,KOKUGAKUIN_SHIKINAI,182155:1,2
T2S182156_1,［ID:182156］ 丹生神社,,,小,,,遠敷郡,,,,35.4985917,135.7930472,"https://maps.google.com/?q=35.4985917,135.7930472",,,延喜式内社データベースの現社候補,KOKUGAKUIN_SHIKINAI,182156:1,2
T2S182157_1,［ID:182157］ 阿奈志神社,,,小,,,遠敷郡,,,,35.5220389,135.7742639,"https://maps.google.com/?q=35.5220389,135.7742639",,,延喜式内社データベースの現社候補,KOKUGAKUIN_SHIKINAI,182157:1,2
T2S182158_1,［ID:182158］ 曽尾神社,,,小,,,遠敷郡,,,,35.5006583,135.7817333,"https://maps.google.com/?q=35.5006583,135.7817333",,,延喜式内社データベースの現社候補,KOKUGAKUIN_SHIKINAI,182158:1,2
T2S182160_1,［ID:182160］ 苅田比古神社,,,小,,,遠敷郡,,,,35.3996250,135.6750833,"https://maps.google.com/?q=35.3996250,135.6750833",,,延喜式内社データベースの現社候補,KOKUGAKUIN_SHIKINAI,182160:1,2
T2S182161_1,［ID:182161］ 苅田比売神社,,,小,,,遠敷郡,,,,35.4083528,135.6514028,"https://maps.google.com/?q=35.4083528,135.6514028",,,延喜式内社データベースの現社候補,KOKUGAKUIN_SHIKINAI,182161:1,2
T2S182162_1,［ID:182162］ 青海神社,,,小,,,大飯郡,,,,35.4877306,135.5106889,"https://maps.google.com/?q=35.4877306,135.5106889",,,延喜式内社データベースの現社候補,KOKUGAKUIN_SHIKINAI,182162:1,2
T2S182164_1,［ID:182164］ 香山神社,,,小,,,大飯郡,,,,35.4822611,135.6024389,"https://maps.google.com/?q=35.4822611,135.6024389",,,延喜式内社データベースの現社候補,KOKUGAKUIN_SHIKINAI,182164:1,2
T2S182165_1,［ID:182165］ 静志神社,,,小,,,大飯郡,,,,35.4466306,135.5967639,"https://maps.google.com/?q=35.4466306,135.5967639",,,延喜式内社データベースの現社候補,KOKUGAKUIN_SHIKINAI,182165:1,2
T2S182166_1,［ID:182166］ 日置神社,,,小,,,大飯郡,,,,35.4847667,135.5134222,"https://maps.google.com/?q=35.4847667,135.5134222",,,延喜式内社データベースの現社候補,KOKUGAKUIN_SHIKINAI,182166:1,2
T2S182167_1,［ID:182167］ 大飯神社,,,小,,,大飯郡,,,,35.4612417,135.6251333,"https://maps.google.com/?q=35.4612417,135.6251333",,,延喜式内社データベースの現社候補,KOKUGAKUIN_SHIKINAI,182167:1,2
T2S182168_1,［ID:182168］ 佐伎治神社,,,小,,,大飯郡,,,,35.4837917,135.5519500,"https://maps.google.com/?q=35.4837917,135.5519500",,,延喜式内社データベースの現社候補,KOKUGAKUIN_SHIKINAI,182168:1,2
T2S182169_1,［ID:182169］ 須可麻神社,,,小,,,三方郡,,,,35.6557306,135.9767083,"https://maps.google.com/?q=35.6557306,135.9767083",,,延喜式内社データベースの現社候補,KOKUGAKUIN_SHIKINAI,182169:1,2
T2S182170_1,［ID:182170］ 御方神社,,,小,,,三方郡,,,,35.5614889,135.9124889,"https://maps.google.com/?q=35.5614889,135.9124889",,,延喜式内社データベースの現社候補,KOKUGAKUIN_SHIKINAI,182170:1,2
T2S182171_1,［ID:182171］ 伊牟移神社,,,小,,,三方郡,,,,35.5998139,135.9404917,"https://maps.google.com/?q=35.5998139,135.9404917",,,延喜式内社データベースの現社候補,KOKUGAKUIN_SHIKINAI,182171:1,2
T2S182172_1,［ID:182172］ 多由比神社,,,小,,,三方郡,,,,35.5593250,135.8665167,"https://maps.google.com/?q=35.5593250,135.8665167",,,延喜式内社データベースの現社候補,KOKUGAKUIN_SHIKINAI,182172:1,2
T2S182173_1,［ID:182173］ 丹生神社,,,小,,,三方郡,,,,35.7106667,135.9752667,"https://maps.google.com/?q=35.7106667,135.9752667",,,延喜式内社データベースの現社候補,KOKUGAKUIN_SHIKINAI,182173:1,2
T2S182175_1,［ID:182175］ 和爾部神社,,,小,,,三方郡,,,,35.6097361,135.9611389,"https://maps.google.com/?q=35.6097361,135.9611389",,,延喜式内社データベースの現社候補,KOKUGAKUIN_SHIKINAI,182175:1,2
T2S182176_1,［ID:182176］ 佐支神社,,,小,,,三方郡,,,,35.6078167,135.9111167,"https://maps.google.com/?q=35.6078167,135.9111167",,,延喜式内社データベースの現社候補,KOKUGAKUIN_SHIKINAI,182176:1,2
T2S182177_1,［ID:182177］ 宇波西神社,,,名大,,,三方郡,,,,35.5870361,135.9062278,"https://maps.google.com/?q=35.5870361,135.9062278",,,延喜式内社データベースの現社候補,KOKUGAKUIN_SHIKINAI,182177:1,2
T2S182178_1,［ID:182178］ 高那弥神社,,,小,,,三方郡,,,,35.6962111,135.9784722,"https://maps.google.com/?q=35.6962111,135.9784722",,,延喜式内社データベースの現社候補,KOKUGAKUIN_SHIKINAI,182178:1,2
T2S182180_1,［ID:182180］ 須部神社,,,小,,,三方郡,,,,35.4815167,135.8879306,"https://maps.google.com/?q=35.4815167,135.8879306",,,延喜式内社データベースの現社候補,KOKUGAKUIN_SHIKINAI,182180:1,2
T2S182181_1,［ID:182181］ 木野神社,,,小,,,三方郡,,,,35.6132444,135.9491361,"https://maps.google.com/?q=35.6132444,135.9491361",,,延喜式内社データベースの現社候補,KOKUGAKUIN_SHIKINAI,182181:1,2
T2S182182_1,［ID:182182］ 弥美神社,,,小,,,三方郡,,,,35.5943389,135.9615389,"https://maps.google.com/?q=35.5943389,135.9615389",,,延喜式内社データベースの現社候補,KOKUGAKUIN_SHIKINAI,182182:1,2
T2S182184_1,［ID:182184］ 常神社,,,小,,,三方郡,,,,35.6301639,135.8349778,"https://maps.google.com/?q=35.6301639,135.8349778",,,延喜式内社データベースの現社候補,KOKUGAKUIN_SHIKINAI,182184:1,2
T2S182185_1,［ID:182185］ 能登神社,,,小,,,三方郡,,,,35.5169222,135.9082806,"https://maps.google.com/?q=35.5169222,135.9082806",,,延喜式内社データベースの現社候補,KOKUGAKUIN_SHIKINAI,182185:1,2
T2S182186_1,［ID:182186］ 闇見神社,,,小,,,三方郡,,,,35.5034222,135.9046056,"https://maps.google.com/?q=35.5034222,135.9046056",,,延喜式内社データベースの現社候補,KOKUGAKUIN_SHIKINAI,182186:1,2
T2S182188_1,［ID:182188］ 気比神社,,,名大,,,敦賀郡,,,,35.6547167,136.0747333,"https://maps.google.com/?q=35.6547167,136.0747333",,,延喜式内社データベースの現社候補,KOKUGAKUIN_SHIKINAI,182188:1,2
T2S182192_1,［ID:182192］ 田結神社,,,小,,,敦賀郡,,,,35.6761139,136.0921278,"https://maps.google.com/?q=35.6761139,136.0921278",,,延喜式内社データベースの現社候補,KOKUGAKUIN_SHIKINAI,182192:1,2
T2S182193_1,［ID:182193］ 久豆弥神社,,,小,,,敦賀郡,,,,35.6399472,136.0154917,"https://maps.google.com/?q=35.6399472,136.0154917",,,延喜式内社データベースの現社候補,KOKUGAKUIN_SHIKINAI,182193:1,2
T2S182194_1,［ID:182194］ 野坂神社,,,小,,,敦賀郡,,,,35.6186750,136.0322972,"https://maps.google.com/?q=35.6186750,136.0322972",,,延喜式内社データベースの現社候補,KOKUGAKUIN_SHIKINAI,182194:1,2
T2S182195_1,［ID:182195］ 志比前神社,,,小,,,敦賀郡,,,,35.6262889,136.0770972,"https://maps.google.com/?q=35.6262889,136.0770972",,,延喜式内社データベースの現社候補,KOKUGAKUIN_SHIKINAI,182195:1,2
T2S182196_1,［ID:182196］ 角鹿神社,,,小,,,敦賀郡,,,,35.6550583,136.0761361,"https://maps.google.com/?q=35.6550583,136.0761361",,,延喜式内社データベースの現社候補,KOKUGAKUIN_SHIKINAI,182196:1,2
T2S182197_1,［ID:182197］ 大椋神社,,,小,,,敦賀郡,,,,35.6520722,136.0923833,"https://maps.google.com/?q=35.6520722,136.0923833",,,延喜式内社データベースの現社候補,KOKUGAKUIN_SHIKINAI,182197:1,2
T2S182200_1,［ID:182200］ 金前神社,,,小,,,敦賀郡,,,,35.6640667,136.0751917,"https://maps.google.com/?q=35.6640667,136.0751917",,,延喜式内社データベースの現社候補,KOKUGAKUIN_SHIKINAI,182200:1,2
T2S182201_1,［ID:182201］ 五幡神社,,,小,,,敦賀郡,,,,35.7089583,136.0935806,"https://maps.google.com/?q=35.7089583,136.0935806",,,延喜式内社データベースの現社候補,KOKUGAKUIN_SHIKINAI,182201:1,2
T2S182203_1,［ID:182203］ 白城神社,,,小,,,敦賀郡,,,,35.7311722,135.9754083,"https://maps.google.com/?q=35.7311722,135.9754083",,,延喜式内社データベースの現社候補,KOKUGAKUIN_SHIKINAI,182203:1,2
T2S182204_1,［ID:182204］ 横椋神社,,,小,,,敦賀郡,,,,35.6524389,136.0857250,"https://maps.google.com/?q=35.6524389,136.0857250",,,延喜式内社データベースの現社候補,KOKUGAKUIN_SHIKINAI,182204:1,2
T2S182209_1,［ID:182209］ 鹿蒜神社,,,小,,,敦賀郡,,,,35.7621583,136.1907889,"https://maps.google.com/?q=35.7621583,136.1907889",,,延喜式内社データベースの現社候補,KOKUGAKUIN_SHIKINAI,182209:1,2
T2S182211_1,［ID:182211］ 大神下前神社,,,小,,,敦賀郡,,,,35.6552250,136.0760972,"https://maps.google.com/?q=35.6552250,136.0760972",,,延喜式内社データベースの現社候補,KOKUGAKUIN_SHIKINAI,182211:1,2
T2S182212_1,［ID:182212］ 鹿蒜田口神社,,,小,,,敦賀郡,,,,35.7588444,136.1742028,"https://maps.google.com/?q=35.7588444,136.1742028",,,延喜式内社データベースの現社候補,KOKUGAKUIN_SHIKINAI,182212:1,2
T2S182217_1,［ID:182217］ 天利剣神社,,,小,,,敦賀郡,,,,35.6547917,136.0742861,"https://maps.google.com/?q=35.6547917,136.0742861",,,延喜式内社データベースの現社候補,KOKUGAKUIN_SHIKINAI,182217:1,2
T2S182218_1,［ID:182218］ 天比女若御子神社,,,小,,,敦賀郡,,,,35.6548056,136.0742639,"https://maps.google.com/?q=35.6548056,136.0742639",,,延喜式内社データベースの現社候補,KOKUGAKUIN_SHIKINAI,182218:1,2
T2S182219_1,［ID:182219］ 伊佐奈彦神社,,,小,,,敦賀郡,,,,35.6548056,136.0742639,"https://maps.google.com/?q=35.6548056,136.0742639",,,延喜式内社データベースの現社候補,KOKUGAKUIN_SHIKINAI,182219:1,2
T2S182222_1,［ID:182222］ 天鈴神社,,,小,,,敦賀郡,,,,35.6902500,136.0295222,"https://maps.google.com/?q=35.6902500,136.0295222",,,延喜式内社データベースの現社候補,KOKUGAKUIN_SHIKINAI,182222:1,2
T2S182223_1,［ID:182223］ 玉佐佐良彦神社,,,小,,,敦賀郡,,,,35.6902500,136.0295222,"https://maps.google.com/?q=35.6902500,136.0295222",,,延喜式内社データベースの現社候補,KOKUGAKUIN_SHIKINAI,182223:1,2
T2S182227_1,［ID:182227］ 大虫神社,,,名大,,,丹生郡,,,,35.9010500,136.1265306,"https://maps.google.com/?q=35.9010500,136.1265306",,,延喜式内社データベースの現社候補,KOKUGAKUIN_SHIKINAI,182227:1,2
T2S182233_1,［ID:182233］ 佐佐牟志神社,,,小,,,丹生郡,,,,35.9534250,136.1235167,"https://maps.google.com/?q=35.9534250,136.1235167",,,延喜式内社データベースの現社候補,KOKUGAKUIN_SHIKINAI,182233:1,2
T2S182238_1,［ID:182238］ 石部神社,,,小,,,今立郡,,,,35.9613611,136.2399194,"https://maps.google.com/?q=35.9613611,136.2399194",,,延喜式内社データベースの現社候補,KOKUGAKUIN_SHIKINAI,182238:1,2
T2S182242_1,［ID:182242］ 刀那神社,,,小,,,今立郡,,,,35.9705694,136.2515750,"https://maps.google.com/?q=35.9705694,136.2515750",,,延喜式内社データベースの現社候補,KOKUGAKUIN_SHIKINAI,182242:1,2
T2S182243_1,［ID:182243］ 小山田神社,,,小,,,今立郡,,,,35.8952889,136.2403278,"https://maps.google.com/?q=35.8952889,136.2403278",,,延喜式内社データベースの現社候補,KOKUGAKUIN_SHIKINAI,182243:1,2
T2S182251_1,［ID:182251］ 登知為神社,,,小,,,足羽郡,,,,36.0019139,136.2741028,"https://maps.google.com/?q=36.0019139,136.2741028",,,延喜式内社データベースの現社候補,KOKUGAKUIN_SHIKINAI,182251:1,2
T2S182253_1,［ID:182253］ 与須奈神社,,,小,,,足羽郡,,,,36.0731528,136.1728389,"https://maps.google.com/?q=36.0731528,136.1728389",,,延喜式内社データベースの現社候補,KOKUGAKUIN_SHIKINAI,182253:1,2
T2S182256_1,［ID:182256］ 分神社,,,小,,,足羽郡,,,,36.0173861,136.2923889,"https://maps.google.com/?q=36.0173861,136.2923889",,,延喜式内社データベースの現社候補,KOKUGAKUIN_SHIKINAI,182256:1,2
T2S182259_1,［ID:182259］ 足羽神社,,,小,,,足羽郡,,,,36.0584083,136.2095722,"https://maps.google.com/?q=36.0584083,136.2095722",,,延喜式内社データベースの現社候補,KOKUGAKUIN_SHIKINAI,182259:1,2
T2S182261_1,［ID:182261］ 篠座神社,,,小,,,大野郡,,,,35.9717250,136.4885750,"https://maps.google.com/?q=35.9717250,136.4885750",,,延喜式内社データベースの現社候補,KOKUGAKUIN_SHIKINAI,182261:1,2
T2S182263_1,［ID:182263］ 大槻磐座神社,,,小,,,大野郡,,,,36.0156250,136.5017861,"https://maps.google.com/?q=36.0156250,136.5017861",,,延喜式内社データベースの現社候補,KOKUGAKUIN_SHIKINAI,182263:1,2
T2S182264_1,［ID:182264］ 坂門一事神社,,,小,,,大野郡,,,,35.9966306,136.4582028,"https://maps.google.com/?q=35.9966306,136.4582028",,,延喜式内社データベースの現社候補,KOKUGAKUIN_SHIKINAI,182264:1,2
T2S182268_1,［ID:182268］ 荒島神社,,,小,,,大野郡,,,,35.9415167,136.5557000,"https://maps.google.com/?q=35.9415167,136.5557000",,,延喜式内社データベースの現社候補,KOKUGAKUIN_SHIKINAI,182268:1,2
T2S182271_1,［ID:182271］ 御前神社,,,小,,,坂井郡,,,,36.2136611,136.1826417,"https://maps.google.com/?q=36.2136611,136.1826417",,,延喜式内社データベースの現社候補,KOKUGAKUIN_SHIKINAI,182271:1,2
T2S182273_1,［ID:182273］ 多禰神社,,,小,,,坂井郡,,,,36.1398611,136.2958000,"https://maps.google.com/?q=36.1398611,136.2958000",,,延喜式内社データベースの現社候補,KOKUGAKUIN_SHIKINAI,182273:1,2
T2S182274_1,［ID:182274］ 久米多神社,,,小,,,坂井郡,,,,36.1154056,136.3089806,"https://maps.google.com/?q=36.1154056,136.3089806",,,延喜式内社データベースの現社候補,KOKUGAKUIN_SHIKINAI,182274:1,2
T2S182275_1,［ID:182275］ 意加美神社,,,小,,,坂井郡,,,,36.1266972,136.1651778,"https://maps.google.com/?q=36.1266972,136.1651778",,,延喜式内社データベースの現社候補,KOKUGAKUIN_SHIKINAI,182275:1,2
T2S182277_1,［ID:182277］ 国神神社,,,小,,,坂井郡,,,,36.1503500,136.2718611,"https://maps.google.com/?q=36.1503500,136.2718611",,,延喜式内社データベースの現社候補,KOKUGAKUIN_SHIKINAI,182277:1,2
T2S182280_1,［ID:182280］ 己乃須美神社,,,小,,,坂井郡,,,,36.1057000,136.2226500,"https://maps.google.com/?q=36.1057000,136.2226500",,,延喜式内社データベースの現社候補,KOKUGAKUIN_SHIKINAI,182280:1,2
T2S182282_1,［ID:182282］ 大溝神社,,,小,,,坂井郡,,,,36.2125639,136.2218222,"https://maps.google.com/?q=36.2125639,136.2218222",,,延喜式内社データベースの現社候補,KOKUGAKUIN_SHIKINAI,182282:1,2
T2S182288_1,［ID:182288］ 柴神社,,,小,,,坂井郡,,,,36.0899194,136.2995500,"https://maps.google.com/?q=36.0899194,136.2995500",,,延喜式内社データベースの現社候補,KOKUGAKUIN_SHIKINAI,182288:1,2
T2S182293_1,［ID:182293］ 横山神社,,,小,,,坂井郡,,,,36.1751472,136.2796389,"https://maps.google.com/?q=36.1751472,136.2796389",,,延喜式内社データベースの現社候補,KOKUGAKUIN_SHIKINAI,182293:1,2
T2S182294_1,［ID:182294］ 三国神社,,,小,,,坂井郡,,,,36.2090528,136.1575917,"https://maps.google.com/?q=36.2090528,136.1575917",,,延喜式内社データベースの現社候補,KOKUGAKUIN_SHIKINAI,182294:1,2
T2S182297_1,［ID:182297］ 高向神社,,,小,,,坂井郡,,,,36.1212222,136.2831278,"https://maps.google.com/?q=36.1212222,136.2831278",,,延喜式内社データベースの現社候補,KOKUGAKUIN_SHIKINAI,182297:1,2
T2S182298_1,［ID:182298］ 笠間神社,,,小,,,坂井郡,,,,36.1494028,136.2860583,"https://maps.google.com/?q=36.1494028,136.2860583",,,延喜式内社データベースの現社候補,KOKUGAKUIN_SHIKINAI,182298:1,2
T2S182300_1,［ID:182300］ 大湊神社,,,小,,,坂井郡,,,,36.2506306,136.1196028,"https://maps.google.com/?q=36.2506306,136.1196028",,,延喜式内社データベースの現社候補,KOKUGAKUIN_SHIKINAI,182300:1,2
T2S182302_1,［ID:182302］ 篠原神社,,,小,,,江沼郡,,,,36.3539944,136.3439083,"https://maps.google.com/?q=36.3539944,136.3439083",,,延喜式内社データベースの現社候補,KOKUGAKUIN_SHIKINAI,182302:1,2
T2S182304_1,［ID:182304］ 御木神社,,,小,,,江沼郡,,,,36.2952917,136.2863278,"https://maps.google.com/?q=36.2952917,136.2863278",,,延喜式内社データベースの現社候補,KOKUGAKUIN_SHIKINAI,182304:1,2
T2S182305_1,［ID:182305］ 宮村・（山＋石）部神社,,,小,,,江沼郡,,,,36.3399861,136.3130278,"https://maps.google.com/?q=36.3399861,136.3130278",,,延喜式内社データベースの現社候補,KOKUGAKUIN_SHIKINAI,182305:1,2
T2S182306_1,［ID:182306］ 服部神社,,,小,,,江沼郡,,,,36.2876278,136.3615194,"https://maps.google.com/?q=36.2876278,136.3615194",,,延喜式内社データベースの現社候補,KOKUGAKUIN_SHIKINAI,182306:1,2
T2S182307_1,［ID:182307］ 菅生石部神社,,,小,,,江沼郡,,,,36.3127750,136.3208944,"https://maps.google.com/?q=36.3127750,136.3208944",,,延喜式内社データベースの現社候補,KOKUGAKUIN_SHIKINAI,182307:1,2
T2S182309_1,［ID:182309］ 日置神社,,,小,,,江沼郡,,,,36.2078167,136.3924333,"https://maps.google.com/?q=36.2078167,136.3924333",,,延喜式内社データベースの現社候補,KOKUGAKUIN_SHIKINAI,182309:1,2
T2S182310_1,［ID:182310］ 出水神社,,,小,,,江沼郡,,,,36.3477500,136.3091917,"https://maps.google.com/?q=36.3477500,136.3091917",,,延喜式内社データベースの現社候補,KOKUGAKUIN_SHIKINAI,182310:1,2
T2S182312_1,［ID:182312］ 潮津神社,,,小,,,江沼郡,,,,36.3485889,136.3579167,"https://maps.google.com/?q=36.3485889,136.3579167",,,延喜式内社データベースの現社候補,KOKUGAKUIN_SHIKINAI,182312:1,2
T2S182313_1,［ID:182313］ 狭野神社,,,小,,,能美郡,,,,36.4286222,136.5123417,"https://maps.google.com/?q=36.4286222,136.5123417",,,延喜式内社データベースの現社候補,KOKUGAKUIN_SHIKINAI,182313:1,2
T2S182314_1,［ID:182314］ 多太神社,,,小,,,能美郡,,,,36.3948028,136.4494000,"https://maps.google.com/?q=36.3948028,136.4494000",,,延喜式内社データベースの現社候補,KOKUGAKUIN_SHIKINAI,182314:1,2
T2S182315_1,［ID:182315］ 石部神社,,,小,,,能美郡,,,,36.4066444,136.5027222,"https://maps.google.com/?q=36.4066444,136.5027222",,,延喜式内社データベースの現社候補,KOKUGAKUIN_SHIKINAI,182315:1,2
T2S182316_1,［ID:182316］ 滓上神社,,,小,,,能美郡,,,,36.3921639,136.5163000,"https://maps.google.com/?q=36.3921639,136.5163000",,,延喜式内社データベースの現社候補,KOKUGAKUIN_SHIKINAI,182316:1,2
T2S182317_1,［ID:182317］ 幡生神社,,,小,,,能美郡,,,,36.3872917,136.4834889,"https://maps.google.com/?q=36.3872917,136.4834889",,,延喜式内社データベースの現社候補,KOKUGAKUIN_SHIKINAI,182317:1,2
T2S182318_1,［ID:182318］ 兎橋神社,,,小,,,能美郡,,,,36.4065000,136.4455667,"https://maps.google.com/?q=36.4065000,136.4455667",,,延喜式内社データベースの現社候補,KOKUGAKUIN_SHIKINAI,182318:1,2
T2S182320_1,［ID:182320］ 熊田神社,,,小,,,能美郡,,,,36.4632806,136.4736750,"https://maps.google.com/?q=36.4632806,136.4736750",,,延喜式内社データベースの現社候補,KOKUGAKUIN_SHIKINAI,182320:1,2
T2S182321_1,［ID:182321］ 白山比咩神社,,,小,,,石川郡,,,,36.4348861,136.6358361,"https://maps.google.com/?q=36.4348861,136.6358361",,,延喜式内社データベースの現社候補,KOKUGAKUIN_SHIKINAI,182321:1,2
T2S182322_1,［ID:182322］ 本村井神社,,,小,,,石川郡,,,,36.5078556,136.5590611,"https://maps.google.com/?q=36.5078556,136.5590611",,,延喜式内社データベースの現社候補,KOKUGAKUIN_SHIKINAI,182322:1,2
T2S182323_1,［ID:182323］ 額東神社,,,小,,,石川郡,,,,36.5091500,136.6269139,"https://maps.google.com/?q=36.5091500,136.6269139",,,延喜式内社データベースの現社候補,KOKUGAKUIN_SHIKINAI,182323:1,2
T2S182324_1,［ID:182324］ 額西神社,,,小,,,石川郡,,,,36.5100000,136.6229361,"https://maps.google.com/?q=36.5100000,136.6229361",,,延喜式内社データベースの現社候補,KOKUGAKUIN_SHIKINAI,182324:1,2
T2S182325_1,［ID:182325］ 御馬神社,,,小,,,石川郡,,,,36.5311056,136.6333861,"https://maps.google.com/?q=36.5311056,136.6333861",,,延喜式内社データベースの現社候補,KOKUGAKUIN_SHIKINAI,182325:1,2
T2S182326_1,［ID:182326］ 佐奇神社,,,小,,,石川郡,,,,36.5870889,136.5958694,"https://maps.google.com/?q=36.5870889,136.5958694",,,延喜式内社データベースの現社候補,KOKUGAKUIN_SHIKINAI,182326:1,2
T2S182328_1,［ID:182328］ 笠間神社,,,小,,,石川郡,,,,36.5052611,136.5259917,"https://maps.google.com/?q=36.5052611,136.5259917",,,延喜式内社データベースの現社候補,KOKUGAKUIN_SHIKINAI,182328:1,2
T2S182331_1,［ID:182331］ 小浜神社,,,小,,,加賀郡,,,,36.6523889,136.6491056,"https://maps.google.com/?q=36.6523889,136.6491056",,,延喜式内社データベースの現社候補,KOKUGAKUIN_SHIKINAI,182331:1,2
T2S182334_1,［ID:182334］ 賀茂神社,,,小,,,加賀郡,,,,36.7453778,136.7228528,"https://maps.google.com/?q=36.7453778,136.7228528",,,延喜式内社データベースの現社候補,KOKUGAKUIN_SHIKINAI,182334:1,2
T2S182336_1,［ID:182336］ 下野間神社,,,小,,,加賀郡,,,,36.5846639,136.6650500,"https://maps.google.com/?q=36.5846639,136.6650500",,,延喜式内社データベースの現社候補,KOKUGAKUIN_SHIKINAI,182336:1,2
T2S182338_1,［ID:182338］ 須岐神社,,,小,,,加賀郡,,,,36.6240972,136.6462361,"https://maps.google.com/?q=36.6240972,136.6462361",,,延喜式内社データベースの現社候補,KOKUGAKUIN_SHIKINAI,182338:1,2
T2S182339_1,［ID:182339］ 野蚊神社,,,小,,,加賀郡,,,,36.5984611,136.6848028,"https://maps.google.com/?q=36.5984611,136.6848028",,,延喜式内社データベースの現社候補,KOKUGAKUIN_SHIKINAI,182339:1,2
T2S182340_1,［ID:182340］ 波自加弥神社,,,小,,,加賀郡,,,,36.6343917,136.7149889,"https://maps.google.com/?q=36.6343917,136.7149889",,,延喜式内社データベースの現社候補,KOKUGAKUIN_SHIKINAI,182340:1,2
T2S182341_1,［ID:182341］ 大野湊神社,,,小,,,加賀郡,,,,36.5959556,136.5983194,"https://maps.google.com/?q=36.5959556,136.5983194",,,延喜式内社データベースの現社候補,KOKUGAKUIN_SHIKINAI,182341:1,2
T2S182343_1,［ID:182343］ 相見神社,,,小,,,羽咋郡,,,,36.8304750,136.7559389,"https://maps.google.com/?q=36.8304750,136.7559389",,,延喜式内社データベースの現社候補,KOKUGAKUIN_SHIKINAI,182343:1,2
T2S182344_1,［ID:182344］ 志乎神社,,,小,,,羽咋郡,,,,36.8529139,136.7815278,"https://maps.google.com/?q=36.8529139,136.7815278",,,延喜式内社データベースの現社候補,KOKUGAKUIN_SHIKINAI,182344:1,2
T2S182345_1,［ID:182345］ 気多神社,,,名大,,,羽咋郡,,,,36.9261028,136.7675750,"https://maps.google.com/?q=36.9261028,136.7675750",,,延喜式内社データベースの現社候補,KOKUGAKUIN_SHIKINAI,182345:1,2
T2S182346_1,［ID:182346］ 神代神社,,,小,,,羽咋郡,,,,37.0088028,136.7699083,"https://maps.google.com/?q=37.0088028,136.7699083",,,延喜式内社データベースの現社候補,KOKUGAKUIN_SHIKINAI,182346:1,2
T2S182347_1,［ID:182347］ 羽咋神社,,,小,,,羽咋郡,,,,36.8972361,136.7795583,"https://maps.google.com/?q=36.8972361,136.7795583",,,延喜式内社データベースの現社候補,KOKUGAKUIN_SHIKINAI,182347:1,2
T2S182351_1,［ID:182351］ 奈豆美比咩神社,,,小,,,羽咋郡,,,,37.0164000,136.8180139,"https://maps.google.com/?q=37.0164000,136.8180139",,,延喜式内社データベースの現社候補,KOKUGAKUIN_SHIKINAI,182351:1,2
T2S182353_1,［ID:182353］ 百沼比古神社,,,小,,,羽咋郡,,,,37.0342556,136.7444750,"https://maps.google.com/?q=37.0342556,136.7444750",,,延喜式内社データベースの現社候補,KOKUGAKUIN_SHIKINAI,182353:1,2
T2S182355_1,［ID:182355］ 藤津比古神社,,,小,,,羽咋郡,,,,37.1432583,136.8187556,"https://maps.google.com/?q=37.1432583,136.8187556",,,延喜式内社データベースの現社候補,KOKUGAKUIN_SHIKINAI,182355:1,2
T2S182357_1,［ID:182357］ 能登比咩神社,,,小,,,能登郡,,,,36.9591111,136.8585667,"https://maps.google.com/?q=36.9591111,136.8585667",,,延喜式内社データベースの現社候補,KOKUGAKUIN_SHIKINAI,182357:1,2
T2S182358_1,［ID:182358］ 藤原比古神社,,,小,,,能登郡,,,,37.0231750,136.8999944,"https://maps.google.com/?q=37.0231750,136.8999944",,,延喜式内社データベースの現社候補,KOKUGAKUIN_SHIKINAI,182358:1,2
T2S182360_1,［ID:182360］ 加夫刀比古神社,,,小,,,能登郡,,,,37.1965750,137.0320444,"https://maps.google.com/?q=37.1965750,137.0320444",,,延喜式内社データベースの現社候補,KOKUGAKUIN_SHIKINAI,182360:1,2
T2S182362_1,［ID:182362］ 鳥屋比古神社,,,小,,,能登郡,,,,36.9944889,136.9005972,"https://maps.google.com/?q=36.9944889,136.9005972",,,延喜式内社データベースの現社候補,KOKUGAKUIN_SHIKINAI,182362:1,2
T2S182364_1,［ID:182364］ 久弖比古神社,,,小,,,能登郡,,,,36.9478222,136.8910306,"https://maps.google.com/?q=36.9478222,136.8910306",,,延喜式内社データベースの現社候補,KOKUGAKUIN_SHIKINAI,182364:1,2
T2S182367_1,［ID:182367］ 伊須流支比古神社,,,小,,,能登郡,,,,36.9633222,136.9738778,"https://maps.google.com/?q=36.9633222,136.9738778",,,延喜式内社データベースの現社候補,KOKUGAKUIN_SHIKINAI,182367:1,2
T2S182369_1,［ID:182369］ 阿良加志比古神社,,,小,,,能登郡,,,,36.9786139,137.0313444,"https://maps.google.com/?q=36.9786139,137.0313444",,,延喜式内社データベースの現社候補,KOKUGAKUIN_SHIKINAI,182369:1,2
T2S182371_1,［ID:182371］ 伊夜比咩神社,,,小,,,能登郡,,,,37.1328111,136.9977361,"https://maps.google.com/?q=37.1328111,136.9977361",,,延喜式内社データベースの現社候補,KOKUGAKUIN_SHIKINAI,182371:1,2
T2S182377_1,［ID:182377］ 石倉比古神社,,,小,,,鳳至郡,,,,37.4556028,137.0815083,"https://maps.google.com/?q=37.4556028,137.0815083",,,延喜式内社データベースの現社候補,KOKUGAKUIN_SHIKINAI,182377:1,2
T2S182384_1,［ID:182384］ 古麻志比古神社,,,小,,,珠洲郡,,,,37.4548500,137.2509250,"https://maps.google.com/?q=37.4548500,137.2509250",,,延喜式内社データベースの現社候補,KOKUGAKUIN_SHIKINAI,182384:1,2
T2S182385_1,［ID:182385］ 加志波良比古神社,,,小,,,珠洲郡,,,,37.3990306,137.2263694,"https://maps.google.com/?q=37.3990306,137.2263694",,,延喜式内社データベースの現社候補,KOKUGAKUIN_SHIKINAI,182385:1,2
T2S182386_1,［ID:182386］ 高瀬神社,,,小,,,礪波郡,,,,36.5714361,136.9482917,"https://maps.google.com/?q=36.5714361,136.9482917",,,延喜式内社データベースの現社候補,KOKUGAKUIN_SHIKINAI,182386:1,2
T2S182387_4,［ID:182387］ 長岡神社,,,小,,,礪波郡,,,,36.6677083,136.9354083,"https://maps.google.com/?q=36.6677083,136.9354083",,,延喜式内社データベースの現社候補,KOKUGAKUIN_SHIKINAI,182387:4,2
T2S182395_1,［ID:182395］ 物部神社,,,小,,,射水郡,,,,36.7858417,136.9983778,"https://maps.google.com/?q=36.7858417,136.9983778",,,延喜式内社データベースの現社候補,KOKUGAKUIN_SHIKINAI,182395:1,2
T2S182397_1,［ID:182397］ 久目神社,,,小,,,射水郡,,,,36.8392056,136.9063833,"https://maps.google.com/?q=36.8392056,136.9063833",,,延喜式内社データベースの現社候補,KOKUGAKUIN_SHIKINAI,182397:1,2
T2S182398_1,［ID:182398］ 布勢神社,,,小,,,射水郡,,,,36.8222389,136.9586972,"https://maps.google.com/?q=36.8222389,136.9586972",,,延喜式内社データベースの現社候補,KOKUGAKUIN_SHIKINAI,182398:1,2
T2S182400_1,［ID:182400］ 櫛田神社,,,小,,,射水郡,,,,36.6920472,137.0448444,"https://maps.google.com/?q=36.6920472,137.0448444",,,延喜式内社データベースの現社候補,KOKUGAKUIN_SHIKINAI,182400:1,2
T2S182401_1,［ID:182401］ 礒部神社,,,小,,,射水郡,,,,36.9157056,136.9550972,"https://maps.google.com/?q=36.9157056,136.9550972",,,延喜式内社データベースの現社候補,KOKUGAKUIN_SHIKINAI,182401:1,2
T2S182402_1,［ID:182402］ 箭代神社,,,小,,,射水郡,,,,36.8926972,136.9862833,"https://maps.google.com/?q=36.8926972,136.9862833",,,延喜式内社データベースの現社候補,KOKUGAKUIN_SHIKINAI,182402:1,2
T2S182404_1,［ID:182404］ 気多神社,,,名大,,,射水郡,,,,36.8002111,137.0446556,"https://maps.google.com/?q=36.8002111,137.0446556",,,延喜式内社データベースの現社候補,KOKUGAKUIN_SHIKINAI,182404:1,2
T2S182406_1,［ID:182406］ 速星神社,,,小,,,婦負郡,,,,36.6615500,137.1667944,"https://maps.google.com/?q=36.6615500,137.1667944",,,延喜式内社データベースの現社候補,KOKUGAKUIN_SHIKINAI,182406:1,2
T2S182411_1,［ID:182411］ 鵜坂神社,,,小,,,婦負郡,,,,36.6717528,137.1867861,"https://maps.google.com/?q=36.6717528,137.1867861",,,延喜式内社データベースの現社候補,KOKUGAKUIN_SHIKINAI,182411:1,2
T2S182413_1,［ID:182413］ 建石勝神社,,,小,,,新川郡,,,,36.8299444,137.4186278,"https://maps.google.com/?q=36.8299444,137.4186278",,,延喜式内社データベースの現社候補,KOKUGAKUIN_SHIKINAI,182413:1,2
T2S182415_1,［ID:182415］ 八心大市比古神社,,,小,,,新川郡,,,,36.8722778,137.4432167,"https://maps.google.com/?q=36.8722778,137.4432167",,,延喜式内社データベースの現社候補,KOKUGAKUIN_SHIKINAI,182415:1,2
T2S182422_1,［ID:182422］ 居多神社,,,小,,,頸城郡,,,,37.1664583,138.2233417,"https://maps.google.com/?q=37.1664583,138.2233417",,,延喜式内社データベースの現社候補,KOKUGAKUIN_SHIKINAI,182422:1,2
T2S182426_1,［ID:182426］ 菅原神社,,,小,,,頸城郡,,,,37.0740528,138.3268083,"https://maps.google.com/?q=37.0740528,138.3268083",,,延喜式内社データベースの現社候補,KOKUGAKUIN_SHIKINAI,182426:1,2
T2S182427_1,［ID:182427］ 五十君神社,,,小,,,頸城郡,,,,37.1222611,138.3796389,"https://maps.google.com/?q=37.1222611,138.3796389",,,延喜式内社データベースの現社候補,KOKUGAKUIN_SHIKINAI,182427:1,2
T2S182431_1,［ID:182431］ 斐太神社,,,小,,,頸城郡,,,,37.0537083,138.2356917,"https://maps.google.com/?q=37.0537083,138.2356917",,,延喜式内社データベースの現社候補,KOKUGAKUIN_SHIKINAI,182431:1,2
T2S182438_1,［ID:182438］ 物部神社,,,小,,,三島郡,,,,37.4542139,138.6751306,"https://maps.google.com/?q=37.4542139,138.6751306",,,延喜式内社データベースの現社候補,KOKUGAKUIN_SHIKINAI,182438:1,2
T2S182444_1,［ID:182444］ 大前神社,,,小,,,魚沼郡,,,,37.1315250,138.9515944,"https://maps.google.com/?q=37.1315250,138.9515944",,,延喜式内社データベースの現社候補,KOKUGAKUIN_SHIKINAI,182444:1,2
T2S182450_1,［ID:182450］ 伊久礼神社,,,小,,,蒲原郡,,,,37.6471083,138.9995694,"https://maps.google.com/?q=37.6471083,138.9995694",,,延喜式内社データベースの現社候補,KOKUGAKUIN_SHIKINAI,182450:1,2
T2S182454_1,［ID:182454］ 伊夜比古神社,,,名大,,,蒲原郡,,,,37.7065528,138.8263500,"https://maps.google.com/?q=37.7065528,138.8263500",,,延喜式内社データベースの現社候補,KOKUGAKUIN_SHIKINAI,182454:1,2
T2S182459_1,［ID:182459］ 土生田神社,,,小,,,蒲原郡,,,,37.6847556,139.0606056,"https://maps.google.com/?q=37.6847556,139.0606056",,,延喜式内社データベースの現社候補,KOKUGAKUIN_SHIKINAI,182459:1,2
T2S182460_1,［ID:182460］ 大形神社,,,小,,,沼垂郡,,,,37.9349139,139.1045667,"https://maps.google.com/?q=37.9349139,139.1045667",,,延喜式内社データベースの現社候補,KOKUGAKUIN_SHIKINAI,182460:1,2
T2S182462_1,［ID:182462］ 石井神社,,,小,,,沼垂郡,,,,37.9325778,139.3582778,"https://maps.google.com/?q=37.9325778,139.3582778",,,延喜式内社データベースの現社候補,KOKUGAKUIN_SHIKINAI,182462:1,2
T2S182465_1,［ID:182465］ 石船神社,,,小,,,磐船郡,,,,38.1963278,139.4320167,"https://maps.google.com/?q=38.1963278,139.4320167",,,延喜式内社データベースの現社候補,KOKUGAKUIN_SHIKINAI,182465:1,2
T2S182470_1,［ID:182470］ 漆山神社,,,小,,,磐船郡,,,,38.4006583,139.5710861,"https://maps.google.com/?q=38.4006583,139.5710861",,,延喜式内社データベースの現社候補,KOKUGAKUIN_SHIKINAI,182470:1,2
T2S182471_1,［ID:182471］ 桃川神社,,,小,,,磐船郡,,,,38.1673361,139.4894111,"https://maps.google.com/?q=38.1673361,139.4894111",,,延喜式内社データベースの現社候補,KOKUGAKUIN_SHIKINAI,182471:1,2
T2S182472_1,［ID:182472］ 湊神社,,,小,,,磐船郡,,,,38.2074250,139.4564139,"https://maps.google.com/?q=38.2074250,139.4564139",,,延喜式内社データベースの現社候補,KOKUGAKUIN_SHIKINAI,182472:1,2
T2S182473_1,［ID:182473］ 度津神社,,,小,,,羽茂郡,,,,37.8603167,138.3307389,"https://maps.google.com/?q=37.8603167,138.3307389",,,延喜式内社データベースの現社候補,KOKUGAKUIN_SHIKINAI,182473:1,2
T2S182474_1,［ID:182474］ 大目神社,,,小,,,羽茂郡,,,,37.9489528,138.3480222,"https://maps.google.com/?q=37.9489528,138.3480222",,,延喜式内社データベースの現社候補,KOKUGAKUIN_SHIKINAI,182474:1,2
T2S182475_1,［ID:182475］ 引田部神社,,,小,,,雑太郡,,,,37.9949639,138.3621250,"https://maps.google.com/?q=37.9949639,138.3621250",,,延喜式内社データベースの現社候補,KOKUGAKUIN_SHIKINAI,182475:1,2
T2S182476_1,［ID:182476］ 物部神社,,,小,,,雑太郡,,,,37.9641167,138.4319111,"https://maps.google.com/?q=37.9641167,138.4319111",,,延喜式内社データベースの現社候補,KOKUGAKUIN_SHIKINAI,182476:1,2
T2S182478_1,［ID:182478］ 飯持神社,,,小,,,雑太郡,,,,37.9799611,138.3969278,"https://maps.google.com/?q=37.9799611,138.3969278",,,延喜式内社データベースの現社候補,KOKUGAKUIN_SHIKINAI,182478:1,2
T2S182479_1,［ID:182479］ 越敷神社,,,小,,,雑太郡,,,,37.9488861,138.4127083,"https://maps.google.com/?q=37.9488861,138.4127083",,,延喜式内社データベースの現社候補,KOKUGAKUIN_SHIKINAI,182479:1,2
T2S182480_1,［ID:182480］ 大幡神社,,,小,,,賀茂郡,,,,38.2332778,138.3919944,"https://maps.google.com/?q=38.2332778,138.3919944",,,延喜式内社データベースの現社候補,KOKUGAKUIN_SHIKINAI,182480:1,2
T2S182484_1,［ID:182484］ 三宅神社,,,小,,,桑田郡,,,,35.0085611,135.5892500,"https://maps.google.com/?q=35.0085611,135.5892500",,,延喜式内社データベースの現社候補,KOKUGAKUIN_SHIKINAI,182484:1,2
T2S182485_1,［ID:182485］ 小川月神社,,,名大,,,桑田郡,,,,35.0490389,135.5589417,"https://maps.google.com/?q=35.0490389,135.5589417",,,延喜式内社データベースの現社候補,KOKUGAKUIN_SHIKINAI,182485:1,2
T2S182488_1,［ID:182488］ 山国神社,,,小,,,桑田郡,,,,35.1730000,135.6554528,"https://maps.google.com/?q=35.1730000,135.6554528",,,延喜式内社データベースの現社候補,KOKUGAKUIN_SHIKINAI,182488:1,2
T2S182490_1,［ID:182490］ 小幡神社,,,小,,,桑田郡,,,,35.0081028,135.5476194,"https://maps.google.com/?q=35.0081028,135.5476194",,,延喜式内社データベースの現社候補,KOKUGAKUIN_SHIKINAI,182490:1,2
T2S182491_1,［ID:182491］ 走田神社,,,小,,,桑田郡,,,,35.0088417,135.5570139,"https://maps.google.com/?q=35.0088417,135.5570139",,,延喜式内社データベースの現社候補,KOKUGAKUIN_SHIKINAI,182491:1,2
T2S182492_1,［ID:182492］ 松尾神社,,,小,,,桑田郡,,,,35.0783056,135.5698083,"https://maps.google.com/?q=35.0783056,135.5698083",,,延喜式内社データベースの現社候補,KOKUGAKUIN_SHIKINAI,182492:1,2
T2S182494_1,［ID:182494］ 大井神社,,,小,,,桑田郡,,,,35.0315361,135.5571583,"https://maps.google.com/?q=35.0315361,135.5571583",,,延喜式内社データベースの現社候補,KOKUGAKUIN_SHIKINAI,182494:1,2
T2S182496_1,［ID:182496］ 与能神社,,,小,,,桑田郡,,,,34.9826389,135.5471583,"https://maps.google.com/?q=34.9826389,135.5471583",,,延喜式内社データベースの現社候補,KOKUGAKUIN_SHIKINAI,182496:1,2
T2S182497_1,［ID:182497］ 多吉神社,,,小,,,桑田郡,,,,34.9537917,135.5099167,"https://maps.google.com/?q=34.9537917,135.5099167",,,延喜式内社データベースの現社候補,KOKUGAKUIN_SHIKINAI,182497:1,2
T2S182498_1,［ID:182498］ 村山神社,,,小,,,桑田郡,,,,34.9999583,135.5989194,"https://maps.google.com/?q=34.9999583,135.5989194",,,延喜式内社データベースの現社候補,KOKUGAKUIN_SHIKINAI,182498:1,2
T2S182499_1,［ID:182499］ 鍬山神社,,,小,,,桑田郡,,,,34.9962472,135.5774639,"https://maps.google.com/?q=34.9962472,135.5774639",,,延喜式内社データベースの現社候補,KOKUGAKUIN_SHIKINAI,182499:1,2
T2S182500_1,［ID:182500］ 薭田野神社,,,小,,,桑田郡,,,,35.0175889,135.5349583,"https://maps.google.com/?q=35.0175889,135.5349583",,,延喜式内社データベースの現社候補,KOKUGAKUIN_SHIKINAI,182500:1,2
T2S182501_1,［ID:182501］ 船井神社,,,小,,,船井郡,,,,35.1047167,135.5222417,"https://maps.google.com/?q=35.1047167,135.5222417",,,延喜式内社データベースの現社候補,KOKUGAKUIN_SHIKINAI,182501:1,2
T2S182502_1,［ID:182502］ 志多非神社,,,小,,,船井郡,,,,35.0555250,135.4637944,"https://maps.google.com/?q=35.0555250,135.4637944",,,延喜式内社データベースの現社候補,KOKUGAKUIN_SHIKINAI,182502:1,2
T2S182503_1,［ID:182503］ 出石鹿・（山＋石）部神社,,,小,,,船井郡,,,,35.1610667,135.4113417,"https://maps.google.com/?q=35.1610667,135.4113417",,,延喜式内社データベースの現社候補,KOKUGAKUIN_SHIKINAI,182503:1,2
T2S182505_1,［ID:182505］ 幡日佐神社,,,小,,,船井郡,,,,35.0948111,135.5534556,"https://maps.google.com/?q=35.0948111,135.5534556",,,延喜式内社データベースの現社候補,KOKUGAKUIN_SHIKINAI,182505:1,2
T2S182506_1,［ID:182506］ 志波加神社,,,小,,,船井郡,,,,35.1559639,135.4688056,"https://maps.google.com/?q=35.1559639,135.4688056",,,延喜式内社データベースの現社候補,KOKUGAKUIN_SHIKINAI,182506:1,2
T2S182508_1,［ID:182508］ 麻気神社,,,名大,,,船井郡,,,,35.0892583,135.4268611,"https://maps.google.com/?q=35.0892583,135.4268611",,,延喜式内社データベースの現社候補,KOKUGAKUIN_SHIKINAI,182508:1,2
T2S182509_1,［ID:182509］ 酒治志神社,,,小,,,船井郡,,,,35.2208472,135.3373861,"https://maps.google.com/?q=35.2208472,135.3373861",,,延喜式内社データベースの現社候補,KOKUGAKUIN_SHIKINAI,182509:1,2
T2S182511_1,［ID:182511］ 櫛石窓神社,,,名大,,,多紀郡,,,,35.1124417,135.3302889,"https://maps.google.com/?q=35.1124417,135.3302889",,,延喜式内社データベースの現社候補,KOKUGAKUIN_SHIKINAI,182511:1,2
T2S182512_1,［ID:182512］ 神田神社,,,小,,,多紀郡,,,,35.0976639,135.1378111,"https://maps.google.com/?q=35.0976639,135.1378111",,,延喜式内社データベースの現社候補,KOKUGAKUIN_SHIKINAI,182512:1,2
T2S182513_1,［ID:182513］ 川内多多奴比神社,,,小,,,多紀郡,,,,35.0984778,135.1685972,"https://maps.google.com/?q=35.0984778,135.1685972",,,延喜式内社データベースの現社候補,KOKUGAKUIN_SHIKINAI,182513:1,2
T2S182514_1,［ID:182514］ 大売神社,,,小,,,多紀郡,,,,35.0894583,135.2209528,"https://maps.google.com/?q=35.0894583,135.2209528",,,延喜式内社データベースの現社候補,KOKUGAKUIN_SHIKINAI,182514:1,2
T2S182515_1,［ID:182515］ 佐佐婆神社,,,小,,,多紀郡,,,,35.0861417,135.2573722,"https://maps.google.com/?q=35.0861417,135.2573722",,,延喜式内社データベースの現社候補,KOKUGAKUIN_SHIKINAI,182515:1,2
T2S182516_1,［ID:182516］ 二村神社,,,小,,,多紀郡,,,,35.0578500,135.1514833,"https://maps.google.com/?q=35.0578500,135.1514833",,,延喜式内社データベースの現社候補,KOKUGAKUIN_SHIKINAI,182516:1,2
T2S182517_1,［ID:182517］ 熊（木＋安）神社,,,小,,,多紀郡,,,,35.0859333,135.2757333,"https://maps.google.com/?q=35.0859333,135.2757333",,,延喜式内社データベースの現社候補,KOKUGAKUIN_SHIKINAI,182517:1,2
T2S182521_1,［ID:182521］ （山＋石）部神社,,,小,,,氷上郡,,,,35.1502417,135.0726056,"https://maps.google.com/?q=35.1502417,135.0726056",,,延喜式内社データベースの現社候補,KOKUGAKUIN_SHIKINAI,182521:1,2
T2S182522_1,［ID:182522］ 知乃神社,,,小,,,氷上郡,,,,35.1981222,135.1463667,"https://maps.google.com/?q=35.1981222,135.1463667",,,延喜式内社データベースの現社候補,KOKUGAKUIN_SHIKINAI,182522:1,2
T2S182523_1,［ID:182523］ 伊尼神社,,,小,,,氷上郡,,,,35.1496139,135.0165417,"https://maps.google.com/?q=35.1496139,135.0165417",,,延喜式内社データベースの現社候補,KOKUGAKUIN_SHIKINAI,182523:1,2
T2S182524_1,［ID:182524］ 佐地神社,,,小,,,氷上郡,,,,35.2503139,134.9864444,"https://maps.google.com/?q=35.2503139,134.9864444",,,延喜式内社データベースの現社候補,KOKUGAKUIN_SHIKINAI,182524:1,2
T2S182525_1,［ID:182525］ 阿陀岡神社,,,小,,,氷上郡,,,,35.1858972,135.1294361,"https://maps.google.com/?q=35.1858972,135.1294361",,,延喜式内社データベースの現社候補,KOKUGAKUIN_SHIKINAI,182525:1,2
T2S182526_1,［ID:182526］ 楯縫神社,,,小,,,氷上郡,,,,35.1763083,135.0684028,"https://maps.google.com/?q=35.1763083,135.0684028",,,延喜式内社データベースの現社候補,KOKUGAKUIN_SHIKINAI,182526:1,2
T2S182527_1,［ID:182527］ 芹田神社,,,小,,,氷上郡,,,,35.2246444,135.0456056,"https://maps.google.com/?q=35.2246444,135.0456056",,,延喜式内社データベースの現社候補,KOKUGAKUIN_SHIKINAI,182527:1,2
T2S182528_1,［ID:182528］ 兵主神社,,,小,,,氷上郡,,,,35.1776111,135.0961667,"https://maps.google.com/?q=35.1776111,135.0961667",,,延喜式内社データベースの現社候補,KOKUGAKUIN_SHIKINAI,182528:1,2
T2S182529_1,［ID:182529］ 新井神社,,,小,,,氷上郡,,,,35.1294556,135.0485389,"https://maps.google.com/?q=35.1294556,135.0485389",,,延喜式内社データベースの現社候補,KOKUGAKUIN_SHIKINAI,182529:1,2
T2S182532_1,［ID:182532］ 加和良神社,,,小,,,氷上郡,,,,35.2090694,135.0475889,"https://maps.google.com/?q=35.2090694,135.0475889",,,延喜式内社データベースの現社候補,KOKUGAKUIN_SHIKINAI,182532:1,2
T2S182533_1,［ID:182533］ 伊都伎神社,,,小,,,氷上郡,,,,35.2461444,135.1390389,"https://maps.google.com/?q=35.2461444,135.1390389",,,延喜式内社データベースの現社候補,KOKUGAKUIN_SHIKINAI,182533:1,2
T2S182535_1,［ID:182535］ 生野神社,,,小,,,天田郡,,,,35.2537111,135.2096250,"https://maps.google.com/?q=35.2537111,135.2096250",,,延喜式内社データベースの現社候補,KOKUGAKUIN_SHIKINAI,182535:1,2
T2S182536_1,［ID:182536］ 奄我神社,,,小,,,天田郡,,,,35.3198167,135.1211000,"https://maps.google.com/?q=35.3198167,135.1211000",,,延喜式内社データベースの現社候補,KOKUGAKUIN_SHIKINAI,182536:1,2
T2S182537_1,［ID:182537］ 天照玉命神社,,,小,,,天田郡,,,,35.2976417,135.0914583,"https://maps.google.com/?q=35.2976417,135.0914583",,,延喜式内社データベースの現社候補,KOKUGAKUIN_SHIKINAI,182537:1,2
T2S182538_1,［ID:182538］ 荒木神社,,,小,,,天田郡,,,,35.2688250,135.1132417,"https://maps.google.com/?q=35.2688250,135.1132417",,,延喜式内社データベースの現社候補,KOKUGAKUIN_SHIKINAI,182538:1,2
T2S182539_1,［ID:182539］ 須波伎部神社,,,小,,,何鹿郡,,,,35.3450556,135.2272722,"https://maps.google.com/?q=35.3450556,135.2272722",,,延喜式内社データベースの現社候補,KOKUGAKUIN_SHIKINAI,182539:1,2
T2S182540_1,［ID:182540］ 阿比地神社,,,小,,,何鹿郡,,,,35.3034944,135.1868111,"https://maps.google.com/?q=35.3034944,135.1868111",,,延喜式内社データベースの現社候補,KOKUGAKUIN_SHIKINAI,182540:1,2
T2S182542_1,［ID:182542］ 御手槻神社,,,小,,,何鹿郡,,,,35.3131417,135.2553028,"https://maps.google.com/?q=35.3131417,135.2553028",,,延喜式内社データベースの現社候補,KOKUGAKUIN_SHIKINAI,182542:1,2
T2S182544_1,［ID:182544］ 珂牟奈備神社,,,小,,,何鹿郡,,,,35.3422361,135.3653389,"https://maps.google.com/?q=35.3422361,135.3653389",,,延喜式内社データベースの現社候補,KOKUGAKUIN_SHIKINAI,182544:1,2
T2S182545_1,［ID:182545］ 伊也神社,,,小,,,何鹿郡,,,,35.3006833,135.3186111,"https://maps.google.com/?q=35.3006833,135.3186111",,,延喜式内社データベースの現社候補,KOKUGAKUIN_SHIKINAI,182545:1,2
T2S182546_1,［ID:182546］ 赤国神社,,,小,,,何鹿郡,,,,35.3284694,135.2159278,"https://maps.google.com/?q=35.3284694,135.2159278",,,延喜式内社データベースの現社候補,KOKUGAKUIN_SHIKINAI,182546:1,2
T2S182547_1,［ID:182547］ 高蔵神社,,,小,,,何鹿郡,,,,35.3655556,135.1931444,"https://maps.google.com/?q=35.3655556,135.1931444",,,延喜式内社データベースの現社候補,KOKUGAKUIN_SHIKINAI,182547:1,2
T2S182548_1,［ID:182548］ 佐須我神社,,,小,,,何鹿郡,,,,35.3208528,135.1850889,"https://maps.google.com/?q=35.3208528,135.1850889",,,延喜式内社データベースの現社候補,KOKUGAKUIN_SHIKINAI,182548:1,2
T2S182549_1,［ID:182549］ 島萬神社,,,小,,,何鹿郡,,,,35.3453556,135.2930972,"https://maps.google.com/?q=35.3453556,135.2930972",,,延喜式内社データベースの現社候補,KOKUGAKUIN_SHIKINAI,182549:1,2
T2S182550_1,［ID:182550］ 福太神社,,,小,,,何鹿郡,,,,35.3556750,135.2795917,"https://maps.google.com/?q=35.3556750,135.2795917",,,延喜式内社データベースの現社候補,KOKUGAKUIN_SHIKINAI,182550:1,2
T2S182551_1,［ID:182551］ 奈具神社,,,小,,,加佐郡,,,,35.5206361,135.2714722,"https://maps.google.com/?q=35.5206361,135.2714722",,,延喜式内社データベースの現社候補,KOKUGAKUIN_SHIKINAI,182551:1,2
T2S182552_1,［ID:182552］ 伊知布西神社,,,小,,,加佐郡,,,,35.4255778,135.2281972,"https://maps.google.com/?q=35.4255778,135.2281972",,,延喜式内社データベースの現社候補,KOKUGAKUIN_SHIKINAI,182552:1,2
T2S182554_1,［ID:182554］ 倭文神社,,,小,,,加佐郡,,,,35.4151556,135.3399778,"https://maps.google.com/?q=35.4151556,135.3399778",,,延喜式内社データベースの現社候補,KOKUGAKUIN_SHIKINAI,182554:1,2
T2S182555_1,［ID:182555］ 高田神社,,,小,,,加佐郡,,,,35.4520972,135.3495222,"https://maps.google.com/?q=35.4520972,135.3495222",,,延喜式内社データベースの現社候補,KOKUGAKUIN_SHIKINAI,182555:1,2
T2S182556_1,［ID:182556］ 大川神社,,,名大,,,加佐郡,,,,35.4479861,135.2589722,"https://maps.google.com/?q=35.4479861,135.2589722",,,延喜式内社データベースの現社候補,KOKUGAKUIN_SHIKINAI,182556:1,2
T2S182559_1,［ID:182559］ 麻良多神社,,,小,,,加佐郡,,,,35.4613778,135.2749528,"https://maps.google.com/?q=35.4613778,135.2749528",,,延喜式内社データベースの現社候補,KOKUGAKUIN_SHIKINAI,182559:1,2
T2S182561_1,［ID:182561］ 日原神社,,,小,,,加佐郡,,,,35.4225583,135.3156528,"https://maps.google.com/?q=35.4225583,135.3156528",,,延喜式内社データベースの現社候補,KOKUGAKUIN_SHIKINAI,182561:1,2
T2S182563_1,［ID:182563］ 物部神社,,,小,,,与謝郡,,,,35.5387444,135.1341639,"https://maps.google.com/?q=35.5387444,135.1341639",,,延喜式内社データベースの現社候補,KOKUGAKUIN_SHIKINAI,182563:1,2
T2S182564_1,［ID:182564］ 弥刀神社,,,小,,,与謝郡,,,,35.5396333,135.1136194,"https://maps.google.com/?q=35.5396333,135.1136194",,,延喜式内社データベースの現社候補,KOKUGAKUIN_SHIKINAI,182564:1,2
T2S182565_1,［ID:182565］ 須代神社,,,小,,,与謝郡,,,,35.5160694,135.1136611,"https://maps.google.com/?q=35.5160694,135.1136611",,,延喜式内社データベースの現社候補,KOKUGAKUIN_SHIKINAI,182565:1,2
T2S182566_1,［ID:182566］ 布甲神社,,,小,,,与謝郡,,,,35.4719583,135.1672389,"https://maps.google.com/?q=35.4719583,135.1672389",,,延喜式内社データベースの現社候補,KOKUGAKUIN_SHIKINAI,182566:1,2
T2S182567_1,［ID:182567］ 宇豆貴神社,,,小,,,与謝郡,,,,35.4714000,135.0906889,"https://maps.google.com/?q=35.4714000,135.0906889",,,延喜式内社データベースの現社候補,KOKUGAKUIN_SHIKINAI,182567:1,2
T2S182572_1,［ID:182572］ 矢田部神社,,,小,,,与謝郡,,,,35.5196667,135.1268278,"https://maps.google.com/?q=35.5196667,135.1268278",,,延喜式内社データベースの現社候補,KOKUGAKUIN_SHIKINAI,182572:1,2
T2S182574_1,［ID:182574］ 倭文神社,,,小,,,与謝郡,,,,35.5194611,135.0921361,"https://maps.google.com/?q=35.5194611,135.0921361",,,延喜式内社データベースの現社候補,KOKUGAKUIN_SHIKINAI,182574:1,2
T2S182578_1,［ID:182578］ 杉末神社,,,小,,,与謝郡,,,,35.5403028,135.1879000,"https://maps.google.com/?q=35.5403028,135.1879000",,,延喜式内社データベースの現社候補,KOKUGAKUIN_SHIKINAI,182578:1,2
T2S182580_1,［ID:182580］ 大虫神社,,,名大,,,与謝郡,,,,35.4935000,135.1173250,"https://maps.google.com/?q=35.4935000,135.1173250",,,延喜式内社データベースの現社候補,KOKUGAKUIN_SHIKINAI,182580:1,2
T2S182581_1,［ID:182581］ 小虫神社,,,名大,,,与謝郡,,,,35.5006889,135.1087472,"https://maps.google.com/?q=35.5006889,135.1087472",,,延喜式内社データベースの現社候補,KOKUGAKUIN_SHIKINAI,182581:1,2
T2S182582_1,［ID:182582］ 大宮売神社,,,名大,,,丹波郡,,,,35.5910944,135.1018250,"https://maps.google.com/?q=35.5910944,135.1018250",,,延喜式内社データベースの現社候補,KOKUGAKUIN_SHIKINAI,182582:1,2
T2S182583_1,［ID:182583］ 咋岡神社,,,小,,,丹波郡,,,,35.6398917,135.0549750,"https://maps.google.com/?q=35.6398917,135.0549750",,,延喜式内社データベースの現社候補,KOKUGAKUIN_SHIKINAI,182583:1,2
T2S182584_1,［ID:182584］ 波弥神社,,,小,,,丹波郡,,,,35.6202444,135.0878306,"https://maps.google.com/?q=35.6202444,135.0878306",,,延喜式内社データベースの現社候補,KOKUGAKUIN_SHIKINAI,182584:1,2
T2S182585_1,［ID:182585］ 多久神社,,,小,,,丹波郡,,,,35.6354500,135.0793778,"https://maps.google.com/?q=35.6354500,135.0793778",,,延喜式内社データベースの現社候補,KOKUGAKUIN_SHIKINAI,182585:1,2
T2S182586_1,［ID:182586］ 稲代神社,,,小,,,丹波郡,,,,35.6203750,135.0451556,"https://maps.google.com/?q=35.6203750,135.0451556",,,延喜式内社データベースの現社候補,KOKUGAKUIN_SHIKINAI,182586:1,2
T2S182587_1,［ID:182587］ 名木神社,,,小,,,丹波郡,,,,35.6314278,135.0844306,"https://maps.google.com/?q=35.6314278,135.0844306",,,延喜式内社データベースの現社候補,KOKUGAKUIN_SHIKINAI,182587:1,2
T2S182588_1,［ID:182588］ 矢田神社,,,小,,,丹波郡,,,,35.6417333,135.0736639,"https://maps.google.com/?q=35.6417333,135.0736639",,,延喜式内社データベースの現社候補,KOKUGAKUIN_SHIKINAI,182588:1,2
T2S182590_1,［ID:182590］ 大宇加神社,,,小,,,竹野郡,,,,35.6424889,135.0245889,"https://maps.google.com/?q=35.6424889,135.0245889",,,延喜式内社データベースの現社候補,KOKUGAKUIN_SHIKINAI,182590:1,2
T2S182592_1,［ID:182592］ 溝谷神社,,,小,,,竹野郡,,,,35.6552389,135.1113111,"https://maps.google.com/?q=35.6552389,135.1113111",,,延喜式内社データベースの現社候補,KOKUGAKUIN_SHIKINAI,182592:1,2
T2S182594_1,［ID:182594］ 網野神社,,,小,,,竹野郡,,,,35.6836361,135.0271222,"https://maps.google.com/?q=35.6836361,135.0271222",,,延喜式内社データベースの現社候補,KOKUGAKUIN_SHIKINAI,182594:1,2
T2S182595_1,［ID:182595］ 依遅神社,,,小,,,竹野郡,,,,35.7319472,135.1521972,"https://maps.google.com/?q=35.7319472,135.1521972",,,延喜式内社データベースの現社候補,KOKUGAKUIN_SHIKINAI,182595:1,2
T2S182597_1,［ID:182597］ 竹野神社,,,大,,,竹野郡,,,,35.7367000,135.1126028,"https://maps.google.com/?q=35.7367000,135.1126028",,,延喜式内社データベースの現社候補,KOKUGAKUIN_SHIKINAI,182597:1,2
T2S182598_1,［ID:182598］ 生王部神社,,,小,,,竹野郡,,,,35.6445750,135.0428194,"https://maps.google.com/?q=35.6445750,135.0428194",,,延喜式内社データベースの現社候補,KOKUGAKUIN_SHIKINAI,182598:1,2
T2S182600_1,［ID:182600］ 深田部神社,,,小,,,竹野郡,,,,35.6758139,135.0983722,"https://maps.google.com/?q=35.6758139,135.0983722",,,延喜式内社データベースの現社候補,KOKUGAKUIN_SHIKINAI,182600:1,2
T2S182601_1,［ID:182601］ 床尾神社,,,小,,,竹野郡,,,,35.6824944,135.0504250,"https://maps.google.com/?q=35.6824944,135.0504250",,,延喜式内社データベースの現社候補,KOKUGAKUIN_SHIKINAI,182601:1,2
T2S182602_1,［ID:182602］ 発枳神社,,,小,,,竹野郡,,,,35.6557472,135.0640028,"https://maps.google.com/?q=35.6557472,135.0640028",,,延喜式内社データベースの現社候補,KOKUGAKUIN_SHIKINAI,182602:1,2
T2S182603_1,［ID:182603］ 売布神社,,,小,,,竹野郡,,,,35.6484361,134.9773528,"https://maps.google.com/?q=35.6484361,134.9773528",,,延喜式内社データベースの現社候補,KOKUGAKUIN_SHIKINAI,182603:1,2
T2S182606_1,［ID:182606］ 伊豆志弥神社,,,小,,,熊野郡,,,,35.5668389,134.9448139,"https://maps.google.com/?q=35.5668389,134.9448139",,,延喜式内社データベースの現社候補,KOKUGAKUIN_SHIKINAI,182606:1,2
T2S182610_1,［ID:182610］ 衆良神社,,,小,,,熊野郡,,,,35.5645389,134.9259250,"https://maps.google.com/?q=35.5645389,134.9259250",,,延喜式内社データベースの現社候補,KOKUGAKUIN_SHIKINAI,182610:1,2
T2S182611_1,［ID:182611］ 三島田神社,,,小,,,熊野郡,,,,35.5623972,134.9344639,"https://maps.google.com/?q=35.5623972,134.9344639",,,延喜式内社データベースの現社候補,KOKUGAKUIN_SHIKINAI,182611:1,2
T2S182612_1,［ID:182612］ 神谷神社,,,小,,,熊野郡,,,,35.6040417,134.8924778,"https://maps.google.com/?q=35.6040417,134.8924778",,,延喜式内社データベースの現社候補,KOKUGAKUIN_SHIKINAI,182612:1,2
T2S182614_1,［ID:182614］ 聞部神社,,,小,,,熊野郡,,,,35.5828083,134.9220083,"https://maps.google.com/?q=35.5828083,134.9220083",,,延喜式内社データベースの現社候補,KOKUGAKUIN_SHIKINAI,182614:1,2
T2S182615_1,［ID:182615］ 粟鹿神社,,,名大,,,朝来郡,,,,35.3006667,134.9049444,"https://maps.google.com/?q=35.3006667,134.9049444",,,延喜式内社データベースの現社候補,KOKUGAKUIN_SHIKINAI,182615:1,2
T2S182616_1,［ID:182616］ 朝来石部神社,,,小,,,朝来郡,,,,35.3256917,134.8787833,"https://maps.google.com/?q=35.3256917,134.8787833",,,延喜式内社データベースの現社候補,KOKUGAKUIN_SHIKINAI,182616:1,2
T2S182617_1,［ID:182617］ 刀我石部神社,,,小,,,朝来郡,,,,35.3443972,134.8987667,"https://maps.google.com/?q=35.3443972,134.8987667",,,延喜式内社データベースの現社候補,KOKUGAKUIN_SHIKINAI,182617:1,2
T2S182619_1,［ID:182619］ 赤淵神社,,,小,,,朝来郡,,,,35.3267778,134.8413278,"https://maps.google.com/?q=35.3267778,134.8413278",,,延喜式内社データベースの現社候補,KOKUGAKUIN_SHIKINAI,182619:1,2
T2S182622_1,［ID:182622］ 足鹿神社,,,小,,,朝来郡,,,,35.2321167,134.7850583,"https://maps.google.com/?q=35.2321167,134.7850583",,,延喜式内社データベースの現社候補,KOKUGAKUIN_SHIKINAI,182622:1,2
T2S182624_1,［ID:182624］ 夜夫坐神社,,,名大、小,,,養父郡,,,,35.3875861,134.8038556,"https://maps.google.com/?q=35.3875861,134.8038556",,,延喜式内社データベースの現社候補,KOKUGAKUIN_SHIKINAI,182624:1,2
T2S182625_1,［ID:182625］ 宇留波神社,,,小,,,養父郡,,,,35.3898833,134.8215278,"https://maps.google.com/?q=35.3898833,134.8215278",,,延喜式内社データベースの現社候補,KOKUGAKUIN_SHIKINAI,182625:1,2
T2S182626_1,［ID:182626］ 水谷神社,,,名大,,,養父郡,,,,35.3938389,134.8417444,"https://maps.google.com/?q=35.3938389,134.8417444",,,延喜式内社データベースの現社候補,KOKUGAKUIN_SHIKINAI,182626:1,2
T2S182627_1,［ID:182627］ 浅間神社,,,小,,,養父郡,,,,35.4407472,134.8040083,"https://maps.google.com/?q=35.4407472,134.8040083",,,延喜式内社データベースの現社候補,KOKUGAKUIN_SHIKINAI,182627:1,2
T2S182628_1,［ID:182628］ 屋岡神社,,,小,,,養父郡,,,,35.4031583,134.7680528,"https://maps.google.com/?q=35.4031583,134.7680528",,,延喜式内社データベースの現社候補,KOKUGAKUIN_SHIKINAI,182628:1,2
T2S182629_1,［ID:182629］ 伊久刀神社,,,小,,,養父郡,,,,35.4481250,134.7798611,"https://maps.google.com/?q=35.4481250,134.7798611",,,延喜式内社データベースの現社候補,KOKUGAKUIN_SHIKINAI,182629:1,2
T2S182631_1,［ID:182631］ 兵主神社,,,小,,,養父郡,,,,35.4548972,134.7711861,"https://maps.google.com/?q=35.4548972,134.7711861",,,延喜式内社データベースの現社候補,KOKUGAKUIN_SHIKINAI,182631:1,2
T2S182632_1,［ID:182632］ 男坂神社,,,小,,,養父郡,,,,35.3665778,134.7078667,"https://maps.google.com/?q=35.3665778,134.7078667",,,延喜式内社データベースの現社候補,KOKUGAKUIN_SHIKINAI,182632:1,2
T2S182633_1,［ID:182633］ 佐伎都比古阿流知命神社（二座）,,,小,,,養父郡,,,,35.3672722,134.8469222,"https://maps.google.com/?q=35.3672722,134.8469222",,,延喜式内社データベースの現社候補,KOKUGAKUIN_SHIKINAI,182633:1,2
T2S182634_1,［ID:182634］ 井上神社,,,小,,,養父郡,,,,35.3692389,134.6304139,"https://maps.google.com/?q=35.3692389,134.6304139",,,延喜式内社データベースの現社候補,KOKUGAKUIN_SHIKINAI,182634:1,2
T2S182635_1,［ID:182635］ 手谷神社,,,小,,,養父郡,,,,35.3490417,134.8460389,"https://maps.google.com/?q=35.3490417,134.8460389",,,延喜式内社データベースの現社候補,KOKUGAKUIN_SHIKINAI,182635:1,2
T2S182636_1,［ID:182636］ 板蓋神社,,,小,,,養父郡,,,,35.3518972,134.7225472,"https://maps.google.com/?q=35.3518972,134.7225472",,,延喜式内社データベースの現社候補,KOKUGAKUIN_SHIKINAI,182636:1,2
T2S182639_1,［ID:182639］ 大与比神社,,,小,,,養父郡,,,,35.3846556,134.7007389,"https://maps.google.com/?q=35.3846556,134.7007389",,,延喜式内社データベースの現社候補,KOKUGAKUIN_SHIKINAI,182639:1,2
T2S182641_1,［ID:182641］ 盈岡神社,,,小,,,養父郡,,,,35.3582083,134.8129361,"https://maps.google.com/?q=35.3582083,134.8129361",,,延喜式内社データベースの現社候補,KOKUGAKUIN_SHIKINAI,182641:1,2
T2S182643_1,［ID:182643］ 御井神社,,,小,,,養父郡,,,,35.3085944,134.6893528,"https://maps.google.com/?q=35.3085944,134.6893528",,,延喜式内社データベースの現社候補,KOKUGAKUIN_SHIKINAI,182643:1,2
T2S182644_1,［ID:182644］ 名草神社,,,小,,,養父郡,,,,35.4221444,134.6553833,"https://maps.google.com/?q=35.4221444,134.6553833",,,延喜式内社データベースの現社候補,KOKUGAKUIN_SHIKINAI,182644:1,2
T2S182645_1,［ID:182645］ 社内神社,,,小,,,養父郡,,,,35.3180083,134.7336167,"https://maps.google.com/?q=35.3180083,134.7336167",,,延喜式内社データベースの現社候補,KOKUGAKUIN_SHIKINAI,182645:1,2
T2S182646_1,［ID:182646］ 和奈美神社,,,小,,,養父郡,,,,35.4044861,134.7776306,"https://maps.google.com/?q=35.4044861,134.7776306",,,延喜式内社データベースの現社候補,KOKUGAKUIN_SHIKINAI,182646:1,2
T2S182648_1,［ID:182648］ 伊豆志坐神社,,,名大,,,出石郡,,,,35.4816389,134.8703861,"https://maps.google.com/?q=35.4816389,134.8703861",,,延喜式内社データベースの現社候補,KOKUGAKUIN_SHIKINAI,182648:1,2
T2S182649_1,［ID:182649］ 御出石神社,,,名大,,,出石郡,,,,35.4489139,134.8974750,"https://maps.google.com/?q=35.4489139,134.8974750",,,延喜式内社データベースの現社候補,KOKUGAKUIN_SHIKINAI,182649:1,2
T2S182651_1,［ID:182651］ 諸杉神社,,,小,,,出石郡,,,,35.4606306,134.8752417,"https://maps.google.com/?q=35.4606306,134.8752417",,,延喜式内社データベースの現社候補,KOKUGAKUIN_SHIKINAI,182651:1,2
T2S182652_1,［ID:182652］ 須流神社,,,小,,,出石郡,,,,35.4725361,135.0142389,"https://maps.google.com/?q=35.4725361,135.0142389",,,延喜式内社データベースの現社候補,KOKUGAKUIN_SHIKINAI,182652:1,2
T2S182653_1,［ID:182653］ 佐佐伎神社,,,小,,,出石郡,,,,35.4351750,134.9836111,"https://maps.google.com/?q=35.4351750,134.9836111",,,延喜式内社データベースの現社候補,KOKUGAKUIN_SHIKINAI,182653:1,2
T2S182655_1,［ID:182655］ 須義神社,,,小,,,出石郡,,,,35.4676833,134.8401944,"https://maps.google.com/?q=35.4676833,134.8401944",,,延喜式内社データベースの現社候補,KOKUGAKUIN_SHIKINAI,182655:1,2
T2S182656_1,［ID:182656］ 小野神社,,,小,,,出石郡,,,,35.5007833,134.8746556,"https://maps.google.com/?q=35.5007833,134.8746556",,,延喜式内社データベースの現社候補,KOKUGAKUIN_SHIKINAI,182656:1,2
T2S182657_1,［ID:182657］ 手谷神社,,,小,,,出石郡,,,,35.4371972,134.9507139,"https://maps.google.com/?q=35.4371972,134.9507139",,,延喜式内社データベースの現社候補,KOKUGAKUIN_SHIKINAI,182657:1,2
T2S182658_1,［ID:182658］ 中島神社,,,小,,,出石郡,,,,35.5254444,134.8624972,"https://maps.google.com/?q=35.5254444,134.8624972",,,延喜式内社データベースの現社候補,KOKUGAKUIN_SHIKINAI,182658:1,2
T2S182661_1,［ID:182661］ 比遅神社,,,小,,,出石郡,,,,35.5217278,135.0087500,"https://maps.google.com/?q=35.5217278,135.0087500",,,延喜式内社データベースの現社候補,KOKUGAKUIN_SHIKINAI,182661:1,2
T2S182662_1,［ID:182662］ 石部神社,,,小,,,出石郡,,,,35.4612917,134.8821028,"https://maps.google.com/?q=35.4612917,134.8821028",,,延喜式内社データベースの現社候補,KOKUGAKUIN_SHIKINAI,182662:1,2
T2S182664_1,［ID:182664］ 多麻良伎神社,,,小,,,気多郡,,,,35.4973694,134.7541333,"https://maps.google.com/?q=35.4973694,134.7541333",,,延喜式内社データベースの現社候補,KOKUGAKUIN_SHIKINAI,182664:1,2
T2S182665_1,［ID:182665］ 気多神社,,,小,,,気多郡,,,,35.4781389,134.7931278,"https://maps.google.com/?q=35.4781389,134.7931278",,,延喜式内社データベースの現社候補,KOKUGAKUIN_SHIKINAI,182665:1,2
T2S182666_1,［ID:182666］ 葦田神社,,,小,,,気多郡,,,,35.4848694,134.8242833,"https://maps.google.com/?q=35.4848694,134.8242833",,,延喜式内社データベースの現社候補,KOKUGAKUIN_SHIKINAI,182666:1,2
T2S182667_1,［ID:182667］ 三野神社,,,小,,,気多郡,,,,35.4919917,134.8072722,"https://maps.google.com/?q=35.4919917,134.8072722",,,延喜式内社データベースの現社候補,KOKUGAKUIN_SHIKINAI,182667:1,2
T2S182669_1,［ID:182669］ 鷹貫神社,,,小,,,気多郡,,,,35.4958667,134.7896444,"https://maps.google.com/?q=35.4958667,134.7896444",,,延喜式内社データベースの現社候補,KOKUGAKUIN_SHIKINAI,182669:1,2
T2S182670_1,［ID:182670］ 久刀寸兵主神社,,,小,,,気多郡,,,,35.4643722,134.7554417,"https://maps.google.com/?q=35.4643722,134.7554417",,,延喜式内社データベースの現社候補,KOKUGAKUIN_SHIKINAI,182670:1,2
T2S182671_1,［ID:182671］ 日置神社,,,小,,,気多郡,,,,35.4665889,134.7824917,"https://maps.google.com/?q=35.4665889,134.7824917",,,延喜式内社データベースの現社候補,KOKUGAKUIN_SHIKINAI,182671:1,2
T2S182672_1,［ID:182672］ 楯縫神社,,,小,,,気多郡,,,,35.4720583,134.7859444,"https://maps.google.com/?q=35.4720583,134.7859444",,,延喜式内社データベースの現社候補,KOKUGAKUIN_SHIKINAI,182672:1,2
T2S182673_1,［ID:182673］ 井田神社,,,小,,,気多郡,,,,35.4749000,134.7907778,"https://maps.google.com/?q=35.4749000,134.7907778",,,延喜式内社データベースの現社候補,KOKUGAKUIN_SHIKINAI,182673:1,2
T2S182674_1,［ID:182674］ 思往神社,,,小,,,気多郡,,,,35.4952083,134.7606889,"https://maps.google.com/?q=35.4952083,134.7606889",,,延喜式内社データベースの現社候補,KOKUGAKUIN_SHIKINAI,182674:1,2
T2S182675_1,［ID:182675］ 御井神社,,,小,,,気多郡,,,,35.4821833,134.7929500,"https://maps.google.com/?q=35.4821833,134.7929500",,,延喜式内社データベースの現社候補,KOKUGAKUIN_SHIKINAI,182675:1,2
T2S182676_1,［ID:182676］ 高負神社,,,小,,,気多郡,,,,35.4717028,134.7460750,"https://maps.google.com/?q=35.4717028,134.7460750",,,延喜式内社データベースの現社候補,KOKUGAKUIN_SHIKINAI,182676:1,2
T2S182677_1,［ID:182677］ 佐久神社,,,小,,,気多郡,,,,35.4519750,134.7387083,"https://maps.google.com/?q=35.4519750,134.7387083",,,延喜式内社データベースの現社候補,KOKUGAKUIN_SHIKINAI,182677:1,2
T2S182678_1,［ID:182678］ 神門神社,,,小,,,気多郡,,,,35.4602972,134.7213639,"https://maps.google.com/?q=35.4602972,134.7213639",,,延喜式内社データベースの現社候補,KOKUGAKUIN_SHIKINAI,182678:1,2
T2S182679_1,［ID:182679］ 伊智神社,,,小,,,気多郡,,,,35.4836111,134.8036194,"https://maps.google.com/?q=35.4836111,134.8036194",,,延喜式内社データベースの現社候補,KOKUGAKUIN_SHIKINAI,182679:1,2
T2S182680_1,［ID:182680］ 須谷神社,,,小,,,気多郡,,,,35.4965472,134.7791278,"https://maps.google.com/?q=35.4965472,134.7791278",,,延喜式内社データベースの現社候補,KOKUGAKUIN_SHIKINAI,182680:1,2
T2S182681_1,［ID:182681］ 山神社,,,名大,,,気多郡,,,,35.4897556,134.7031444,"https://maps.google.com/?q=35.4897556,134.7031444",,,延喜式内社データベースの現社候補,KOKUGAKUIN_SHIKINAI,182681:1,2
T2S182682_1,［ID:182682］ 戸神社,,,名大,,,気多郡,,,,35.4772583,134.7101694,"https://maps.google.com/?q=35.4772583,134.7101694",,,延喜式内社データベースの現社候補,KOKUGAKUIN_SHIKINAI,182682:1,2
T2S182683_1,［ID:182683］ 雷神社,,,名大,,,気多郡,,,,35.5127194,134.8092389,"https://maps.google.com/?q=35.5127194,134.8092389",,,延喜式内社データベースの現社候補,KOKUGAKUIN_SHIKINAI,182683:1,2
T2S182684_1,［ID:182684］ 㯮椒神社,,,名大,,,気多郡,,,,35.5380500,134.7029444,"https://maps.google.com/?q=35.5380500,134.7029444",,,延喜式内社データベースの現社候補,KOKUGAKUIN_SHIKINAI,182684:1,2
T2S182687_1,［ID:182687］ 穴目杵神社,,,小,,,城崎郡,,,,35.5270833,134.8519361,"https://maps.google.com/?q=35.5270833,134.8519361",,,延喜式内社データベースの現社候補,KOKUGAKUIN_SHIKINAI,182687:1,2
T2S182688_1,［ID:182688］ 女代神社,,,小,,,城崎郡,,,,35.5171889,134.8195167,"https://maps.google.com/?q=35.5171889,134.8195167",,,延喜式内社データベースの現社候補,KOKUGAKUIN_SHIKINAI,182688:1,2
T2S182689_1,［ID:182689］ 与佐伎神社,,,小,,,城崎郡,,,,35.5800750,134.8181389,"https://maps.google.com/?q=35.5800750,134.8181389",,,延喜式内社データベースの現社候補,KOKUGAKUIN_SHIKINAI,182689:1,2
T2S182690_1,［ID:182690］ 布久比神社,,,小,,,城崎郡,,,,35.5501528,134.7840083,"https://maps.google.com/?q=35.5501528,134.7840083",,,延喜式内社データベースの現社候補,KOKUGAKUIN_SHIKINAI,182690:1,2
T2S182691_1,［ID:182691］ 小江神社,,,小,,,城崎郡,,,,35.5753556,134.7662167,"https://maps.google.com/?q=35.5753556,134.7662167",,,延喜式内社データベースの現社候補,KOKUGAKUIN_SHIKINAI,182691:1,2
T2S182692_1,［ID:182692］ 久久比神社,,,小,,,城崎郡,,,,35.5572000,134.8436194,"https://maps.google.com/?q=35.5572000,134.8436194",,,延喜式内社データベースの現社候補,KOKUGAKUIN_SHIKINAI,182692:1,2
T2S182693_1,［ID:182693］ 耳井神社,,,小,,,城崎郡,,,,35.5492778,134.7795139,"https://maps.google.com/?q=35.5492778,134.7795139",,,延喜式内社データベースの現社候補,KOKUGAKUIN_SHIKINAI,182693:1,2
T2S182694_1,［ID:182694］ 桃島神社,,,小,,,城崎郡,,,,35.6319528,134.8080889,"https://maps.google.com/?q=35.6319528,134.8080889",,,延喜式内社データベースの現社候補,KOKUGAKUIN_SHIKINAI,182694:1,2
T2S182695_1,［ID:182695］ 兵主神社,,,小,,,城崎郡,,,,35.5861833,134.8109806,"https://maps.google.com/?q=35.5861833,134.8109806",,,延喜式内社データベースの現社候補,KOKUGAKUIN_SHIKINAI,182695:1,2
T2S182695_2,［ID:182695］ 兵主神社,,,小,,,城崎郡,,,,35.5562722,134.8263556,"https://maps.google.com/?q=35.5562722,134.8263556",,,延喜式内社データベースの現社候補,KOKUGAKUIN_SHIKINAI,182695:2,2
T2S182696_1,［ID:182696］ 深坂神社,,,小,,,城崎郡,,,,35.5349556,134.8174639,"https://maps.google.com/?q=35.5349556,134.8174639",,,延喜式内社データベースの現社候補,KOKUGAKUIN_SHIKINAI,182696:1,2
T2S182697_1,［ID:182697］ 気比神社,,,小,,,城崎郡,,,,35.6303083,134.8439389,"https://maps.google.com/?q=35.6303083,134.8439389",,,延喜式内社データベースの現社候補,KOKUGAKUIN_SHIKINAI,182697:1,2
T2S182698_1,［ID:182698］ 久流比神社,,,小,,,城崎郡,,,,35.6051250,134.7968028,"https://maps.google.com/?q=35.6051250,134.7968028",,,延喜式内社データベースの現社候補,KOKUGAKUIN_SHIKINAI,182698:1,2
T2S182699_1,［ID:182699］ 重浪神社,,,小,,,城崎郡,,,,35.6086889,134.8474417,"https://maps.google.com/?q=35.6086889,134.8474417",,,延喜式内社データベースの現社候補,KOKUGAKUIN_SHIKINAI,182699:1,2
T2S182700_1,［ID:182700］ 県神社,,,小,,,城崎郡,,,,35.5504472,134.8239000,"https://maps.google.com/?q=35.5504472,134.8239000",,,延喜式内社データベースの現社候補,KOKUGAKUIN_SHIKINAI,182700:1,2
T2S182701_1,［ID:182701］ 酒垂神社,,,小,,,城崎郡,,,,35.5555167,134.8698361,"https://maps.google.com/?q=35.5555167,134.8698361",,,延喜式内社データベースの現社候補,KOKUGAKUIN_SHIKINAI,182701:1,2
T2S182702_1,［ID:182702］ 西刀神社,,,小,,,城崎郡,,,,35.6552056,134.8254611,"https://maps.google.com/?q=35.6552056,134.8254611",,,延喜式内社データベースの現社候補,KOKUGAKUIN_SHIKINAI,182702:1,2
T2S182703_1,［ID:182703］ 海神社,,,名大,,,城崎郡,,,,35.6401028,134.8227639,"https://maps.google.com/?q=35.6401028,134.8227639",,,延喜式内社データベースの現社候補,KOKUGAKUIN_SHIKINAI,182703:1,2
T2S182704_1,［ID:182704］ 佐受神社,,,小,,,美含郡,,,,35.6418278,134.6871389,"https://maps.google.com/?q=35.6418278,134.6871389",,,延喜式内社データベースの現社候補,KOKUGAKUIN_SHIKINAI,182704:1,2
T2S182705_1,［ID:182705］ 鷹野神社,,,小,,,美含郡,,,,35.6600417,134.7629667,"https://maps.google.com/?q=35.6600417,134.7629667",,,延喜式内社データベースの現社候補,KOKUGAKUIN_SHIKINAI,182705:1,2
T2S182707_1,［ID:182707］ 法庭神社,,,小,,,美含郡,,,,35.6422278,134.6079389,"https://maps.google.com/?q=35.6422278,134.6079389",,,延喜式内社データベースの現社候補,KOKUGAKUIN_SHIKINAI,182707:1,2
T2S182708_1,［ID:182708］ 美伊神社,,,小,,,美含郡,,,,35.5672417,134.6443694,"https://maps.google.com/?q=35.5672417,134.6443694",,,延喜式内社データベースの現社候補,KOKUGAKUIN_SHIKINAI,182708:1,2
T2S182709_1,［ID:182709］ 椋橋神社,,,小,,,美含郡,,,,35.5998667,134.6074750,"https://maps.google.com/?q=35.5998667,134.6074750",,,延喜式内社データベースの現社候補,KOKUGAKUIN_SHIKINAI,182709:1,2
T2S182710_1,［ID:182710］ 阿古谷神社,,,小,,,美含郡,,,,35.6207333,134.7536500,"https://maps.google.com/?q=35.6207333,134.7536500",,,延喜式内社データベースの現社候補,KOKUGAKUIN_SHIKINAI,182710:1,2
T2S182712_1,［ID:182712］ 色来神社,,,小,,,美含郡,,,,35.6028583,134.7480417,"https://maps.google.com/?q=35.6028583,134.7480417",,,延喜式内社データベースの現社候補,KOKUGAKUIN_SHIKINAI,182712:1,2
T2S182713_1,［ID:182713］ 丹生神社,,,小,,,美含郡,,,,35.6471083,134.6639000,"https://maps.google.com/?q=35.6471083,134.6639000",,,延喜式内社データベースの現社候補,KOKUGAKUIN_SHIKINAI,182713:1,2
T2S182715_1,［ID:182715］ 大家神社,,,小,,,二方郡,,,,35.6157333,134.4748611,"https://maps.google.com/?q=35.6157333,134.4748611",,,延喜式内社データベースの現社候補,KOKUGAKUIN_SHIKINAI,182715:1,2
T2S182716_1,［ID:182716］ 大歳神社,,,小,,,二方郡,,,,35.6133778,134.3912972,"https://maps.google.com/?q=35.6133778,134.3912972",,,延喜式内社データベースの現社候補,KOKUGAKUIN_SHIKINAI,182716:1,2
T2S182717_1,［ID:182717］ 面沼神社,,,小,,,二方郡,,,,35.5666889,134.4820667,"https://maps.google.com/?q=35.5666889,134.4820667",,,延喜式内社データベースの現社候補,KOKUGAKUIN_SHIKINAI,182717:1,2
T2S182718_1,［ID:182718］ 須加神社,,,小,,,二方郡,,,,35.5235167,134.4433361,"https://maps.google.com/?q=35.5235167,134.4433361",,,延喜式内社データベースの現社候補,KOKUGAKUIN_SHIKINAI,182718:1,2
T2S182719_1,［ID:182719］ 多他神社,,,小,,,七美郡,,,,35.4432611,134.5334000,"https://maps.google.com/?q=35.4432611,134.5334000",,,延喜式内社データベースの現社候補,KOKUGAKUIN_SHIKINAI,182719:1,2
T2S182720_1,［ID:182720］ 小代神社,,,小,,,七美郡,,,,35.4179778,134.5204417,"https://maps.google.com/?q=35.4179778,134.5204417",,,延喜式内社データベースの現社候補,KOKUGAKUIN_SHIKINAI,182720:1,2
T2S182722_1,［ID:182722］ 伊曽布神社,,,小,,,七美郡,,,,35.5446583,134.5657750,"https://maps.google.com/?q=35.5446583,134.5657750",,,延喜式内社データベースの現社候補,KOKUGAKUIN_SHIKINAI,182722:1,2
T2S182723_1,［ID:182723］ 等余神社,,,小,,,七美郡,,,,35.4437139,134.6000278,"https://maps.google.com/?q=35.4437139,134.6000278",,,延喜式内社データベースの現社候補,KOKUGAKUIN_SHIKINAI,182723:1,2
T2S182724_1,［ID:182724］ 高坂神社,,,小,,,七美郡,,,,35.4132139,134.5762778,"https://maps.google.com/?q=35.4132139,134.5762778",,,延喜式内社データベースの現社候補,KOKUGAKUIN_SHIKINAI,182724:1,2
T2S182725_1,［ID:182725］ 黒野神社,,,小,,,七美郡,,,,35.4749750,134.5967972,"https://maps.google.com/?q=35.4749750,134.5967972",,,延喜式内社データベースの現社候補,KOKUGAKUIN_SHIKINAI,182725:1,2
T2S182726_1,［ID:182726］ 春木神社,,,小,,,七美郡,,,,35.5145833,134.5317361,"https://maps.google.com/?q=35.5145833,134.5317361",,,延喜式内社データベースの現社候補,KOKUGAKUIN_SHIKINAI,182726:1,2
T2S182727_1,［ID:182727］ 恩志呂神社,,,小,,,巨濃郡,,,,35.5613167,134.3421778,"https://maps.google.com/?q=35.5613167,134.3421778",,,延喜式内社データベースの現社候補,KOKUGAKUIN_SHIKINAI,182727:1,2
T2S182729_1,［ID:182729］ 佐弥乃兵主神社,,,小,,,巨濃郡,,,,35.5649861,134.3252778,"https://maps.google.com/?q=35.5649861,134.3252778",,,延喜式内社データベースの現社候補,KOKUGAKUIN_SHIKINAI,182729:1,2
T2S182730_1,［ID:182730］ 高野神社,,,小,,,巨濃郡,,,,35.5117889,134.3384667,"https://maps.google.com/?q=35.5117889,134.3384667",,,延喜式内社データベースの現社候補,KOKUGAKUIN_SHIKINAI,182730:1,2
T2S182731_1,［ID:182731］ 許野乃兵主神社,,,小,,,巨濃郡,,,,35.5757667,134.3304333,"https://maps.google.com/?q=35.5757667,134.3304333",,,延喜式内社データベースの現社候補,KOKUGAKUIN_SHIKINAI,182731:1,2
T2S182732_1,［ID:182732］ 二上神社,,,小,,,巨濃郡,,,,35.5501639,134.3299222,"https://maps.google.com/?q=35.5501639,134.3299222",,,延喜式内社データベースの現社候補,KOKUGAKUIN_SHIKINAI,182732:1,2
T2S182733_1,［ID:182733］ 御湯神社,,,小,,,巨濃郡,,,,35.5581611,134.3691639,"https://maps.google.com/?q=35.5581611,134.3691639",,,延喜式内社データベースの現社候補,KOKUGAKUIN_SHIKINAI,182733:1,2
T2S182734_1,［ID:182734］ 日野神社,,,小,,,巨濃郡,,,,35.5763500,134.2979167,"https://maps.google.com/?q=35.5763500,134.2979167",,,延喜式内社データベースの現社候補,KOKUGAKUIN_SHIKINAI,182734:1,2
T2S182735_1,［ID:182735］ 甘露神社,,,小,,,巨濃郡,,,,35.5984917,134.3605750,"https://maps.google.com/?q=35.5984917,134.3605750",,,延喜式内社データベースの現社候補,KOKUGAKUIN_SHIKINAI,182735:1,2
T2S182736_1,［ID:182736］ 多居乃上神社,,,小,,,法美郡,,,,35.4653917,134.2810056,"https://maps.google.com/?q=35.4653917,134.2810056",,,延喜式内社データベースの現社候補,KOKUGAKUIN_SHIKINAI,182736:1,2
T2S182737_1,［ID:182737］ 意上奴神社,,,小,,,法美郡,,,,35.4344861,134.2450472,"https://maps.google.com/?q=35.4344861,134.2450472",,,延喜式内社データベースの現社候補,KOKUGAKUIN_SHIKINAI,182737:1,2
T2S182738_1,［ID:182738］ 槻折神社,,,小,,,法美郡,,,,35.4593750,134.2595833,"https://maps.google.com/?q=35.4593750,134.2595833",,,延喜式内社データベースの現社候補,KOKUGAKUIN_SHIKINAI,182738:1,2
T2S182739_1,［ID:182739］ 荒坂神社,,,小,,,法美郡,,,,35.5239639,134.2895833,"https://maps.google.com/?q=35.5239639,134.2895833",,,延喜式内社データベースの現社候補,KOKUGAKUIN_SHIKINAI,182739:1,2
T2S182740_1,［ID:182740］ 手見神社,,,小,,,法美郡,,,,35.4372167,134.3316583,"https://maps.google.com/?q=35.4372167,134.3316583",,,延喜式内社データベースの現社候補,KOKUGAKUIN_SHIKINAI,182740:1,2
T2S182741_1,［ID:182741］ 服部神社,,,小,,,法美郡,,,,35.5475667,134.2704861,"https://maps.google.com/?q=35.5475667,134.2704861",,,延喜式内社データベースの現社候補,KOKUGAKUIN_SHIKINAI,182741:1,2
T2S182742_1,［ID:182742］ 美歎神社,,,小,,,法美郡,,,,35.4784139,134.2867278,"https://maps.google.com/?q=35.4784139,134.2867278",,,延喜式内社データベースの現社候補,KOKUGAKUIN_SHIKINAI,182742:1,2
T2S182743_1,［ID:182743］ 宇倍神社,,,名大,,,法美郡,,,,35.4807861,134.2690667,"https://maps.google.com/?q=35.4807861,134.2690667",,,延喜式内社データベースの現社候補,KOKUGAKUIN_SHIKINAI,182743:1,2
T2S182744_1,［ID:182744］ 大江神社,,,小,,,八上郡,,,,35.3529750,134.2497694,"https://maps.google.com/?q=35.3529750,134.2497694",,,延喜式内社データベースの現社候補,KOKUGAKUIN_SHIKINAI,182744:1,2
T2S182745_1,［ID:182745］ 都波只知上神社,,,小,,,八上郡,,,,35.3708694,134.1991667,"https://maps.google.com/?q=35.3708694,134.1991667",,,延喜式内社データベースの現社候補,KOKUGAKUIN_SHIKINAI,182745:1,2
T2S182746_1,［ID:182746］ 塩野上神社,,,小,,,八上郡,,,,35.3624389,134.2495944,"https://maps.google.com/?q=35.3624389,134.2495944",,,延喜式内社データベースの現社候補,KOKUGAKUIN_SHIKINAI,182746:1,2
T2S182747_1,［ID:182747］ 都波奈弥神社,,,小,,,八上郡,,,,35.3626833,134.2079083,"https://maps.google.com/?q=35.3626833,134.2079083",,,延喜式内社データベースの現社候補,KOKUGAKUIN_SHIKINAI,182747:1,2
T2S182748_1,［ID:182748］ 伊蘇乃佐只神社,,,小,,,八上郡,,,,35.3718611,134.3013306,"https://maps.google.com/?q=35.3718611,134.3013306",,,延喜式内社データベースの現社候補,KOKUGAKUIN_SHIKINAI,182748:1,2
T2S182749_1,［ID:182749］ 多加牟久神社,,,小,,,八上郡,,,,35.3759750,134.1646917,"https://maps.google.com/?q=35.3759750,134.1646917",,,延喜式内社データベースの現社候補,KOKUGAKUIN_SHIKINAI,182749:1,2
T2S182750_1,［ID:182750］ 意非神社,,,小,,,八上郡,,,,35.3447167,134.4037333,"https://maps.google.com/?q=35.3447167,134.4037333",,,延喜式内社データベースの現社候補,KOKUGAKUIN_SHIKINAI,182750:1,2
T2S182751_1,［ID:182751］ 売沼神社,,,小,,,八上郡,,,,35.3898444,134.1921167,"https://maps.google.com/?q=35.3898444,134.1921167",,,延喜式内社データベースの現社候補,KOKUGAKUIN_SHIKINAI,182751:1,2
T2S182752_1,［ID:182752］ 和多理神社,,,小,,,八上郡,,,,35.3905611,134.2818139,"https://maps.google.com/?q=35.3905611,134.2818139",,,延喜式内社データベースの現社候補,KOKUGAKUIN_SHIKINAI,182752:1,2
T2S182753_1,［ID:182753］ 久多美神社,,,小,,,八上郡,,,,35.4040639,134.1930444,"https://maps.google.com/?q=35.4040639,134.1930444",,,延喜式内社データベースの現社候補,KOKUGAKUIN_SHIKINAI,182753:1,2
T2S182754_1,［ID:182754］ 布留多知神社,,,小,,,八上郡,,,,35.3646222,134.3487667,"https://maps.google.com/?q=35.3646222,134.3487667",,,延喜式内社データベースの現社候補,KOKUGAKUIN_SHIKINAI,182754:1,2
T2S182755_1,［ID:182755］ 美幣沼神社,,,小,,,八上郡,,,,35.4312583,134.3001194,"https://maps.google.com/?q=35.4312583,134.3001194",,,延喜式内社データベースの現社候補,KOKUGAKUIN_SHIKINAI,182755:1,2
T2S182756_1,［ID:182756］ 中臣崇健神社,,,小,,,邑美郡,,,,35.4539583,134.2340833,"https://maps.google.com/?q=35.4539583,134.2340833",,,延喜式内社データベースの現社候補,KOKUGAKUIN_SHIKINAI,182756:1,2
T2S182757_1,［ID:182757］ 伊和神社,,,小,,,高草郡,,,,35.5119222,134.1950611,"https://maps.google.com/?q=35.5119222,134.1950611",,,延喜式内社データベースの現社候補,KOKUGAKUIN_SHIKINAI,182757:1,2
T2S182758_1,［ID:182758］ 倭文神社,,,小,,,高草郡,,,,35.4404694,134.2005722,"https://maps.google.com/?q=35.4404694,134.2005722",,,延喜式内社データベースの現社候補,KOKUGAKUIN_SHIKINAI,182758:1,2
T2S182759_1,［ID:182759］ 天穂日命神社,,,小,,,高草郡,,,,35.5042972,134.1253361,"https://maps.google.com/?q=35.5042972,134.1253361",,,延喜式内社データベースの現社候補,KOKUGAKUIN_SHIKINAI,182759:1,2
T2S182760_1,［ID:182760］ 天日名鳥命神社,,,小,,,高草郡,,,,35.4875556,134.1187222,"https://maps.google.com/?q=35.4875556,134.1187222",,,延喜式内社データベースの現社候補,KOKUGAKUIN_SHIKINAI,182760:1,2
T2S182761_1,［ID:182761］ 阿太賀都健御熊命神社,,,小,,,高草郡,,,,35.4946111,134.1012639,"https://maps.google.com/?q=35.4946111,134.1012639",,,延喜式内社データベースの現社候補,KOKUGAKUIN_SHIKINAI,182761:1,2
T2S182762_1,［ID:182762］ 大和佐美命神社,,,小,,,高草郡,,,,35.4037000,134.1432000,"https://maps.google.com/?q=35.4037000,134.1432000",,,延喜式内社データベースの現社候補,KOKUGAKUIN_SHIKINAI,182762:1,2
T2S182763_1,［ID:182763］ 大野見宿祢命神社,,,小,,,高草郡,,,,35.5013111,134.2023167,"https://maps.google.com/?q=35.5013111,134.2023167",,,延喜式内社データベースの現社候補,KOKUGAKUIN_SHIKINAI,182763:1,2
T2S182764_1,［ID:182764］ 利川神社,,,小,,,気多郡,,,,35.4797917,134.0108750,"https://maps.google.com/?q=35.4797917,134.0108750",,,延喜式内社データベースの現社候補,KOKUGAKUIN_SHIKINAI,182764:1,2
T2S182765_1,［ID:182765］ 幡井神社,,,小,,,気多郡,,,,35.5020111,133.9648528,"https://maps.google.com/?q=35.5020111,133.9648528",,,延喜式内社データベースの現社候補,KOKUGAKUIN_SHIKINAI,182765:1,2
T2S182766_1,［ID:182766］ 加知弥神社,,,小,,,気多郡,,,,35.4784667,134.0518806,"https://maps.google.com/?q=35.4784667,134.0518806",,,延喜式内社データベースの現社候補,KOKUGAKUIN_SHIKINAI,182766:1,2
T2S182767_1,［ID:182767］ 板井神社,,,小,,,気多郡,,,,35.5092528,134.0916028,"https://maps.google.com/?q=35.5092528,134.0916028",,,延喜式内社データベースの現社候補,KOKUGAKUIN_SHIKINAI,182767:1,2
T2S182768_1,［ID:182768］ 志加奴神社,,,小,,,気多郡,,,,35.4753361,134.0696222,"https://maps.google.com/?q=35.4753361,134.0696222",,,延喜式内社データベースの現社候補,KOKUGAKUIN_SHIKINAI,182768:1,2
T2S182769_1,［ID:182769］ 倭文神社,,,小,,,川村郡,,,,35.4902417,133.9029583,"https://maps.google.com/?q=35.4902417,133.9029583",,,延喜式内社データベースの現社候補,KOKUGAKUIN_SHIKINAI,182769:1,2
T2S182770_1,［ID:182770］ 波波伎神社,,,小,,,川村郡,,,,35.4652500,133.8541139,"https://maps.google.com/?q=35.4652500,133.8541139",,,延喜式内社データベースの現社候補,KOKUGAKUIN_SHIKINAI,182770:1,2
T2S182771_1,［ID:182771］ 倭文神社,,,小,,,久米郡,,,,35.3938472,133.7560528,"https://maps.google.com/?q=35.3938472,133.7560528",,,延喜式内社データベースの現社候補,KOKUGAKUIN_SHIKINAI,182771:1,2
T2S182772_1,［ID:182772］ 国坂神社,,,小,,,久米郡,,,,35.4900361,133.8265417,"https://maps.google.com/?q=35.4900361,133.8265417",,,延喜式内社データベースの現社候補,KOKUGAKUIN_SHIKINAI,182772:1,2
T2S182773_1,［ID:182773］ 胸形神社,,,小,,,会見郡,,,,35.4113972,133.3544306,"https://maps.google.com/?q=35.4113972,133.3544306",,,延喜式内社データベースの現社候補,KOKUGAKUIN_SHIKINAI,182773:1,2
T2S182782_1,［ID:182782］ 磐坂神社,,,小,,,意宇郡,,,,35.4030528,133.0894861,"https://maps.google.com/?q=35.4030528,133.0894861",,,延喜式内社データベースの現社候補,KOKUGAKUIN_SHIKINAI,182782:1,2
T2S182784_1,［ID:182784］ 真名井神社,,,小,,,意宇郡,,,,35.4325278,133.0974278,"https://maps.google.com/?q=35.4325278,133.0974278",,,延喜式内社データベースの現社候補,KOKUGAKUIN_SHIKINAI,182784:1,2
T2S182785_1,［ID:182785］ 鷹日神社,,,小,,,意宇郡,,,,35.4542639,133.0901500,"https://maps.google.com/?q=35.4542639,133.0901500",,,延喜式内社データベースの現社候補,KOKUGAKUIN_SHIKINAI,182785:1,2
T2S182786_1,［ID:182786］ 山代神社,,,小,,,意宇郡,,,,35.4399667,133.0806778,"https://maps.google.com/?q=35.4399667,133.0806778",,,延喜式内社データベースの現社候補,KOKUGAKUIN_SHIKINAI,182786:1,2
T2S182787_1,［ID:182787］ 売豆紀神社,,,小,,,意宇郡,,,,35.4551833,133.0639500,"https://maps.google.com/?q=35.4551833,133.0639500",,,延喜式内社データベースの現社候補,KOKUGAKUIN_SHIKINAI,182787:1,2
T2S182788_1,［ID:182788］ 野白神社,,,小,,,意宇郡,,,,35.4302639,133.0487417,"https://maps.google.com/?q=35.4302639,133.0487417",,,延喜式内社データベースの現社候補,KOKUGAKUIN_SHIKINAI,182788:1,2
T2S182789_1,［ID:182789］ 布自奈大穴持神社,,,小,,,意宇郡,,,,35.4285389,133.0336250,"https://maps.google.com/?q=35.4285389,133.0336250",,,延喜式内社データベースの現社候補,KOKUGAKUIN_SHIKINAI,182789:1,2
T2S182791_1,［ID:182791］ 久多弥神社,,,小,,,意宇郡,,,,35.4089417,133.0418111,"https://maps.google.com/?q=35.4089417,133.0418111",,,延喜式内社データベースの現社候補,KOKUGAKUIN_SHIKINAI,182791:1,2
T2S182792_1,［ID:182792］ 玉作湯神社,,,小,,,意宇郡,,,,35.4136083,133.0118361,"https://maps.google.com/?q=35.4136083,133.0118361",,,延喜式内社データベースの現社候補,KOKUGAKUIN_SHIKINAI,182792:1,2
T2S182793_2,［ID:182793］ 同社坐韓国伊太弖神社,,,小,,,意宇郡,,,,35.4309417,133.1540861,"https://maps.google.com/?q=35.4309417,133.1540861",,,延喜式内社データベースの現社候補,KOKUGAKUIN_SHIKINAI,182793:2,2
T2S182794_1,［ID:182794］ 売布神社,,,小,,,意宇郡,,,,35.4664389,133.0587861,"https://maps.google.com/?q=35.4664389,133.0587861",,,延喜式内社データベースの現社候補,KOKUGAKUIN_SHIKINAI,182794:1,2
T2S182795_1,［ID:182795］ 来待神社,,,小,,,意宇郡,,,,35.4027694,132.9584556,"https://maps.google.com/?q=35.4027694,132.9584556",,,延喜式内社データベースの現社候補,KOKUGAKUIN_SHIKINAI,182795:1,2
T2S182799_1,［ID:182799］ 宇留布神社,,,小,,,意宇郡,,,,35.3964917,133.0600444,"https://maps.google.com/?q=35.3964917,133.0600444",,,延喜式内社データベースの現社候補,KOKUGAKUIN_SHIKINAI,182799:1,2
T2S182800_1,［ID:182800］ 須多神社,,,小,,,意宇郡,,,,35.4209583,133.1301833,"https://maps.google.com/?q=35.4209583,133.1301833",,,延喜式内社データベースの現社候補,KOKUGAKUIN_SHIKINAI,182800:1,2
T2S182801_1,［ID:182801］ 揖夜神社,,,小,,,意宇郡,,,,35.4305333,133.1540861,"https://maps.google.com/?q=35.4305333,133.1540861",,,延喜式内社データベースの現社候補,KOKUGAKUIN_SHIKINAI,182801:1,2
T2S182802_1,［ID:182802］ 筑陽神社,,,小,,,意宇郡,,,,35.4368222,133.1658389,"https://maps.google.com/?q=35.4368222,133.1658389",,,延喜式内社データベースの現社候補,KOKUGAKUIN_SHIKINAI,182802:1,2
T2S182803_1,［ID:182803］ 同社坐波夜都武自和気神社,,,小,,,意宇郡,,,,35.4368222,133.1658389,"https://maps.google.com/?q=35.4368222,133.1658389",,,延喜式内社データベースの現社候補,KOKUGAKUIN_SHIKINAI,182803:1,2
T2S182804_1,［ID:182804］ 山狭神社,,,小,,,意宇郡,,,,35.3262389,133.1108528,"https://maps.google.com/?q=35.3262389,133.1108528",,,延喜式内社データベースの現社候補,KOKUGAKUIN_SHIKINAI,182804:1,2
T2S182805_1,［ID:182805］ 同社坐久志美気濃神社,,,小,,,意宇郡,,,,35.3477917,133.1406917,"https://maps.google.com/?q=35.3477917,133.1406917",,,延喜式内社データベースの現社候補,KOKUGAKUIN_SHIKINAI,182805:1,2
T2S182806_1,［ID:182806］ 布弁神社,,,小,,,意宇郡,,,,35.3012250,133.1459222,"https://maps.google.com/?q=35.3012250,133.1459222",,,延喜式内社データベースの現社候補,KOKUGAKUIN_SHIKINAI,182806:1,2
T2S182807_1,［ID:182807］ 都弁志呂神社,,,小,,,意宇郡,,,,35.3684389,133.1727889,"https://maps.google.com/?q=35.3684389,133.1727889",,,延喜式内社データベースの現社候補,KOKUGAKUIN_SHIKINAI,182807:1,2
T2S182808_1,［ID:182808］ 野城神社,,,小,,,意宇郡,,,,35.3994833,133.2184194,"https://maps.google.com/?q=35.3994833,133.2184194",,,延喜式内社データベースの現社候補,KOKUGAKUIN_SHIKINAI,182808:1,2
T2S182809_1,［ID:182809］ 同社坐大穴持神社,,,小,,,意宇郡,,,,35.3994833,133.2184194,"https://maps.google.com/?q=35.3994833,133.2184194",,,延喜式内社データベースの現社候補,KOKUGAKUIN_SHIKINAI,182809:1,2
T2S182810_1,［ID:182810］ 同社坐大穴持御子神社,,,小,,,意宇郡,,,,35.3994833,133.2184194,"https://maps.google.com/?q=35.3994833,133.2184194",,,延喜式内社データベースの現社候補,KOKUGAKUIN_SHIKINAI,182810:1,2
T2S182812_1,［ID:182812］ 志保美神社,,,小,,,意宇郡,,,,35.3340750,133.2720806,"https://maps.google.com/?q=35.3340750,133.2720806",,,延喜式内社データベースの現社候補,KOKUGAKUIN_SHIKINAI,182812:1,2
T2S182813_1,［ID:182813］ 意多伎神社,,,小,,,意宇郡,,,,35.3943250,133.2227972,"https://maps.google.com/?q=35.3943250,133.2227972",,,延喜式内社データベースの現社候補,KOKUGAKUIN_SHIKINAI,182813:1,2
T2S182814_1,［ID:182814］ 同社坐御訳神社,,,小,,,意宇郡,,,,35.3943250,133.2227972,"https://maps.google.com/?q=35.3943250,133.2227972",,,延喜式内社データベースの現社候補,KOKUGAKUIN_SHIKINAI,182814:1,2
T2S182815_1,［ID:182815］ 市原神社,,,小,,,意宇郡,,,,35.4063278,133.1454389,"https://maps.google.com/?q=35.4063278,133.1454389",,,延喜式内社データベースの現社候補,KOKUGAKUIN_SHIKINAI,182815:1,2
T2S182816_1,［ID:182816］ 由貴神社,,,小,,,意宇郡,,,,35.4490694,133.1204750,"https://maps.google.com/?q=35.4490694,133.1204750",,,延喜式内社データベースの現社候補,KOKUGAKUIN_SHIKINAI,182816:1,2
T2S182817_1,［ID:182817］ 勝日神社,,,小,,,意宇郡,,,,35.3613278,133.1697917,"https://maps.google.com/?q=35.3613278,133.1697917",,,延喜式内社データベースの現社候補,KOKUGAKUIN_SHIKINAI,182817:1,2
T2S182818_1,［ID:182818］ 勝日高守神社,,,小,,,意宇郡,,,,35.3602333,133.1860194,"https://maps.google.com/?q=35.3602333,133.1860194",,,延喜式内社データベースの現社候補,KOKUGAKUIN_SHIKINAI,182818:1,2
T2S182819_1,［ID:182819］ 田面神社,,,小,,,意宇郡,,,,35.3787111,133.2778722,"https://maps.google.com/?q=35.3787111,133.2778722",,,延喜式内社データベースの現社候補,KOKUGAKUIN_SHIKINAI,182819:1,2
T2S182910_1,［ID:182910］ 弥久賀神社,,,小,,,神門郡,,,,35.3138917,132.6620333,"https://maps.google.com/?q=35.3138917,132.6620333",,,延喜式内社データベースの現社候補,KOKUGAKUIN_SHIKINAI,182910:1,2
T2S182911_1,［ID:182911］ 阿祢神社,,,小,,,神門郡,,,,35.3081306,132.6792500,"https://maps.google.com/?q=35.3081306,132.6792500",,,延喜式内社データベースの現社候補,KOKUGAKUIN_SHIKINAI,182911:1,2
T2S182912_1,［ID:182912］ 佐志武神社,,,小,,,神門郡,,,,35.3301278,132.6691222,"https://maps.google.com/?q=35.3301278,132.6691222",,,延喜式内社データベースの現社候補,KOKUGAKUIN_SHIKINAI,182912:1,2
T2S182913_1,［ID:182913］ 多伎藝神社,,,小,,,神門郡,,,,35.2500667,132.5923667,"https://maps.google.com/?q=35.2500667,132.5923667",,,延喜式内社データベースの現社候補,KOKUGAKUIN_SHIKINAI,182913:1,2
T2S182914_1,［ID:182914］ 多伎神社,,,小,,,神門郡,,,,35.2839750,132.6342472,"https://maps.google.com/?q=35.2839750,132.6342472",,,延喜式内社データベースの現社候補,KOKUGAKUIN_SHIKINAI,182914:1,2
T2S182915_1,［ID:182915］ 同社大穴持神社,,,小,,,神門郡,,,,35.2839750,132.6342472,"https://maps.google.com/?q=35.2839750,132.6342472",,,延喜式内社データベースの現社候補,KOKUGAKUIN_SHIKINAI,182915:1,2
T2S182916_1,［ID:182916］ 国村神社,,,小,,,神門郡,,,,35.2964306,132.6458417,"https://maps.google.com/?q=35.2964306,132.6458417",,,延喜式内社データベースの現社候補,KOKUGAKUIN_SHIKINAI,182916:1,2
T2S182917_1,［ID:182917］ 那売佐神社,,,小,,,神門郡,,,,35.3143639,132.6998444,"https://maps.google.com/?q=35.3143639,132.6998444",,,延喜式内社データベースの現社候補,KOKUGAKUIN_SHIKINAI,182917:1,2
T2S182918_1,［ID:182918］ 同社坐和加須西利比売神社,,,小,,,神門郡,,,,35.3143639,132.6998444,"https://maps.google.com/?q=35.3143639,132.6998444",,,延喜式内社データベースの現社候補,KOKUGAKUIN_SHIKINAI,182918:1,2
T2S182919_1,［ID:182919］ 佐伯神社,,,小,,,神門郡,,,,35.3321083,132.6934750,"https://maps.google.com/?q=35.3321083,132.6934750",,,延喜式内社データベースの現社候補,KOKUGAKUIN_SHIKINAI,182919:1,2
T2S182920_1,［ID:182920］ 智伊神社,,,小,,,神門郡,,,,35.3353194,132.7161278,"https://maps.google.com/?q=35.3353194,132.7161278",,,延喜式内社データベースの現社候補,KOKUGAKUIN_SHIKINAI,182920:1,2
T2S182921_1,［ID:182921］ 比布智神社,,,小,,,神門郡,,,,35.3344444,132.7288444,"https://maps.google.com/?q=35.3344444,132.7288444",,,延喜式内社データベースの現社候補,KOKUGAKUIN_SHIKINAI,182921:1,2
T2S182922_1,［ID:182922］ 同社坐神魂子角魂神社,,,小,,,神門郡,,,,35.3353194,132.7161278,"https://maps.google.com/?q=35.3353194,132.7161278",,,延喜式内社データベースの現社候補,KOKUGAKUIN_SHIKINAI,182922:1,2
T2S182923_1,［ID:182923］ 朝山神社,,,小,,,神門郡,,,,35.3192917,132.7728167,"https://maps.google.com/?q=35.3192917,132.7728167",,,延喜式内社データベースの現社候補,KOKUGAKUIN_SHIKINAI,182923:1,2
T2S182924_1,［ID:182924］ 阿利神社,,,小,,,神門郡,,,,35.3556389,132.7474806,"https://maps.google.com/?q=35.3556389,132.7474806",,,延喜式内社データベースの現社候補,KOKUGAKUIN_SHIKINAI,182924:1,2
T2S182925_1,［ID:182925］ 同社坐加利比売神社,,,小,,,神門郡,,,,35.3556389,132.7474806,"https://maps.google.com/?q=35.3556389,132.7474806",,,延喜式内社データベースの現社候補,KOKUGAKUIN_SHIKINAI,182925:1,2
T2S182926_1,［ID:182926］ 八野神社,,,小,,,神門郡,,,,35.3800250,132.7385750,"https://maps.google.com/?q=35.3800250,132.7385750",,,延喜式内社データベースの現社候補,KOKUGAKUIN_SHIKINAI,182926:1,2
T2S182927_1,［ID:182927］ 大山神社,,,小,,,神門郡,,,,35.3743667,132.7450111,"https://maps.google.com/?q=35.3743667,132.7450111",,,延喜式内社データベースの現社候補,KOKUGAKUIN_SHIKINAI,182927:1,2
T2S182930_1,［ID:182930］ 富能加神社,,,小,,,神門郡,,,,35.2969639,132.7651389,"https://maps.google.com/?q=35.2969639,132.7651389",,,延喜式内社データベースの現社候補,KOKUGAKUIN_SHIKINAI,182930:1,2
T2S182933_1,［ID:182933］ 比那神社,,,小,,,神門郡,,,,35.3711972,132.7550389,"https://maps.google.com/?q=35.3711972,132.7550389",,,延喜式内社データベースの現社候補,KOKUGAKUIN_SHIKINAI,182933:1,2
T2S182934_1,［ID:182934］ 阿須利神社,,,小,,,神門郡,,,,35.3675833,132.7727472,"https://maps.google.com/?q=35.3675833,132.7727472",,,延喜式内社データベースの現社候補,KOKUGAKUIN_SHIKINAI,182934:1,2
T2S182937_1,［ID:182937］ 三屋神社,,,小,,,飯石郡,,,,35.3005222,132.8781722,"https://maps.google.com/?q=35.3005222,132.8781722",,,延喜式内社データベースの現社候補,KOKUGAKUIN_SHIKINAI,182937:1,2
T2S182938_1,［ID:182938］ 多倍神社,,,小,,,飯石郡,,,,35.2395611,132.7114472,"https://maps.google.com/?q=35.2395611,132.7114472",,,延喜式内社データベースの現社候補,KOKUGAKUIN_SHIKINAI,182938:1,2
T2S182939_1,［ID:182939］ 飯石神社,,,小,,,飯石郡,,,,35.2528306,132.8713639,"https://maps.google.com/?q=35.2528306,132.8713639",,,延喜式内社データベースの現社候補,KOKUGAKUIN_SHIKINAI,182939:1,2
T2S182940_1,［ID:182940］ 須佐神社,,,小,,,飯石郡,,,,35.2345861,132.7370139,"https://maps.google.com/?q=35.2345861,132.7370139",,,延喜式内社データベースの現社候補,KOKUGAKUIN_SHIKINAI,182940:1,2
T2S182943_1,［ID:182943］ 三沢神社,,,小,,,仁多郡,,,,35.2053917,132.9741917,"https://maps.google.com/?q=35.2053917,132.9741917",,,延喜式内社データベースの現社候補,KOKUGAKUIN_SHIKINAI,182943:1,2
T2S182944_1,［ID:182944］ 宇能遅神社,,,小,,,大原郡,,,,35.3438333,132.9035722,"https://maps.google.com/?q=35.3438333,132.9035722",,,延喜式内社データベースの現社候補,KOKUGAKUIN_SHIKINAI,182944:1,2
T2S182945_1,［ID:182945］ 同社坐須美祢神社,,,小,,,大原郡,,,,35.3438333,132.9035722,"https://maps.google.com/?q=35.3438333,132.9035722",,,延喜式内社データベースの現社候補,KOKUGAKUIN_SHIKINAI,182945:1,2
T2S182946_1,［ID:182946］ 神原神社,,,小,,,大原郡,,,,35.3464500,132.8958222,"https://maps.google.com/?q=35.3464500,132.8958222",,,延喜式内社データベースの現社候補,KOKUGAKUIN_SHIKINAI,182946:1,2
T2S182947_1,［ID:182947］ 八口神社,,,小,,,大原郡,,,,35.3370972,132.8746306,"https://maps.google.com/?q=35.3370972,132.8746306",,,延喜式内社データベースの現社候補,KOKUGAKUIN_SHIKINAI,182947:1,2
T2S182948_1,［ID:182948］ 御代神社,,,小,,,大原郡,,,,35.3301056,132.8810250,"https://maps.google.com/?q=35.3301056,132.8810250",,,延喜式内社データベースの現社候補,KOKUGAKUIN_SHIKINAI,182948:1,2
T2S182949_1,［ID:182949］ 布須神社,,,小,,,大原郡,,,,35.3510000,132.8857194,"https://maps.google.com/?q=35.3510000,132.8857194",,,延喜式内社データベースの現社候補,KOKUGAKUIN_SHIKINAI,182949:1,2
T2S182950_1,［ID:182950］ 斐伊神社,,,小,,,大原郡,,,,35.3049028,132.9034083,"https://maps.google.com/?q=35.3049028,132.9034083",,,延喜式内社データベースの現社候補,KOKUGAKUIN_SHIKINAI,182950:1,2
T2S182951_1,［ID:182951］ 同社坐斐伊波夜比古神社,,,小,,,大原郡,,,,35.3049028,132.9034083,"https://maps.google.com/?q=35.3049028,132.9034083",,,延喜式内社データベースの現社候補,KOKUGAKUIN_SHIKINAI,182951:1,2
T2S182952_1,［ID:182952］ 来次神社,,,小,,,大原郡,,,,35.2861778,132.9096667,"https://maps.google.com/?q=35.2861778,132.9096667",,,延喜式内社データベースの現社候補,KOKUGAKUIN_SHIKINAI,182952:1,2
T2S182953_1,［ID:182953］ 加多神社,,,小,,,大原郡,,,,35.3296222,132.9664889,"https://maps.google.com/?q=35.3296222,132.9664889",,,延喜式内社データベースの現社候補,KOKUGAKUIN_SHIKINAI,182953:1,2
T2S182954_1,［ID:182954］ 佐世神社,,,小,,,大原郡,,,,35.3089722,132.9493778,"https://maps.google.com/?q=35.3089722,132.9493778",,,延喜式内社データベースの現社候補,KOKUGAKUIN_SHIKINAI,182954:1,2
T2S182955_1,［ID:182955］ 西利太神社,,,小,,,大原郡,,,,35.3174028,132.9860250,"https://maps.google.com/?q=35.3174028,132.9860250",,,延喜式内社データベースの現社候補,KOKUGAKUIN_SHIKINAI,182955:1,2
T2S182956_1,［ID:182956］ 海潮神社,,,小,,,大原郡,,,,35.3331278,133.0265472,"https://maps.google.com/?q=35.3331278,133.0265472",,,延喜式内社データベースの現社候補,KOKUGAKUIN_SHIKINAI,182956:1,2
T2S182958_1,［ID:182958］ 物部神社,,,小,,,安濃郡,,,,35.1547361,132.5133111,"https://maps.google.com/?q=35.1547361,132.5133111",,,延喜式内社データベースの現社候補,KOKUGAKUIN_SHIKINAI,182958:1,2
T2S182959_1,［ID:182959］ 苅田神社,,,小,,,安濃郡,,,,35.2340028,132.5085944,"https://maps.google.com/?q=35.2340028,132.5085944",,,延喜式内社データベースの現社候補,KOKUGAKUIN_SHIKINAI,182959:1,2
T2S182960_1,［ID:182960］ 刺鹿神社,,,小,,,安濃郡,,,,35.2167417,132.5134722,"https://maps.google.com/?q=35.2167417,132.5134722",,,延喜式内社データベースの現社候補,KOKUGAKUIN_SHIKINAI,182960:1,2
T2S182961_1,［ID:182961］ 朝倉彦命神社,,,小,,,安濃郡,,,,35.2489000,132.5649083,"https://maps.google.com/?q=35.2489000,132.5649083",,,延喜式内社データベースの現社候補,KOKUGAKUIN_SHIKINAI,182961:1,2
T2S182962_1,［ID:182962］ 新具蘇姫命神社,,,小,,,安濃郡,,,,35.1661417,132.5107222,"https://maps.google.com/?q=35.1661417,132.5107222",,,延喜式内社データベースの現社候補,KOKUGAKUIN_SHIKINAI,182962:1,2
T2S182963_1,［ID:182963］ 迩弊姫神社,,,小,,,安濃郡,,,,35.1949139,132.4754500,"https://maps.google.com/?q=35.1949139,132.4754500",,,延喜式内社データベースの現社候補,KOKUGAKUIN_SHIKINAI,182963:1,2
T2S182964_1,［ID:182964］ 佐比売山神社,,,小,,,安濃郡,,,,35.1721583,132.5987444,"https://maps.google.com/?q=35.1721583,132.5987444",,,延喜式内社データベースの現社候補,KOKUGAKUIN_SHIKINAI,182964:1,2
T2S182965_1,［ID:182965］ 野井神社,,,小,,,安濃郡,,,,35.2049361,132.4877000,"https://maps.google.com/?q=35.2049361,132.4877000",,,延喜式内社データベースの現社候補,KOKUGAKUIN_SHIKINAI,182965:1,2
T2S182966_1,［ID:182966］ 静間神社,,,小,,,安濃郡,,,,35.2018500,132.4557278,"https://maps.google.com/?q=35.2018500,132.4557278",,,延喜式内社データベースの現社候補,KOKUGAKUIN_SHIKINAI,182966:1,2
T2S182967_1,［ID:182967］ 神辺神社,,,小,,,安濃郡,,,,35.2135500,132.4973139,"https://maps.google.com/?q=35.2135500,132.4973139",,,延喜式内社データベースの現社候補,KOKUGAKUIN_SHIKINAI,182967:1,2
T2S182968_1,［ID:182968］ 城上神社,,,小,,,迩摩郡,,,,35.1226028,132.4484667,"https://maps.google.com/?q=35.1226028,132.4484667",,,延喜式内社データベースの現社候補,KOKUGAKUIN_SHIKINAI,182968:1,2
T2S182970_1,［ID:182970］ 霹靂神社,,,小,,,迩摩郡,,,,35.1044000,132.3800611,"https://maps.google.com/?q=35.1044000,132.3800611",,,延喜式内社データベースの現社候補,KOKUGAKUIN_SHIKINAI,182970:1,2
T2S182971_1,［ID:182971］ 水上神社,,,小,,,迩摩郡,,,,35.0905167,132.3951194,"https://maps.google.com/?q=35.0905167,132.3951194",,,延喜式内社データベースの現社候補,KOKUGAKUIN_SHIKINAI,182971:1,2
T2S182973_1,［ID:182973］ 多鳩神社,,,小,,,那賀郡,,,,34.9695083,132.2012556,"https://maps.google.com/?q=34.9695083,132.2012556",,,延喜式内社データベースの現社候補,KOKUGAKUIN_SHIKINAI,182973:1,2
T2S182974_1,［ID:182974］ 津門神社,,,小,,,那賀郡,,,,34.9708667,132.1505917,"https://maps.google.com/?q=34.9708667,132.1505917",,,延喜式内社データベースの現社候補,KOKUGAKUIN_SHIKINAI,182974:1,2
T2S182975_1,［ID:182975］ 伊甘神社,,,小,,,那賀郡,,,,34.9298278,132.1104611,"https://maps.google.com/?q=34.9298278,132.1104611",,,延喜式内社データベースの現社候補,KOKUGAKUIN_SHIKINAI,182975:1,2
T2S182976_1,［ID:182976］ 大麻山神社,,,小,,,那賀郡,,,,34.8201111,132.0106111,"https://maps.google.com/?q=34.8201111,132.0106111",,,延喜式内社データベースの現社候補,KOKUGAKUIN_SHIKINAI,182976:1,2
T2S182977_1,［ID:182977］ 石見天豊足柄姫命神社,,,小,,,那賀郡,,,,34.9006750,132.0788417,"https://maps.google.com/?q=34.9006750,132.0788417",,,延喜式内社データベースの現社候補,KOKUGAKUIN_SHIKINAI,182977:1,2
T2S182978_1,［ID:182978］ 大祭天石門彦神社,,,小,,,那賀郡,,,,34.8941333,132.1042083,"https://maps.google.com/?q=34.8941333,132.1042083",,,延喜式内社データベースの現社候補,KOKUGAKUIN_SHIKINAI,182978:1,2
T2S182979_1,［ID:182979］ 大飯彦命神社,,,小,,,那賀郡,,,,35.0138306,132.2489222,"https://maps.google.com/?q=35.0138306,132.2489222",,,延喜式内社データベースの現社候補,KOKUGAKUIN_SHIKINAI,182979:1,2
T2S182980_1,［ID:182980］ 櫛色天蘿箇彦命神社,,,小,,,那賀郡,,,,34.9511583,132.1342500,"https://maps.google.com/?q=34.9511583,132.1342500",,,延喜式内社データベースの現社候補,KOKUGAKUIN_SHIKINAI,182980:1,2
T2S182983_1,［ID:182983］ 夜須神社,,,小,,,那賀郡,,,,34.9737083,132.2049278,"https://maps.google.com/?q=34.9737083,132.2049278",,,延喜式内社データベースの現社候補,KOKUGAKUIN_SHIKINAI,182983:1,2
T2S182984_1,［ID:182984］ 天津神社,,,小,,,邑智郡,,,,35.0456917,132.5726917,"https://maps.google.com/?q=35.0456917,132.5726917",,,延喜式内社データベースの現社候補,KOKUGAKUIN_SHIKINAI,182984:1,2
T2S182985_1,［ID:182985］ 田立建埋根命神社,,,小,,,邑智郡,,,,34.9572306,132.5953778,"https://maps.google.com/?q=34.9572306,132.5953778",,,延喜式内社データベースの現社候補,KOKUGAKUIN_SHIKINAI,182985:1,2
T2S182988_1,［ID:182988］ 佐毘売山神社,,,小,,,美濃郡,,,,34.6801500,131.8933056,"https://maps.google.com/?q=34.6801500,131.8933056",,,延喜式内社データベースの現社候補,KOKUGAKUIN_SHIKINAI,182988:1,2
T2S182989_1,［ID:182989］ 染羽天石勝命神社,,,小,,,美濃郡,,,,34.6802417,131.8610139,"https://maps.google.com/?q=34.6802417,131.8610139",,,延喜式内社データベースの現社候補,KOKUGAKUIN_SHIKINAI,182989:1,2
T2S182990_1,［ID:182990］ 櫛代賀姫命神社,,,小,,,美濃郡,,,,34.7011667,131.8400583,"https://maps.google.com/?q=34.7011667,131.8400583",,,延喜式内社データベースの現社候補,KOKUGAKUIN_SHIKINAI,182990:1,2
T2S182991_1,［ID:182991］ 小野天大神之多初阿豆委居命神社,,,小,,,美濃郡,,,,34.6697556,131.7353222,"https://maps.google.com/?q=34.6697556,131.7353222",,,延喜式内社データベースの現社候補,KOKUGAKUIN_SHIKINAI,182991:1,2
T2S182992_1,［ID:182992］ 由良比女神社,,,名大,,,知夫郡,,,,36.0920333,132.9878667,"https://maps.google.com/?q=36.0920333,132.9878667",,,延喜式内社データベースの現社候補,KOKUGAKUIN_SHIKINAI,182992:1,2
T2S182993_1,［ID:182993］ 大山神社,,,小,,,知夫郡,,,,36.0992667,133.0189917,"https://maps.google.com/?q=36.0992667,133.0189917",,,延喜式内社データベースの現社候補,KOKUGAKUIN_SHIKINAI,182993:1,2
T2S182994_1,［ID:182994］ 海神社,,,小,,,知夫郡,,,,36.1141917,133.0461250,"https://maps.google.com/?q=36.1141917,133.0461250",,,延喜式内社データベースの現社候補,KOKUGAKUIN_SHIKINAI,182994:1,2
T2S182995_1,［ID:182995］ 比奈麻治比売命神社,,,小,,,知夫郡,,,,36.1181750,133.0721667,"https://maps.google.com/?q=36.1181750,133.0721667",,,延喜式内社データベースの現社候補,KOKUGAKUIN_SHIKINAI,182995:1,2
T2S182996_1,［ID:182996］ 真気命神社,,,小,,,知夫郡,,,,36.1159417,133.0552472,"https://maps.google.com/?q=36.1159417,133.0552472",,,延喜式内社データベースの現社候補,KOKUGAKUIN_SHIKINAI,182996:1,2
T2S182997_1,［ID:182997］ 天佐志比古命神社,,,小,,,知夫郡,,,,36.0137389,133.0419722,"https://maps.google.com/?q=36.0137389,133.0419722",,,延喜式内社データベースの現社候補,KOKUGAKUIN_SHIKINAI,182997:1,2
T2S182998_1,［ID:182998］ 奈伎良比売命神社,,,小,,,海部郡,,,,36.1044333,133.1221833,"https://maps.google.com/?q=36.1044333,133.1221833",,,延喜式内社データベースの現社候補,KOKUGAKUIN_SHIKINAI,182998:1,2
T2S182999_1,［ID:182999］ 宇受加命神社,,,名大,,,海部郡,,,,36.1161306,133.1088833,"https://maps.google.com/?q=36.1161306,133.1088833",,,延喜式内社データベースの現社候補,KOKUGAKUIN_SHIKINAI,182999:1,2
T2S183000_1,［ID:183000］ 賀茂那備神社,,,小,,,周吉郡,,,,36.1884722,133.2783333,"https://maps.google.com/?q=36.1884722,133.2783333",,,延喜式内社データベースの現社候補,KOKUGAKUIN_SHIKINAI,183000:1,2
T2S183001_1,［ID:183001］ 水祖神社,,,小,,,周吉郡,,,,36.2030667,133.3311167,"https://maps.google.com/?q=36.2030667,133.3311167",,,延喜式内社データベースの現社候補,KOKUGAKUIN_SHIKINAI,183001:1,2
T2S183002_1,［ID:183002］ 玉若酢命神社,,,小,,,周吉郡,,,,36.2070500,133.3126639,"https://maps.google.com/?q=36.2070500,133.3126639",,,延喜式内社データベースの現社候補,KOKUGAKUIN_SHIKINAI,183002:1,2
T2S183003_1,［ID:183003］ 和気能須命神社,,,小,,,周吉郡,,,,36.2067694,133.3073111,"https://maps.google.com/?q=36.2067694,133.3073111",,,延喜式内社データベースの現社候補,KOKUGAKUIN_SHIKINAI,183003:1,2
T2S183004_1,［ID:183004］ 天健金草神社,,,小,,,穏地郡,,,,36.2056806,133.2308861,"https://maps.google.com/?q=36.2056806,133.2308861",,,延喜式内社データベースの現社候補,KOKUGAKUIN_SHIKINAI,183004:1,2
T2S183005_1,［ID:183005］ 水若酢命神社,,,名大,,,穏地郡,,,,36.2801278,133.2489889,"https://maps.google.com/?q=36.2801278,133.2489889",,,延喜式内社データベースの現社候補,KOKUGAKUIN_SHIKINAI,183005:1,2
T2S183006_1,［ID:183006］ 伊勢命神社,,,名大,,,穏地郡,,,,36.3197528,133.2354472,"https://maps.google.com/?q=36.3197528,133.2354472",,,延喜式内社データベースの現社候補,KOKUGAKUIN_SHIKINAI,183006:1,2
T2S183007_1,［ID:183007］ 宇留神社,,,小,,,明石郡,,,,34.7089694,134.9881778,"https://maps.google.com/?q=34.7089694,134.9881778",,,延喜式内社データベースの現社候補,KOKUGAKUIN_SHIKINAI,183007:1,2
T2S183009_1,［ID:183009］ 海神社（三座）,,,名大,,,明石郡,,,,34.6287250,135.0542583,"https://maps.google.com/?q=34.6287250,135.0542583",,,延喜式内社データベースの現社候補,KOKUGAKUIN_SHIKINAI,183009:1,2
T2S183011_1,［ID:183011］ 林神社,,,小,,,明石郡,,,,34.6519972,134.9698694,"https://maps.google.com/?q=34.6519972,134.9698694",,,延喜式内社データベースの現社候補,KOKUGAKUIN_SHIKINAI,183011:1,2
T2S183012_1,［ID:183012］ 赤羽神社,,,小,,,明石郡,,,,34.6622556,135.0050528,"https://maps.google.com/?q=34.6622556,135.0050528",,,延喜式内社データベースの現社候補,KOKUGAKUIN_SHIKINAI,183012:1,2
T2S183014_1,［ID:183014］ 日岡坐天伊佐佐比古神社,,,小,,,賀古郡,,,,34.7804639,134.8602806,"https://maps.google.com/?q=34.7804639,134.8602806",,,延喜式内社データベースの現社候補,KOKUGAKUIN_SHIKINAI,183014:1,2
T2S183015_1,［ID:183015］ 射楯兵主神社,,,小,,,餝磨郡,,,,34.8338750,134.6969611,"https://maps.google.com/?q=34.8338750,134.6969611",,,延喜式内社データベースの現社候補,KOKUGAKUIN_SHIKINAI,183015:1,2
T2S183016_1,［ID:183016］ 白国神社,,,小,,,餝磨郡,,,,34.8643917,134.7038417,"https://maps.google.com/?q=34.8643917,134.7038417",,,延喜式内社データベースの現社候補,KOKUGAKUIN_SHIKINAI,183016:1,2
T2S183017_1,［ID:183017］ 高岳神社,,,小,,,餝磨郡,,,,34.8482556,134.6621000,"https://maps.google.com/?q=34.8482556,134.6621000",,,延喜式内社データベースの現社候補,KOKUGAKUIN_SHIKINAI,183017:1,2
T2S183018_1,［ID:183018］ 粒坐天照神社,,,名大,,,揖保郡,,,,34.8636139,134.5403000,"https://maps.google.com/?q=34.8636139,134.5403000",,,延喜式内社データベースの現社候補,KOKUGAKUIN_SHIKINAI,183018:1,2
T2S183019_1,［ID:183019］ 阿宗神社,,,小,,,揖保郡,,,,34.8475528,134.5649250,"https://maps.google.com/?q=34.8475528,134.5649250",,,延喜式内社データベースの現社候補,KOKUGAKUIN_SHIKINAI,183019:1,2
T2S183023_1,［ID:183023］ 夜比良神社,,,小,,,揖保郡,,,,34.8376444,134.5369778,"https://maps.google.com/?q=34.8376444,134.5369778",,,延喜式内社データベースの現社候補,KOKUGAKUIN_SHIKINAI,183023:1,2
T2S183028_1,［ID:183028］ 伊和坐大名持御魂神社,,,名大,,,宍粟郡,,,,35.0876889,134.5864250,"https://maps.google.com/?q=35.0876889,134.5864250",,,延喜式内社データベースの現社候補,KOKUGAKUIN_SHIKINAI,183028:1,2
T2S183029_1,［ID:183029］ 御形神社,,,小,,,宍粟郡,,,,35.1894167,134.6299472,"https://maps.google.com/?q=35.1894167,134.6299472",,,延喜式内社データベースの現社候補,KOKUGAKUIN_SHIKINAI,183029:1,2
T2S183030_1,［ID:183030］ 庭田神社,,,小,,,宍粟郡,,,,35.1136083,134.6080500,"https://maps.google.com/?q=35.1136083,134.6080500",,,延喜式内社データベースの現社候補,KOKUGAKUIN_SHIKINAI,183030:1,2
T2S183031_1,［ID:183031］ 雨祈神社,,,小,,,宍粟郡,,,,34.9943611,134.5451389,"https://maps.google.com/?q=34.9943611,134.5451389",,,延喜式内社データベースの現社候補,KOKUGAKUIN_SHIKINAI,183031:1,2
T2S183032_1,［ID:183032］ 与比神社,,,小,,,宍粟郡,,,,35.0616861,134.5683500,"https://maps.google.com/?q=35.0616861,134.5683500",,,延喜式内社データベースの現社候補,KOKUGAKUIN_SHIKINAI,183032:1,2
T2S183033_1,［ID:183033］ 大倭物代主神社,,,小,,,宍粟郡,,,,35.0295556,134.5175583,"https://maps.google.com/?q=35.0295556,134.5175583",,,延喜式内社データベースの現社候補,KOKUGAKUIN_SHIKINAI,183033:1,2
T2S183034_1,［ID:183034］ 迩志神社,,,小,,,宍粟郡,,,,35.1780694,134.5372278,"https://maps.google.com/?q=35.1780694,134.5372278",,,延喜式内社データベースの現社候補,KOKUGAKUIN_SHIKINAI,183034:1,2
T2S183035_1,［ID:183035］ 佐用都比売神社,,,小,,,佐用郡,,,,35.0170583,134.3655806,"https://maps.google.com/?q=35.0170583,134.3655806",,,延喜式内社データベースの現社候補,KOKUGAKUIN_SHIKINAI,183035:1,2
T2S183036_1,［ID:183036］ 天一神玉神社,,,小,,,佐用郡,,,,35.0080361,134.4151500,"https://maps.google.com/?q=35.0080361,134.4151500",,,延喜式内社データベースの現社候補,KOKUGAKUIN_SHIKINAI,183036:1,2
T2S183037_1,［ID:183037］ 御坂神社,,,小,,,美嚢郡,,,,34.7915139,135.0566861,"https://maps.google.com/?q=34.7915139,135.0566861",,,延喜式内社データベースの現社候補,KOKUGAKUIN_SHIKINAI,183037:1,2
T2S183038_1,［ID:183038］ 新次神社,,,小,,,神埼郡,,,,34.8716500,134.7429944,"https://maps.google.com/?q=34.8716500,134.7429944",,,延喜式内社データベースの現社候補,KOKUGAKUIN_SHIKINAI,183038:1,2
T2S183039_1,［ID:183039］ 田川神社,,,小,,,神埼郡,,,,34.9083500,134.7040639,"https://maps.google.com/?q=34.9083500,134.7040639",,,延喜式内社データベースの現社候補,KOKUGAKUIN_SHIKINAI,183039:1,2
T2S183040_1,［ID:183040］ 荒田神社,,,小,,,多可郡,,,,35.0838306,134.8863333,"https://maps.google.com/?q=35.0838306,134.8863333",,,延喜式内社データベースの現社候補,KOKUGAKUIN_SHIKINAI,183040:1,2
T2S183041_1,［ID:183041］ 兵主神社,,,小,,,多可郡,,,,35.0248500,134.9939583,"https://maps.google.com/?q=35.0248500,134.9939583",,,延喜式内社データベースの現社候補,KOKUGAKUIN_SHIKINAI,183041:1,2
T2S183042_1,［ID:183042］ 古奈為神社,,,小,,,多可郡,,,,35.0670972,135.0139889,"https://maps.google.com/?q=35.0670972,135.0139889",,,延喜式内社データベースの現社候補,KOKUGAKUIN_SHIKINAI,183042:1,2
T2S183043_1,［ID:183043］ 加都良乃命神社,,,小,,,多可郡,,,,35.0522528,134.9330639,"https://maps.google.com/?q=35.0522528,134.9330639",,,延喜式内社データベースの現社候補,KOKUGAKUIN_SHIKINAI,183043:1,2
T2S183044_1,［ID:183044］ 大津乃命神社,,,小,,,多可郡,,,,34.9966028,134.9924694,"https://maps.google.com/?q=34.9966028,134.9924694",,,延喜式内社データベースの現社候補,KOKUGAKUIN_SHIKINAI,183044:1,2
T2S183045_1,［ID:183045］ 天目一神社,,,小,,,多可郡,,,,35.0190306,134.9528500,"https://maps.google.com/?q=35.0190306,134.9528500",,,延喜式内社データベースの現社候補,KOKUGAKUIN_SHIKINAI,183045:1,2
T2S183047_1,［ID:183047］ 石部神社,,,小,,,賀茂郡,,,,34.9522694,134.8633333,"https://maps.google.com/?q=34.9522694,134.8633333",,,延喜式内社データベースの現社候補,KOKUGAKUIN_SHIKINAI,183047:1,2
T2S183051_1,［ID:183051］ 木梨神社,,,小,,,賀茂郡,,,,34.9237944,134.9904694,"https://maps.google.com/?q=34.9237944,134.9904694",,,延喜式内社データベースの現社候補,KOKUGAKUIN_SHIKINAI,183051:1,2
T2S183052_1,［ID:183052］ 垣田神社,,,小,,,賀茂郡,,,,34.8843528,134.9966000,"https://maps.google.com/?q=34.8843528,134.9966000",,,延喜式内社データベースの現社候補,KOKUGAKUIN_SHIKINAI,183052:1,2
T2S183054_1,［ID:183054］ 佐波良神社,,,小,,,大庭郡,,,,35.1823917,133.7603306,"https://maps.google.com/?q=35.1823917,133.7603306",,,延喜式内社データベースの現社候補,KOKUGAKUIN_SHIKINAI,183054:1,2
T2S183055_1,［ID:183055］ 形部神社,,,小,,,大庭郡,,,,35.1823917,133.7603306,"https://maps.google.com/?q=35.1823917,133.7603306",,,延喜式内社データベースの現社候補,KOKUGAKUIN_SHIKINAI,183055:1,2
T2S183057_1,［ID:183057］ 横見神社,,,小,,,大庭郡,,,,35.1810556,133.7499250,"https://maps.google.com/?q=35.1810556,133.7499250",,,延喜式内社データベースの現社候補,KOKUGAKUIN_SHIKINAI,183057:1,2
T2S183062_1,［ID:183062］ 中山神社,,,名大,,,苫東郡,,,,35.1001583,133.9946972,"https://maps.google.com/?q=35.1001583,133.9946972",,,延喜式内社データベースの現社候補,KOKUGAKUIN_SHIKINAI,183062:1,2
T2S183063_1,［ID:183063］ 天石門別神社,,,小,,,英多郡,,,,34.9327222,134.2044861,"https://maps.google.com/?q=34.9327222,134.2044861",,,延喜式内社データベースの現社候補,KOKUGAKUIN_SHIKINAI,183063:1,2
T2S183064_1,［ID:183064］ 美和神社,,,小,,,邑久郡,,,,34.6751472,134.1448889,"https://maps.google.com/?q=34.6751472,134.1448889",,,延喜式内社データベースの現社候補,KOKUGAKUIN_SHIKINAI,183064:1,2
T2S183065_1,［ID:183065］ 片山日子神社,,,小,,,邑久郡,,,,34.6968167,134.1055833,"https://maps.google.com/?q=34.6968167,134.1055833",,,延喜式内社データベースの現社候補,KOKUGAKUIN_SHIKINAI,183065:1,2
T2S183066_1,［ID:183066］ 安仁神社,,,名大,,,邑久郡,,,,34.6104222,134.0958861,"https://maps.google.com/?q=34.6104222,134.0958861",,,延喜式内社データベースの現社候補,KOKUGAKUIN_SHIKINAI,183066:1,2
T2S183067_1,［ID:183067］ 鴨神社,,,小,,,赤坂郡,,,,34.8695083,133.9941028,"https://maps.google.com/?q=34.8695083,133.9941028",,,延喜式内社データベースの現社候補,KOKUGAKUIN_SHIKINAI,183067:1,2
T2S183068_1,［ID:183068］ 宗形神社,,,小,,,赤坂郡,,,,34.9313222,134.0496083,"https://maps.google.com/?q=34.9313222,134.0496083",,,延喜式内社データベースの現社候補,KOKUGAKUIN_SHIKINAI,183068:1,2
T2S183069_1,［ID:183069］ 石上布都之魂神社,,,小,,,赤坂郡,,,,34.8518750,133.9697139,"https://maps.google.com/?q=34.8518750,133.9697139",,,延喜式内社データベースの現社候補,KOKUGAKUIN_SHIKINAI,183069:1,2
T2S183070_1,［ID:183070］ 布勢神社,,,小,,,赤坂郡,,,,34.8753417,133.9933667,"https://maps.google.com/?q=34.8753417,133.9933667",,,延喜式内社データベースの現社候補,KOKUGAKUIN_SHIKINAI,183070:1,2
T2S183071_1,［ID:183071］ 神根神社,,,小,,,和気郡,,,,34.8430917,134.2346500,"https://maps.google.com/?q=34.8430917,134.2346500",,,延喜式内社データベースの現社候補,KOKUGAKUIN_SHIKINAI,183071:1,2
T2S183072_1,［ID:183072］ 大神神社,,,小,,,上道郡,,,,34.6977333,133.9804139,"https://maps.google.com/?q=34.6977333,133.9804139",,,延喜式内社データベースの現社候補,KOKUGAKUIN_SHIKINAI,183072:1,2
T2S183074_1,［ID:183074］ 尾針神社,,,小,,,御野郡,,,,34.6746722,133.9085861,"https://maps.google.com/?q=34.6746722,133.9085861",,,延喜式内社データベースの現社候補,KOKUGAKUIN_SHIKINAI,183074:1,2
T2S183075_1,［ID:183075］ 天神社,,,小,,,御野郡,,,,34.6963528,133.9375361,"https://maps.google.com/?q=34.6963528,133.9375361",,,延喜式内社データベースの現社候補,KOKUGAKUIN_SHIKINAI,183075:1,2
T2S183076_1,［ID:183076］ 伊勢神社,,,小,,,御野郡,,,,34.6746472,133.9294056,"https://maps.google.com/?q=34.6746472,133.9294056",,,延喜式内社データベースの現社候補,KOKUGAKUIN_SHIKINAI,183076:1,2
T2S183077_1,［ID:183077］ 天計神社,,,小,,,御野郡,,,,34.6839917,133.9309444,"https://maps.google.com/?q=34.6839917,133.9309444",,,延喜式内社データベースの現社候補,KOKUGAKUIN_SHIKINAI,183077:1,2
T2S183078_1,［ID:183078］ 国神社,,,小,,,御野郡,,,,34.6696111,133.9032472,"https://maps.google.com/?q=34.6696111,133.9032472",,,延喜式内社データベースの現社候補,KOKUGAKUIN_SHIKINAI,183078:1,2
T2S183079_1,［ID:183079］ 石門別神社,,,小,,,御野郡,,,,34.6523167,133.9154472,"https://maps.google.com/?q=34.6523167,133.9154472",,,延喜式内社データベースの現社候補,KOKUGAKUIN_SHIKINAI,183079:1,2
T2S183080_1,［ID:183080］ 尾治針名真若比女神社,,,小,,,御野郡,,,,34.6892917,133.9063028,"https://maps.google.com/?q=34.6892917,133.9063028",,,延喜式内社データベースの現社候補,KOKUGAKUIN_SHIKINAI,183080:1,2
T2S183081_1,［ID:183081］ 鴨神社,,,小,,,津高郡,,,,34.8516833,133.8050111,"https://maps.google.com/?q=34.8516833,133.8050111",,,延喜式内社データベースの現社候補,KOKUGAKUIN_SHIKINAI,183081:1,2
T2S183082_1,［ID:183082］ 宗形神社,,,小,,,津高郡,,,,34.6959833,133.8595111,"https://maps.google.com/?q=34.6959833,133.8595111",,,延喜式内社データベースの現社候補,KOKUGAKUIN_SHIKINAI,183082:1,2
T2S183083_1,［ID:183083］ 鴨神社,,,小,,,児島郡,,,,34.4937306,133.8946333,"https://maps.google.com/?q=34.4937306,133.8946333",,,延喜式内社データベースの現社候補,KOKUGAKUIN_SHIKINAI,183083:1,2
T2S183084_1,［ID:183084］ 田土浦坐神社,,,小,,,児島郡,,,,34.4376139,133.8067778,"https://maps.google.com/?q=34.4376139,133.8067778",,,延喜式内社データベースの現社候補,KOKUGAKUIN_SHIKINAI,183084:1,2
T2S183085_1,［ID:183085］ 百射山神社,,,小,,,窪屋郡,,,,34.6612583,133.7470472,"https://maps.google.com/?q=34.6612583,133.7470472",,,延喜式内社データベースの現社候補,KOKUGAKUIN_SHIKINAI,183085:1,2
T2S183086_1,［ID:183086］ 足高神社,,,小,,,窪屋郡,,,,34.5774972,133.7645417,"https://maps.google.com/?q=34.5774972,133.7645417",,,延喜式内社データベースの現社候補,KOKUGAKUIN_SHIKINAI,183086:1,2
T2S183087_1,［ID:183087］ 菅生神社,,,小,,,窪屋郡,,,,34.6190333,133.7613861,"https://maps.google.com/?q=34.6190333,133.7613861",,,延喜式内社データベースの現社候補,KOKUGAKUIN_SHIKINAI,183087:1,2
T2S183088_1,［ID:183088］ 古郡神社,,,小,,,賀夜郡,,,,34.6917472,133.7682583,"https://maps.google.com/?q=34.6917472,133.7682583",,,延喜式内社データベースの現社候補,KOKUGAKUIN_SHIKINAI,183088:1,2
T2S183090_1,［ID:183090］ 鼓神社,,,小,,,賀夜郡,,,,34.7764500,133.8276833,"https://maps.google.com/?q=34.7764500,133.8276833",,,延喜式内社データベースの現社候補,KOKUGAKUIN_SHIKINAI,183090:1,2
T2S183091_1,［ID:183091］ 吉備津彦神社,,,名大,,,賀夜郡,,,,34.6706889,133.8508333,"https://maps.google.com/?q=34.6706889,133.8508333",,,延喜式内社データベースの現社候補,KOKUGAKUIN_SHIKINAI,183091:1,2
T2S183092_1,［ID:183092］ 石畳神社,,,小,,,下道郡,,,,34.7019528,133.7208861,"https://maps.google.com/?q=34.7019528,133.7208861",,,延喜式内社データベースの現社候補,KOKUGAKUIN_SHIKINAI,183092:1,2
T2S183093_1,［ID:183093］ 神神社,,,小,,,下道郡,,,,34.6638694,133.7028417,"https://maps.google.com/?q=34.6638694,133.7028417",,,延喜式内社データベースの現社候補,KOKUGAKUIN_SHIKINAI,183093:1,2
T2S183094_1,［ID:183094］ 麻佐岐神社,,,小,,,下道郡,,,,34.6916944,133.6889167,"https://maps.google.com/?q=34.6916944,133.6889167",,,延喜式内社データベースの現社候補,KOKUGAKUIN_SHIKINAI,183094:1,2
T2S183095_1,［ID:183095］ 横田神社,,,小,,,下道郡,,,,34.6770167,133.6814333,"https://maps.google.com/?q=34.6770167,133.6814333",,,延喜式内社データベースの現社候補,KOKUGAKUIN_SHIKINAI,183095:1,2
T2S183098_1,［ID:183098］ 神島神社,,,小,,,小田郡,,,,34.4496611,133.5137778,"https://maps.google.com/?q=34.4496611,133.5137778",,,延喜式内社データベースの現社候補,KOKUGAKUIN_SHIKINAI,183098:1,2
T2S183099_1,［ID:183099］ 鵜江神社,,,小,,,小田郡,,,,34.6229417,133.5693417,"https://maps.google.com/?q=34.6229417,133.5693417",,,延喜式内社データベースの現社候補,KOKUGAKUIN_SHIKINAI,183099:1,2
T2S183101_1,［ID:183101］ 比売坂鍾乳穴神社,,,小,,,英賀郡,,,,34.9816750,133.6046333,"https://maps.google.com/?q=34.9816750,133.6046333",,,延喜式内社データベースの現社候補,KOKUGAKUIN_SHIKINAI,183101:1,2
T2S183102_1,［ID:183102］ 井戸鍾乳穴神社,,,小,,,英賀郡,,,,34.9564139,133.6726611,"https://maps.google.com/?q=34.9564139,133.6726611",,,延喜式内社データベースの現社候補,KOKUGAKUIN_SHIKINAI,183102:1,2
T2S183103_1,［ID:183103］ 多祁伊奈太伎佐耶布都神社,,,小,,,安那郡,,,,34.6595806,133.3529528,"https://maps.google.com/?q=34.6595806,133.3529528",,,延喜式内社データベースの現社候補,KOKUGAKUIN_SHIKINAI,183103:1,2
T2S183104_1,［ID:183104］ 天別豊姫神社,,,小,,,安那郡,,,,34.5389083,133.3840139,"https://maps.google.com/?q=34.5389083,133.3840139",,,延喜式内社データベースの現社候補,KOKUGAKUIN_SHIKINAI,183104:1,2
T2S183105_1,［ID:183105］ 須佐能袁能神社,,,小,,,深津郡,,,,34.5527389,133.2791917,"https://maps.google.com/?q=34.5527389,133.2791917",,,延喜式内社データベースの現社候補,KOKUGAKUIN_SHIKINAI,183105:1,2
T2S183106_1,［ID:183106］ 邇比都売神社,,,小,,,奴可郡,,,,34.9328194,133.1170250,"https://maps.google.com/?q=34.9328194,133.1170250",,,延喜式内社データベースの現社候補,KOKUGAKUIN_SHIKINAI,183106:1,2
T2S183107_1,［ID:183107］ 高諸神社,,,小,,,沼隈郡,,,,34.4480861,133.2442278,"https://maps.google.com/?q=34.4480861,133.2442278",,,延喜式内社データベースの現社候補,KOKUGAKUIN_SHIKINAI,183107:1,2
T2S183108_1,［ID:183108］ 沼名前神社,,,小,,,沼隈郡,,,,34.3861917,133.3785611,"https://maps.google.com/?q=34.3861917,133.3785611",,,延喜式内社データベースの現社候補,KOKUGAKUIN_SHIKINAI,183108:1,2
T2S183109_1,［ID:183109］ 比古佐須伎神社,,,小,,,沼隈郡,,,,34.4580722,133.3429389,"https://maps.google.com/?q=34.4580722,133.3429389",,,延喜式内社データベースの現社候補,KOKUGAKUIN_SHIKINAI,183109:1,2
T2S183111_1,［ID:183111］ 賀武奈備神社,,,小,,,葦田郡,,,,34.5826250,133.2234833,"https://maps.google.com/?q=34.5826250,133.2234833",,,延喜式内社データベースの現社候補,KOKUGAKUIN_SHIKINAI,183111:1,2
T2S183113_1,［ID:183113］ 意加美神社,,,小,,,甲奴郡,,,,34.7826444,133.0399222,"https://maps.google.com/?q=34.7826444,133.0399222",,,延喜式内社データベースの現社候補,KOKUGAKUIN_SHIKINAI,183113:1,2
T2S183115_1,［ID:183115］ 多加意加美神社,,,小,,,恵蘇郡,,,,34.9151917,132.8997556,"https://maps.google.com/?q=34.9151917,132.8997556",,,延喜式内社データベースの現社候補,KOKUGAKUIN_SHIKINAI,183115:1,2
T2S183116_1,［ID:183116］ 賀羅加波神社,,,小,,,御調郡,,,,34.4173944,133.1023972,"https://maps.google.com/?q=34.4173944,133.1023972",,,延喜式内社データベースの現社候補,KOKUGAKUIN_SHIKINAI,183116:1,2
T2S183117_1,［ID:183117］ 和理比売神社,,,小,,,世羅郡,,,,34.5947833,133.0539111,"https://maps.google.com/?q=34.5947833,133.0539111",,,延喜式内社データベースの現社候補,KOKUGAKUIN_SHIKINAI,183117:1,2
T2S183119_1,［ID:183119］ 知波夜比売神社,,,小,,,三次郡,,,,34.8733667,132.7935111,"https://maps.google.com/?q=34.8733667,132.7935111",,,延喜式内社データベースの現社候補,KOKUGAKUIN_SHIKINAI,183119:1,2
T2S183120_1,［ID:183120］ 速谷神社,,,名大,,,佐伯郡,,,,34.3591639,132.3087500,"https://maps.google.com/?q=34.3591639,132.3087500",,,延喜式内社データベースの現社候補,KOKUGAKUIN_SHIKINAI,183120:1,2
T2S183121_1,［ID:183121］ 伊都伎島神社,,,名大,,,佐伯郡,,,,34.2957694,132.3201056,"https://maps.google.com/?q=34.2957694,132.3201056",,,延喜式内社データベースの現社候補,KOKUGAKUIN_SHIKINAI,183121:1,2
T2S183122_1,［ID:183122］ 多家神社,,,名大,,,安藝郡,,,,34.3960361,132.5105000,"https://maps.google.com/?q=34.3960361,132.5105000",,,延喜式内社データベースの現社候補,KOKUGAKUIN_SHIKINAI,183122:1,2
T2S183124_1,［ID:183124］ 石城神社,,,小,,,熊毛郡,,,,33.9874056,132.0356806,"https://maps.google.com/?q=33.9874056,132.0356806",,,延喜式内社データベースの現社候補,KOKUGAKUIN_SHIKINAI,183124:1,2
T2S183125_1,［ID:183125］ 玉祖神社,,,小,,,佐波郡,,,,34.0575500,131.5338111,"https://maps.google.com/?q=34.0575500,131.5338111",,,延喜式内社データベースの現社候補,KOKUGAKUIN_SHIKINAI,183125:1,2
T2S183126_1,［ID:183126］ 出雲神社,,,小,,,佐波郡,,,,34.1757194,131.6352944,"https://maps.google.com/?q=34.1757194,131.6352944",,,延喜式内社データベースの現社候補,KOKUGAKUIN_SHIKINAI,183126:1,2
T2S183128_1,［ID:183128］ 剣神社,,,小,,,佐波郡,,,,34.0756917,131.5538611,"https://maps.google.com/?q=34.0756917,131.5538611",,,延喜式内社データベースの現社候補,KOKUGAKUIN_SHIKINAI,183128:1,2
T2S183129_1,［ID:183129］ 仁壁神社,,,小,,,吉敷郡,,,,34.1893000,131.4918556,"https://maps.google.com/?q=34.1893000,131.4918556",,,延喜式内社データベースの現社候補,KOKUGAKUIN_SHIKINAI,183129:1,2
T2S183131_1,［ID:183131］ 住吉坐荒御魂神社,,,名大,,,豊浦郡,,,,33.9997833,130.9565389,"https://maps.google.com/?q=33.9997833,130.9565389",,,延喜式内社データベースの現社候補,KOKUGAKUIN_SHIKINAI,183131:1,2
T2S183132_1,［ID:183132］ 忌宮神社,,,小,,,豊浦郡,,,,33.9992583,130.9874500,"https://maps.google.com/?q=33.9992583,130.9874500",,,延喜式内社データベースの現社候補,KOKUGAKUIN_SHIKINAI,183132:1,2
T2S183133_1,［ID:183133］ 村屋神社,,,小,,,豊浦郡,,,,34.1231833,130.9112361,"https://maps.google.com/?q=34.1231833,130.9112361",,,延喜式内社データベースの現社候補,KOKUGAKUIN_SHIKINAI,183133:1,2
T2S183134_1,［ID:183134］ 小田神社,,,小,,,伊都郡,,,,34.3000806,135.5645944,"https://maps.google.com/?q=34.3000806,135.5645944",,,延喜式内社データベースの現社候補,KOKUGAKUIN_SHIKINAI,183134:1,2
T2S183135_1,［ID:183135］ 丹生都比女神社,,,名大,,,伊都郡,,,,34.2628917,135.5218472,"https://maps.google.com/?q=34.2628917,135.5218472",,,延喜式内社データベースの現社候補,KOKUGAKUIN_SHIKINAI,183135:1,2
T2S183136_1,［ID:183136］ 荒田神社,,,小,,,那賀郡,,,,34.2726306,135.3080139,"https://maps.google.com/?q=34.2726306,135.3080139",,,延喜式内社データベースの現社候補,KOKUGAKUIN_SHIKINAI,183136:1,2
T2S183137_1,［ID:183137］ 海神社,,,小,,,那賀郡,,,,34.2874972,135.3632250,"https://maps.google.com/?q=34.2874972,135.3632250",,,延喜式内社データベースの現社候補,KOKUGAKUIN_SHIKINAI,183137:1,2
T2S183138_1,［ID:183138］ 日前神社,,,名大,,,名草郡,,,,34.2283972,135.2019917,"https://maps.google.com/?q=34.2283972,135.2019917",,,延喜式内社データベースの現社候補,KOKUGAKUIN_SHIKINAI,183138:1,2
T2S183139_1,［ID:183139］ 国懸神社,,,名大,,,名草郡,,,,34.2283972,135.2019917,"https://maps.google.com/?q=34.2283972,135.2019917",,,延喜式内社データベースの現社候補,KOKUGAKUIN_SHIKINAI,183139:1,2
T2S183140_1,［ID:183140］ 伊太祁曾神社,,,名大,,,名草郡,,,,34.2019833,135.2499806,"https://maps.google.com/?q=34.2019833,135.2499806",,,延喜式内社データベースの現社候補,KOKUGAKUIN_SHIKINAI,183140:1,2
T2S183143_1,［ID:183143］ 鳴神社,,,名大,,,名草郡,,,,34.2277361,135.2113222,"https://maps.google.com/?q=34.2277361,135.2113222",,,延喜式内社データベースの現社候補,KOKUGAKUIN_SHIKINAI,183143:1,2
T2S183144_1,［ID:183144］ 香都知神社,,,小,,,名草郡,,,,34.2279194,135.2114194,"https://maps.google.com/?q=34.2279194,135.2114194",,,延喜式内社データベースの現社候補,KOKUGAKUIN_SHIKINAI,183144:1,2
T2S183146_1,［ID:183146］ 伊久比売神社,,,小,,,名草郡,,,,34.2562528,135.1715389,"https://maps.google.com/?q=34.2562528,135.1715389",,,延喜式内社データベースの現社候補,KOKUGAKUIN_SHIKINAI,183146:1,2
T2S183147_1,［ID:183147］ 朝椋神社,,,小,,,名草郡,,,,34.2368472,135.1718722,"https://maps.google.com/?q=34.2368472,135.1718722",,,延喜式内社データベースの現社候補,KOKUGAKUIN_SHIKINAI,183147:1,2
T2S183148_1,［ID:183148］ 刺田比古神社,,,小,,,名草郡,,,,34.2237833,135.1742167,"https://maps.google.com/?q=34.2237833,135.1742167",,,延喜式内社データベースの現社候補,KOKUGAKUIN_SHIKINAI,183148:1,2
T2S183150_1,［ID:183150］ 竈山神社,,,小,,,名草郡,,,,34.2008972,135.2046167,"https://maps.google.com/?q=34.2008972,135.2046167",,,延喜式内社データベースの現社候補,KOKUGAKUIN_SHIKINAI,183150:1,2
T2S183151_1,［ID:183151］ 高積比古神社,,,小,,,名草郡,,,,34.2339583,135.2545778,"https://maps.google.com/?q=34.2339583,135.2545778",,,延喜式内社データベースの現社候補,KOKUGAKUIN_SHIKINAI,183151:1,2
T2S183152_1,［ID:183152］ 高積比売神社,,,小,,,名草郡,,,,34.2339583,135.2545778,"https://maps.google.com/?q=34.2339583,135.2545778",,,延喜式内社データベースの現社候補,KOKUGAKUIN_SHIKINAI,183152:1,2
T2S183153_1,［ID:183153］ 伊達神社,,,名大,,,名草郡,,,,34.2644250,135.1959028,"https://maps.google.com/?q=34.2644250,135.1959028",,,延喜式内社データベースの現社候補,KOKUGAKUIN_SHIKINAI,183153:1,2
T2S183154_1,［ID:183154］ 志磨神社,,,名大,,,名草郡,,,,34.2402528,135.1808333,"https://maps.google.com/?q=34.2402528,135.1808333",,,延喜式内社データベースの現社候補,KOKUGAKUIN_SHIKINAI,183154:1,2
T2S183155_1,［ID:183155］ 静火神社,,,名大,,,名草郡,,,,34.2028694,135.2080500,"https://maps.google.com/?q=34.2028694,135.2080500",,,延喜式内社データベースの現社候補,KOKUGAKUIN_SHIKINAI,183155:1,2
T2S183156_1,［ID:183156］ 堅真音神社,,,小,,,名草郡,,,,34.2279194,135.2114194,"https://maps.google.com/?q=34.2279194,135.2114194",,,延喜式内社データベースの現社候補,KOKUGAKUIN_SHIKINAI,183156:1,2
T2S183157_1,［ID:183157］ 須佐神社,,,名大,,,在田郡,,,,34.0649750,135.1415194,"https://maps.google.com/?q=34.0649750,135.1415194",,,延喜式内社データベースの現社候補,KOKUGAKUIN_SHIKINAI,183157:1,2
T2S183158_1,［ID:183158］ 熊野早玉神社,,,大,,,牟婁郡,,,,33.7320861,135.9836056,"https://maps.google.com/?q=33.7320861,135.9836056",,,延喜式内社データベースの現社候補,KOKUGAKUIN_SHIKINAI,183158:1,2
T2S183159_1,［ID:183159］ 熊野坐神社,,,名大,,,牟婁郡,,,,33.8404000,135.7735528,"https://maps.google.com/?q=33.8404000,135.7735528",,,延喜式内社データベースの現社候補,KOKUGAKUIN_SHIKINAI,183159:1,2
T2S183163_1,［ID:183163］ 伊勢久留麻神社,,,小,,,津名郡,,,,34.5243583,134.9886833,"https://maps.google.com/?q=34.5243583,134.9886833",,,延喜式内社データベースの現社候補,KOKUGAKUIN_SHIKINAI,183163:1,2
T2S183164_1,［ID:183164］ 石屋神社,,,小,,,津名郡,,,,34.5865583,135.0220500,"https://maps.google.com/?q=34.5865583,135.0220500",,,延喜式内社データベースの現社候補,KOKUGAKUIN_SHIKINAI,183164:1,2
T2S183165_1,［ID:183165］ 築狭神社,,,小,,,津名郡,,,,34.3254833,134.8886139,"https://maps.google.com/?q=34.3254833,134.8886139",,,延喜式内社データベースの現社候補,KOKUGAKUIN_SHIKINAI,183165:1,2
T2S183166_1,［ID:183166］ 賀茂神社,,,小,,,津名郡,,,,34.3499583,134.8638611,"https://maps.google.com/?q=34.3499583,134.8638611",,,延喜式内社データベースの現社候補,KOKUGAKUIN_SHIKINAI,183166:1,2
T2S183167_1,［ID:183167］ 由良湊神社,,,小,,,津名郡,,,,34.2923111,134.9433139,"https://maps.google.com/?q=34.2923111,134.9433139",,,延喜式内社データベースの現社候補,KOKUGAKUIN_SHIKINAI,183167:1,2
T2S183168_1,［ID:183168］ 志筑神社,,,小,,,津名郡,,,,34.4453583,134.8926861,"https://maps.google.com/?q=34.4453583,134.8926861",,,延喜式内社データベースの現社候補,KOKUGAKUIN_SHIKINAI,183168:1,2
T2S183169_1,［ID:183169］ 岸河神社,,,小,,,津名郡,,,,34.3418806,134.8453750,"https://maps.google.com/?q=34.3418806,134.8453750",,,延喜式内社データベースの現社候補,KOKUGAKUIN_SHIKINAI,183169:1,2
T2S183172_1,［ID:183172］ 湊口神社,,,小,,,三原郡,,,,34.3223306,134.7282222,"https://maps.google.com/?q=34.3223306,134.7282222",,,延喜式内社データベースの現社候補,KOKUGAKUIN_SHIKINAI,183172:1,2
T2S183173_1,［ID:183173］ 大和大国魂神社,,,名大,,,三原郡,,,,34.3226278,134.7759611,"https://maps.google.com/?q=34.3226278,134.7759611",,,延喜式内社データベースの現社候補,KOKUGAKUIN_SHIKINAI,183173:1,2
T2S183174_1,［ID:183174］ 久度神社,,,小,,,三原郡,,,,34.2683917,134.7637917,"https://maps.google.com/?q=34.2683917,134.7637917",,,延喜式内社データベースの現社候補,KOKUGAKUIN_SHIKINAI,183174:1,2
T2S183175_1,［ID:183175］ 大麻比古神社,,,名大,,,板野郡,,,,34.1707500,134.5025611,"https://maps.google.com/?q=34.1707500,134.5025611",,,延喜式内社データベースの現社候補,KOKUGAKUIN_SHIKINAI,183175:1,2
T2S183178_1,［ID:183178］ 岡上神社,,,小,,,板野郡,,,,34.1438472,134.4577778,"https://maps.google.com/?q=34.1438472,134.4577778",,,延喜式内社データベースの現社候補,KOKUGAKUIN_SHIKINAI,183178:1,2
T2S183180_1,［ID:183180］ 事代主神社,,,小,,,阿波郡,,,,34.0899861,134.3293917,"https://maps.google.com/?q=34.0899861,134.3293917",,,延喜式内社データベースの現社候補,KOKUGAKUIN_SHIKINAI,183180:1,2
T2S183181_1,［ID:183181］ 鴨神社,,,小,,,美馬郡,,,,34.0294056,133.9370417,"https://maps.google.com/?q=34.0294056,133.9370417",,,延喜式内社データベースの現社候補,KOKUGAKUIN_SHIKINAI,183181:1,2
T2S183183_1,［ID:183183］ 横田神社,,,小,,,美馬郡,,,,34.0339000,133.9317028,"https://maps.google.com/?q=34.0339000,133.9317028",,,延喜式内社データベースの現社候補,KOKUGAKUIN_SHIKINAI,183183:1,2
T2S183187_1,［ID:183187］ 天都賀佐毘古神社,,,小,,,美馬郡,,,,34.0599028,134.0803111,"https://maps.google.com/?q=34.0599028,134.0803111",,,延喜式内社データベースの現社候補,KOKUGAKUIN_SHIKINAI,183187:1,2
T2S183192_1,［ID:183192］ 忌部神社,,,名大,,,麻殖郡,,,,34.0544444,134.2668056,"https://maps.google.com/?q=34.0544444,134.2668056",,,延喜式内社データベースの現社候補,KOKUGAKUIN_SHIKINAI,183192:1,2
T2S183194_1,［ID:183194］ 伊加加志神社,,,小,,,麻殖郡,,,,34.0536222,134.3013889,"https://maps.google.com/?q=34.0536222,134.3013889",,,延喜式内社データベースの現社候補,KOKUGAKUIN_SHIKINAI,183194:1,2
T2S183197_1,［ID:183197］ 天石門別八倉比売神社,,,大,,,名方郡,,,,34.0557722,134.4650417,"https://maps.google.com/?q=34.0557722,134.4650417",,,延喜式内社データベースの現社候補,KOKUGAKUIN_SHIKINAI,183197:1,2
T2S183201_1,［ID:183201］ 大御和神社,,,小,,,名方郡,,,,34.0696583,134.4797028,"https://maps.google.com/?q=34.0696583,134.4797028",,,延喜式内社データベースの現社候補,KOKUGAKUIN_SHIKINAI,183201:1,2
T2S183203_1,［ID:183203］ 御間都比古神社,,,小,,,名方郡,,,,33.9948833,134.4733250,"https://maps.google.com/?q=33.9948833,134.4733250",,,延喜式内社データベースの現社候補,KOKUGAKUIN_SHIKINAI,183203:1,2
T2S183204_1,［ID:183204］ 多祁御奈刀弥神社,,,小,,,名方郡,,,,34.0723972,134.4114639,"https://maps.google.com/?q=34.0723972,134.4114639",,,延喜式内社データベースの現社候補,KOKUGAKUIN_SHIKINAI,183204:1,2
T2S183206_1,［ID:183206］ 勝占神社,,,小,,,勝浦郡,,,,34.0186250,134.5492278,"https://maps.google.com/?q=34.0186250,134.5492278",,,延喜式内社データベースの現社候補,KOKUGAKUIN_SHIKINAI,183206:1,2
T2S183209_1,［ID:183209］ 宇母理比古神社,,,小,,,勝浦郡,,,,33.9900861,134.5151306,"https://maps.google.com/?q=33.9900861,134.5151306",,,延喜式内社データベースの現社候補,KOKUGAKUIN_SHIKINAI,183209:1,2
T2S183210_1,［ID:183210］ 阿佐多知比古神社,,,小,,,勝浦郡,,,,33.9554806,134.5385750,"https://maps.google.com/?q=33.9554806,134.5385750",,,延喜式内社データベースの現社候補,KOKUGAKUIN_SHIKINAI,183210:1,2
T2S183211_1,［ID:183211］ 速雨神社,,,小,,,勝浦郡,,,,33.9913528,134.5115389,"https://maps.google.com/?q=33.9913528,134.5115389",,,延喜式内社データベースの現社候補,KOKUGAKUIN_SHIKINAI,183211:1,2
T2S183213_1,［ID:183213］ 建島女祖命神社,,,小,,,勝浦郡,,,,34.0178917,134.5714889,"https://maps.google.com/?q=34.0178917,134.5714889",,,延喜式内社データベースの現社候補,KOKUGAKUIN_SHIKINAI,183213:1,2
T2S183215_1,［ID:183215］ 宇奈為神社,,,小,,,那賀郡,,,,33.8136361,134.3039111,"https://maps.google.com/?q=33.8136361,134.3039111",,,延喜式内社データベースの現社候補,KOKUGAKUIN_SHIKINAI,183215:1,2
T2S183216_1,［ID:183216］ 和奈佐意富曽神社,,,小,,,那賀郡,,,,33.6096000,134.3672361,"https://maps.google.com/?q=33.6096000,134.3672361",,,延喜式内社データベースの現社候補,KOKUGAKUIN_SHIKINAI,183216:1,2
T2S183219_1,［ID:183219］ 八桙神社,,,小,,,那賀郡,,,,33.9202028,134.6163861,"https://maps.google.com/?q=33.9202028,134.6163861",,,延喜式内社データベースの現社候補,KOKUGAKUIN_SHIKINAI,183219:1,2
T2S183221_1,［ID:183221］ 志太張神社,,,小,,,寒川郡,,,,34.3084639,134.2279528,"https://maps.google.com/?q=34.3084639,134.2279528",,,延喜式内社データベースの現社候補,KOKUGAKUIN_SHIKINAI,183221:1,2
T2S183225_1,［ID:183225］ 大蓑彦神社,,,小,,,寒川郡,,,,34.2529333,134.2117083,"https://maps.google.com/?q=34.2529333,134.2117083",,,延喜式内社データベースの現社候補,KOKUGAKUIN_SHIKINAI,183225:1,2
T2S183227_1,［ID:183227］ 田村神社,,,名大,,,香川郡,,,,34.2864000,134.0273139,"https://maps.google.com/?q=34.2864000,134.0273139",,,延喜式内社データベースの現社候補,KOKUGAKUIN_SHIKINAI,183227:1,2
T2S183229_1,［ID:183229］ 神谷神社,,,小,,,阿野郡,,,,34.3248583,133.9164861,"https://maps.google.com/?q=34.3248583,133.9164861",,,延喜式内社データベースの現社候補,KOKUGAKUIN_SHIKINAI,183229:1,2
T2S183230_1,［ID:183230］ 城山神社,,,名大,,,阿野郡,,,,34.2940667,133.9113333,"https://maps.google.com/?q=34.2940667,133.9113333",,,延喜式内社データベースの現社候補,KOKUGAKUIN_SHIKINAI,183230:1,2
T2S183231_1,［ID:183231］ 飯神社,,,小,,,鵜足郡,,,,34.2699222,133.8402639,"https://maps.google.com/?q=34.2699222,133.8402639",,,延喜式内社データベースの現社候補,KOKUGAKUIN_SHIKINAI,183231:1,2
T2S183233_1,［ID:183233］ 櫛梨神社,,,小,,,那珂郡,,,,34.2202056,133.8102306,"https://maps.google.com/?q=34.2202056,133.8102306",,,延喜式内社データベースの現社候補,KOKUGAKUIN_SHIKINAI,183233:1,2
T2S183235_1,［ID:183235］ 大麻神社,,,小,,,多度郡,,,,34.1967361,133.8085500,"https://maps.google.com/?q=34.1967361,133.8085500",,,延喜式内社データベースの現社候補,KOKUGAKUIN_SHIKINAI,183235:1,2
T2S183238_1,［ID:183238］ 山田神社,,,小,,,苅田郡,,,,34.1123000,133.6530722,"https://maps.google.com/?q=34.1123000,133.6530722",,,延喜式内社データベースの現社候補,KOKUGAKUIN_SHIKINAI,183238:1,2
T2S183240_1,［ID:183240］ 於神社,,,小,,,苅田郡,,,,34.0982667,133.7020222,"https://maps.google.com/?q=34.0982667,133.7020222",,,延喜式内社データベースの現社候補,KOKUGAKUIN_SHIKINAI,183240:1,2
T2S183241_1,［ID:183241］ 粟井神社,,,名大,,,苅田郡,,,,34.0911694,133.7045167,"https://maps.google.com/?q=34.0911694,133.7045167",,,延喜式内社データベースの現社候補,KOKUGAKUIN_SHIKINAI,183241:1,2
T2S183242_1,［ID:183242］ 黒島神社,,,小,,,苅田郡,,,,34.1188917,133.6927000,"https://maps.google.com/?q=34.1188917,133.6927000",,,延喜式内社データベースの現社候補,KOKUGAKUIN_SHIKINAI,183242:1,2
T2S183243_1,［ID:183243］ 水主神社,,,小,,,大内郡,,,,34.2238750,134.2988667,"https://maps.google.com/?q=34.2238750,134.2988667",,,延喜式内社データベースの現社候補,KOKUGAKUIN_SHIKINAI,183243:1,2
T2S183244_1,［ID:183244］ 大水上神社,,,小,,,三野郡,,,,34.1480611,133.7552083,"https://maps.google.com/?q=34.1480611,133.7552083",,,延喜式内社データベースの現社候補,KOKUGAKUIN_SHIKINAI,183244:1,2
T2S183245_1,［ID:183245］ 村山神社,,,名大,,,宇摩郡,,,,33.9602667,133.4550778,"https://maps.google.com/?q=33.9602667,133.4550778",,,延喜式内社データベースの現社候補,KOKUGAKUIN_SHIKINAI,183245:1,2
T2S183246_1,［ID:183246］ 伊曽乃神社,,,名大,,,新居郡,,,,33.8927167,133.1870806,"https://maps.google.com/?q=33.8927167,133.1870806",,,延喜式内社データベースの現社候補,KOKUGAKUIN_SHIKINAI,183246:1,2
T2S183247_1,［ID:183247］ 黒島神社,,,小,,,新居郡,,,,33.9873917,133.3451972,"https://maps.google.com/?q=33.9873917,133.3451972",,,延喜式内社データベースの現社候補,KOKUGAKUIN_SHIKINAI,183247:1,2
T2S183248_1,［ID:183248］ 佐佐久神社,,,小,,,桑村郡,,,,33.9281917,133.0544583,"https://maps.google.com/?q=33.9281917,133.0544583",,,延喜式内社データベースの現社候補,KOKUGAKUIN_SHIKINAI,183248:1,2
T2S183249_1,［ID:183249］ 布都神社,,,小,,,桑村郡,,,,33.9299833,133.0471417,"https://maps.google.com/?q=33.9299833,133.0471417",,,延喜式内社データベースの現社候補,KOKUGAKUIN_SHIKINAI,183249:1,2
T2S183250_1,［ID:183250］ 周敷神社,,,小,,,桑村郡,,,,33.9101500,133.0747250,"https://maps.google.com/?q=33.9101500,133.0747250",,,延喜式内社データベースの現社候補,KOKUGAKUIN_SHIKINAI,183250:1,2
T2S183251_1,［ID:183251］ 大須伎神社,,,小,,,越智郡,,,,34.0312917,132.9639583,"https://maps.google.com/?q=34.0312917,132.9639583",,,延喜式内社データベースの現社候補,KOKUGAKUIN_SHIKINAI,183251:1,2
T2S183252_1,［ID:183252］ 伊加奈志神社,,,小,,,越智郡,,,,34.0326194,132.9770500,"https://maps.google.com/?q=34.0326194,132.9770500",,,延喜式内社データベースの現社候補,KOKUGAKUIN_SHIKINAI,183252:1,2
T2S183253_1,［ID:183253］ 大山積神社,,,名大,,,越智郡,,,,34.2478861,133.0057111,"https://maps.google.com/?q=34.2478861,133.0057111",,,延喜式内社データベースの現社候補,KOKUGAKUIN_SHIKINAI,183253:1,2
T2S183254_1,［ID:183254］ 大野神社,,,小,,,越智郡,,,,34.0239722,132.9444250,"https://maps.google.com/?q=34.0239722,132.9444250",,,延喜式内社データベースの現社候補,KOKUGAKUIN_SHIKINAI,183254:1,2
T2S183255_1,［ID:183255］ 姫坂神社,,,小,,,越智郡,,,,34.0657472,132.9870056,"https://maps.google.com/?q=34.0657472,132.9870056",,,延喜式内社データベースの現社候補,KOKUGAKUIN_SHIKINAI,183255:1,2
T2S183256_1,［ID:183256］ 多伎神社,,,名大,,,越智郡,,,,34.0035278,132.9947944,"https://maps.google.com/?q=34.0035278,132.9947944",,,延喜式内社データベースの現社候補,KOKUGAKUIN_SHIKINAI,183256:1,2
T2S183257_1,［ID:183257］ 樟本神社,,,小,,,越智郡,,,,34.0461750,132.9900083,"https://maps.google.com/?q=34.0461750,132.9900083",,,延喜式内社データベースの現社候補,KOKUGAKUIN_SHIKINAI,183257:1,2
T2S183258_1,［ID:183258］ 野間神社,,,名大,,,野間郡,,,,34.0510333,132.9570917,"https://maps.google.com/?q=34.0510333,132.9570917",,,延喜式内社データベースの現社候補,KOKUGAKUIN_SHIKINAI,183258:1,2
T2S183259_1,［ID:183259］ 国津比古命神社,,,小,,,風早郡,,,,33.9708750,132.7969278,"https://maps.google.com/?q=33.9708750,132.7969278",,,延喜式内社データベースの現社候補,KOKUGAKUIN_SHIKINAI,183259:1,2
T2S183260_1,［ID:183260］ 櫛玉比売命神社,,,小,,,風早郡,,,,33.9699444,132.7968500,"https://maps.google.com/?q=33.9699444,132.7968500",,,延喜式内社データベースの現社候補,KOKUGAKUIN_SHIKINAI,183260:1,2
T2S183263_1,［ID:183263］ 湯神社,,,小,,,温泉郡,,,,33.8512667,132.7869139,"https://maps.google.com/?q=33.8512667,132.7869139",,,延喜式内社データベースの現社候補,KOKUGAKUIN_SHIKINAI,183263:1,2
T2S183264_1,［ID:183264］ 伊佐爾波神社,,,小,,,温泉郡,,,,33.8507250,132.7886778,"https://maps.google.com/?q=33.8507250,132.7886778",,,延喜式内社データベースの現社候補,KOKUGAKUIN_SHIKINAI,183264:1,2
T2S183266_1,［ID:183266］ 伊曽能神社,,,小,,,伊予郡,,,,33.7821667,132.7631667,"https://maps.google.com/?q=33.7821667,132.7631667",,,延喜式内社データベースの現社候補,KOKUGAKUIN_SHIKINAI,183266:1,2
T2S183267_1,［ID:183267］ 高忍日売神社,,,小,,,伊予郡,,,,33.7896611,132.7601722,"https://maps.google.com/?q=33.7896611,132.7601722",,,延喜式内社データベースの現社候補,KOKUGAKUIN_SHIKINAI,183267:1,2
T2S183269_1,［ID:183269］ 室津神社,,,小,,,安藝郡,,,,33.3005167,134.1611750,"https://maps.google.com/?q=33.3005167,134.1611750",,,延喜式内社データベースの現社候補,KOKUGAKUIN_SHIKINAI,183269:1,2
T2S183270_1,［ID:183270］ 多気神社,,,小,,,安藝郡,,,,33.4338528,134.0302389,"https://maps.google.com/?q=33.4338528,134.0302389",,,延喜式内社データベースの現社候補,KOKUGAKUIN_SHIKINAI,183270:1,2
T2S183271_1,［ID:183271］ 坂本神社,,,小,,,安藝郡,,,,33.4338528,134.0302389,"https://maps.google.com/?q=33.4338528,134.0302389",,,延喜式内社データベースの現社候補,KOKUGAKUIN_SHIKINAI,183271:1,2
T2S183272_1,［ID:183272］ 天忍穂別神社,,,小,,,香美郡,,,,33.5867722,133.7812111,"https://maps.google.com/?q=33.5867722,133.7812111",,,延喜式内社データベースの現社候補,KOKUGAKUIN_SHIKINAI,183272:1,2
T2S183273_1,［ID:183273］ 小松神社,,,小,,,香美郡,,,,33.7404139,133.9730583,"https://maps.google.com/?q=33.7404139,133.9730583",,,延喜式内社データベースの現社候補,KOKUGAKUIN_SHIKINAI,183273:1,2
T2S183274_1,［ID:183274］ 深淵神社,,,小,,,香美郡,,,,33.5691806,133.6892639,"https://maps.google.com/?q=33.5691806,133.6892639",,,延喜式内社データベースの現社候補,KOKUGAKUIN_SHIKINAI,183274:1,2
T2S183275_1,［ID:183275］ 大川上美良布神社,,,小,,,香美郡,,,,33.6499556,133.7836111,"https://maps.google.com/?q=33.6499556,133.7836111",,,延喜式内社データベースの現社候補,KOKUGAKUIN_SHIKINAI,183275:1,2
T2S183276_1,［ID:183276］ 豊岡上天神社,,,小,,,長岡郡,,,,33.5923861,133.6194972,"https://maps.google.com/?q=33.5923861,133.6194972",,,延喜式内社データベースの現社候補,KOKUGAKUIN_SHIKINAI,183276:1,2
T2S183277_1,［ID:183277］ 朝峯神社,,,小,,,長岡郡,,,,33.5585333,133.6107222,"https://maps.google.com/?q=33.5585333,133.6107222",,,延喜式内社データベースの現社候補,KOKUGAKUIN_SHIKINAI,183277:1,2
T2S183278_1,［ID:183278］ 殖田神社,,,小,,,長岡郡,,,,33.6206333,133.6629833,"https://maps.google.com/?q=33.6206333,133.6629833",,,延喜式内社データベースの現社候補,KOKUGAKUIN_SHIKINAI,183278:1,2
T2S183279_1,［ID:183279］ 小野神社,,,小,,,長岡郡,,,,33.5985417,133.6112472,"https://maps.google.com/?q=33.5985417,133.6112472",,,延喜式内社データベースの現社候補,KOKUGAKUIN_SHIKINAI,183279:1,2
T2S183280_1,［ID:183280］ 石土神社,,,小,,,長岡郡,,,,33.5257722,133.6052056,"https://maps.google.com/?q=33.5257722,133.6052056",,,延喜式内社データベースの現社候補,KOKUGAKUIN_SHIKINAI,183280:1,2
T2S183282_1,［ID:183282］ 葛木男神社,,,小,,,土佐郡,,,,33.5882361,133.6015806,"https://maps.google.com/?q=33.5882361,133.6015806",,,延喜式内社データベースの現社候補,KOKUGAKUIN_SHIKINAI,183282:1,2
T2S183283_1,［ID:183283］ 葛木咩神社,,,小,,,土佐郡,,,,33.5882361,133.6015806,"https://maps.google.com/?q=33.5882361,133.6015806",,,延喜式内社データベースの現社候補,KOKUGAKUIN_SHIKINAI,183283:1,2
T2S183284_1,［ID:183284］ 郡頭神社,,,小,,,土佐郡,,,,33.5519111,133.4990833,"https://maps.google.com/?q=33.5519111,133.4990833",,,延喜式内社データベースの現社候補,KOKUGAKUIN_SHIKINAI,183284:1,2
T2S183285_1,［ID:183285］ 朝倉神社,,,小,,,土佐郡,,,,33.5533444,133.4817472,"https://maps.google.com/?q=33.5533444,133.4817472",,,延喜式内社データベースの現社候補,KOKUGAKUIN_SHIKINAI,183285:1,2
T2S183289_1,［ID:183289］ 賀茂神社,,,小,,,幡多郡,,,,33.0227250,133.0146111,"https://maps.google.com/?q=33.0227250,133.0146111",,,延喜式内社データベースの現社候補,KOKUGAKUIN_SHIKINAI,183289:1,2
T2S183291_1,［ID:183291］ 織幡神社,,,名大,,,宗像郡,,,,33.8877694,130.5255639,"https://maps.google.com/?q=33.8877694,130.5255639",,,延喜式内社データベースの現社候補,KOKUGAKUIN_SHIKINAI,183291:1,2
T2S183293_1,［ID:183293］ 住吉神社,,,名大,,,那珂郡,,,,33.5859361,130.4137139,"https://maps.google.com/?q=33.5859361,130.4137139",,,延喜式内社データベースの現社候補,KOKUGAKUIN_SHIKINAI,183293:1,2
T2S183295_1,［ID:183295］ 志登神社,,,小,,,怡土郡,,,,33.5742056,130.2221556,"https://maps.google.com/?q=33.5742056,130.2221556",,,延喜式内社データベースの現社候補,KOKUGAKUIN_SHIKINAI,183295:1,2
T2S183296_1,［ID:183296］ 筑紫神社,,,名大,,,御笠郡,,,,33.4570500,130.5428500,"https://maps.google.com/?q=33.4570500,130.5428500",,,延喜式内社データベースの現社候補,KOKUGAKUIN_SHIKINAI,183296:1,2
T2S183304_1,［ID:183304］ 御勢大霊石神社,,,小,,,御原郡,,,,33.4118056,130.5632306,"https://maps.google.com/?q=33.4118056,130.5632306",,,延喜式内社データベースの現社候補,KOKUGAKUIN_SHIKINAI,183304:1,2
T2S183313_1,［ID:183313］ 宇奈岐日女神社,,,小,,,速見郡,,,,33.2568056,131.3656222,"https://maps.google.com/?q=33.2568056,131.3656222",,,延喜式内社データベースの現社候補,KOKUGAKUIN_SHIKINAI,183313:1,2
T2S183315_1,［ID:183315］ 早吸日女神社,,,小,,,海部郡,,,,33.2500917,131.8789222,"https://maps.google.com/?q=33.2500917,131.8789222",,,延喜式内社データベースの現社候補,KOKUGAKUIN_SHIKINAI,183315:1,2
T2S183318_1,［ID:183318］ 荒穂神社,,,小,,,基肄郡,,,,33.4340167,130.5094667,"https://maps.google.com/?q=33.4340167,130.5094667",,,延喜式内社データベースの現社候補,KOKUGAKUIN_SHIKINAI,183318:1,2
T2S183319_1,［ID:183319］ 与止日女神社,,,小,,,佐嘉郡,,,,33.3262722,130.2682917,"https://maps.google.com/?q=33.3262722,130.2682917",,,延喜式内社データベースの現社候補,KOKUGAKUIN_SHIKINAI,183319:1,2
T2S183322_1,［ID:183322］ 国造神社,,,小,,,阿蘇郡,,,,32.9895528,131.1242806,"https://maps.google.com/?q=32.9895528,131.1242806",,,延喜式内社データベースの現社候補,KOKUGAKUIN_SHIKINAI,183322:1,2
T2S183323_1,［ID:183323］ 疋野神社,,,小,,,玉名郡,,,,32.9381667,130.5523667,"https://maps.google.com/?q=32.9381667,130.5523667",,,延喜式内社データベースの現社候補,KOKUGAKUIN_SHIKINAI,183323:1,2
T2S183324_1,［ID:183324］ 都農神社,,,小,,,児湯郡,,,,32.2631333,131.5586667,"https://maps.google.com/?q=32.2631333,131.5586667",,,延喜式内社データベースの現社候補,KOKUGAKUIN_SHIKINAI,183324:1,2
T2S183325_1,［ID:183325］ 都萬神社,,,小,,,児湯郡,,,,32.1153167,131.4044333,"https://maps.google.com/?q=32.1153167,131.4044333",,,延喜式内社データベースの現社候補,KOKUGAKUIN_SHIKINAI,183325:1,2
T2S183326_1,［ID:183326］ 江田神社,,,小,,,宮崎郡,,,,31.9604417,131.4648583,"https://maps.google.com/?q=31.9604417,131.4648583",,,延喜式内社データベースの現社候補,KOKUGAKUIN_SHIKINAI,183326:1,2
T2S183329_1,［ID:183329］ 大穴持神社,,,小,,,囎唹郡,,,,31.7151611,130.7566222,"https://maps.google.com/?q=31.7151611,130.7566222",,,延喜式内社データベースの現社候補,KOKUGAKUIN_SHIKINAI,183329:1,2
T2S183331_1,［ID:183331］ 韓国宇豆峯神社,,,小,,,囎唹郡,,,,31.7274861,130.7898417,"https://maps.google.com/?q=31.7274861,130.7898417",,,延喜式内社データベースの現社候補,KOKUGAKUIN_SHIKINAI,183331:1,2
T2S183332_1,［ID:183332］ 益救神社,,,小,,,馭謨郡,,,,30.4274250,130.5717111,"https://maps.google.com/?q=30.4274250,130.5717111",,,延喜式内社データベースの現社候補,KOKUGAKUIN_SHIKINAI,183332:1,2
T2S183333_1,［ID:183333］ 枚聞神社,,,小,,,穎娃郡,,,,31.2079472,130.5396306,"https://maps.google.com/?q=31.2079472,130.5396306",,,延喜式内社データベースの現社候補,KOKUGAKUIN_SHIKINAI,183333:1,2
T2S183334_1,［ID:183334］ 加紫久利神社,,,小,,,出水郡,,,,32.1195889,130.3487111,"https://maps.google.com/?q=32.1195889,130.3487111",,,延喜式内社データベースの現社候補,KOKUGAKUIN_SHIKINAI,183334:1,2
T2S183335_1,［ID:183335］ 水神社,,,小,,,壱岐郡,,,,33.8080222,129.6981083,"https://maps.google.com/?q=33.8080222,129.6981083",,,延喜式内社データベースの現社候補,KOKUGAKUIN_SHIKINAI,183335:1,2
T2S183337_1,［ID:183337］ 住吉神社,,,名大,,,壱岐郡,,,,33.7883667,129.7065000,"https://maps.google.com/?q=33.7883667,129.7065000",,,延喜式内社データベースの現社候補,KOKUGAKUIN_SHIKINAI,183337:1,2
T2S183340_1,［ID:183340］ 国片主神社,,,小,,,壱岐郡,,,,33.7986917,129.7182778,"https://maps.google.com/?q=33.7986917,129.7182778",,,延喜式内社データベースの現社候補,KOKUGAKUIN_SHIKINAI,183340:1,2
T2S183342_1,［ID:183342］ 手長比売神社,,,小,,,壱岐郡,,,,33.8333361,129.6781083,"https://maps.google.com/?q=33.8333361,129.6781083",,,延喜式内社データベースの現社候補,KOKUGAKUIN_SHIKINAI,183342:1,2
T2S183343_1,［ID:183343］ 佐肆布都神社,,,小,,,壱岐郡,,,,33.8388000,129.7190361,"https://maps.google.com/?q=33.8388000,129.7190361",,,延喜式内社データベースの現社候補,KOKUGAKUIN_SHIKINAI,183343:1,2
T2S183345_1,［ID:183345］ 角上神社,,,小,,,壱岐郡,,,,33.7708472,129.7231972,"https://maps.google.com/?q=33.7708472,129.7231972",,,延喜式内社データベースの現社候補,KOKUGAKUIN_SHIKINAI,183345:1,2
T2S183348_1,［ID:183348］ 弥佐支刀神社,,,小,,,石田郡,,,,33.7532389,129.7198833,"https://maps.google.com/?q=33.7532389,129.7198833",,,延喜式内社データベースの現社候補,KOKUGAKUIN_SHIKINAI,183348:1,2
T2S183351_1,［ID:183351］ 津神社,,,小,,,石田郡,,,,33.7746111,129.6962833,"https://maps.google.com/?q=33.7746111,129.6962833",,,延喜式内社データベースの現社候補,KOKUGAKUIN_SHIKINAI,183351:1,2
T2S183353_1,［ID:183353］ 大国玉神社,,,小,,,石田郡,,,,33.7577472,129.7271778,"https://maps.google.com/?q=33.7577472,129.7271778",,,延喜式内社データベースの現社候補,KOKUGAKUIN_SHIKINAI,183353:1,2
T2S183354_1,［ID:183354］ 尓自神社,,,小,,,石田郡,,,,33.7840083,129.6661556,"https://maps.google.com/?q=33.7840083,129.6661556",,,延喜式内社データベースの現社候補,KOKUGAKUIN_SHIKINAI,183354:1,2
T2S183355_1,［ID:183355］ 見上神社,,,小,,,石田郡,,,,33.7411806,129.7102389,"https://maps.google.com/?q=33.7411806,129.7102389",,,延喜式内社データベースの現社候補,KOKUGAKUIN_SHIKINAI,183355:1,2
T2S183356_1,［ID:183356］ 国津意加美神社,,,小,,,石田郡,,,,33.7502722,129.6922028,"https://maps.google.com/?q=33.7502722,129.6922028",,,延喜式内社データベースの現社候補,KOKUGAKUIN_SHIKINAI,183356:1,2
T2S183363_1,［ID:183363］ 宇努刀神社,,,小,,,上県郡,,,,34.2057028,129.2890167,"https://maps.google.com/?q=34.2057028,129.2890167",,,延喜式内社データベースの現社候補,KOKUGAKUIN_SHIKINAI,183363:1,2
T2S183366_1,［ID:183366］ 伊奈久比神社,,,小,,,上県郡,,,,34.5592028,129.3186333,"https://maps.google.com/?q=34.5592028,129.3186333",,,延喜式内社データベースの現社候補,KOKUGAKUIN_SHIKINAI,183366:1,2
T2S183379_1,［ID:183379］ 太祝詞神社,,,名大,,,下県郡,,,,34.2789917,129.2403278,"https://maps.google.com/?q=34.2789917,129.2403278",,,延喜式内社データベースの現社候補,KOKUGAKUIN_SHIKINAI,183379:1,2
T2S183380_1,［ID:183380］ 阿麻氐留神社,,,小,,,下県郡,,,,34.3397444,129.3624472,"https://maps.google.com/?q=34.3397444,129.3624472",,,延喜式内社データベースの現社候補,KOKUGAKUIN_SHIKINAI,183380:1,2
T2S183382_1,［ID:183382］ 平神社,,,小,,,下県郡,,,,34.2064500,129.2890333,"https://maps.google.com/?q=34.2064500,129.2890333",,,延喜式内社データベースの現社候補,KOKUGAKUIN_SHIKINAI,183382:1,2
T2M54091,中臣神社,なかとみじんじゃ,県社,式内社,,,,三重県,,三重県桑名市本町,35.0654083,136.6947611,"https://maps.google.com/?q=35.0654083,136.6947611",,,國學院大學「神道・神社史料集成（現代）」収録社。,KOKUGAKUIN_MODERN,54091,2
T2M54110,久留真神社,くるまじんじゃ,県社,式内社,,,,三重県,,三重県鈴鹿市白子,34.8294222,136.5879500,"https://maps.google.com/?q=34.8294222,136.5879500",,,國學院大學「神道・神社史料集成（現代）」収録社。,KOKUGAKUIN_MODERN,54110,2
T2M54100,伊奈冨神社,いのうじんじゃ,県社,式内社,,,,三重県,,三重県鈴鹿市稲生西,34.8372139,136.5522583,"https://maps.google.com/?q=34.8372139,136.5522583",,,國學院大學「神道・神社史料集成（現代）」収録社。,KOKUGAKUIN_MODERN,54100,2
T2M54111,佐那神社,さなじんじゃ,県社,式内社,,,,三重県,,三重県多気郡多気町仁田,34.4809889,136.5461417,"https://maps.google.com/?q=34.4809889,136.5461417",,,國學院大學「神道・神社史料集成（現代）」収録社。,KOKUGAKUIN_MODERN,54111,2
T2M54096,八雲神社,やくもじんじゃ,県社,,,,,三重県,,三重県松阪市日野町,34.5750778,136.5346222,"https://maps.google.com/?q=34.5750778,136.5346222",,,國學院大學「神道・神社史料集成（現代）」収録社。,KOKUGAKUIN_MODERN,54096,2
T2M53556,北畠神社,きたばたけじんじゃ,別格官幣社,,,,,三重県,,三重県津市美杉町上多気,34.5185753,136.2989428,"https://maps.google.com/?q=34.5185753,136.2989428",,,國學院大學「神道・神社史料集成（現代）」収録社。,KOKUGAKUIN_MODERN,53556,2
T2M53468,多度大社,たどたいしゃ,国幣大社,式内社,,,,三重県,,三重県桑名市多度町多度,35.1354728,136.6228008,"https://maps.google.com/?q=35.1354728,136.6228008",,,國學院大學「神道・神社史料集成（現代）」収録社。,KOKUGAKUIN_MODERN,53468,2
T2M54106,大村神社,おおむらじんじゃ,県社,式内社,,,,三重県,,三重県伊賀市阿保,34.6703222,136.1837250,"https://maps.google.com/?q=34.6703222,136.1837250",,,國學院大學「神道・神社史料集成（現代）」収録社。,KOKUGAKUIN_MODERN,54106,2
T2M54093,宇流冨志禰神社,うるふしねじんじゃ,県社,式内社,,,,三重県,,三重県名張市平尾,34.6190444,136.0931694,"https://maps.google.com/?q=34.6190444,136.0931694",,,國學院大學「神道・神社史料集成（現代）」収録社。,KOKUGAKUIN_MODERN,54093,2
T2M54112,官舍神社,かんしゃじんじゃ,県社,式内社,,,,三重県,,三重県伊勢市小俣町本町,34.5016139,136.6711333,"https://maps.google.com/?q=34.5016139,136.6711333",,,國學院大學「神道・神社史料集成（現代）」収録社。,KOKUGAKUIN_MODERN,54112,2
T2M54097,尾野神社,おのじんじゃ,県社,式内社,,,,三重県,,三重県桑名市東方,35.0743056,136.6769944,"https://maps.google.com/?q=35.0743056,136.6769944",,,國學院大學「神道・神社史料集成（現代）」収録社。,KOKUGAKUIN_MODERN,54097,2
T2M54107,志で神社,しでじんじゃ,県社,式内社,,,,三重県,,三重県四日市市大宮町,34.9908911,136.6326089,"https://maps.google.com/?q=34.9908911,136.6326089",,,國學院大學「神道・神社史料集成（現代）」収録社。,KOKUGAKUIN_MODERN,54107,2
T2M54099,本居宣長ノ宮,もとおりのりながのみや,県社,,,,,三重県,,三重県松阪市殿町,34.5740806,136.5248944,"https://maps.google.com/?q=34.5740806,136.5248944",,,國學院大學「神道・神社史料集成（現代）」収録社。,KOKUGAKUIN_MODERN,54099,2
T2M54090,桑名神社,くわなじんじゃ,県社,式内社,,,,三重県,,三重県桑名市本町,35.0654083,136.6947611,"https://maps.google.com/?q=35.0654083,136.6947611",,,國學院大學「神道・神社史料集成（現代）」収録社。,KOKUGAKUIN_MODERN,54090,2
T2M54102,比自岐神社,ひじきじんじゃ,県社,式内社,,,,三重県,,三重県伊賀市比自岐,34.7059972,136.1883667,"https://maps.google.com/?q=34.7059972,136.1883667",,,國學院大學「神道・神社史料集成（現代）」収録社。,KOKUGAKUIN_MODERN,54102,2
T2M54092,津八幡宮,つはちまんぐう,県社,,,,,三重県,,三重県津市藤方,34.6967583,136.5143472,"https://maps.google.com/?q=34.6967583,136.5143472",,,國學院大學「神道・神社史料集成（現代）」収録社。,KOKUGAKUIN_MODERN,54092,2
T2M53350,神宮,じんぐう,,式内社,,,,三重県,,三重県伊勢市宇治館町,34.4543361,136.7259139,"https://maps.google.com/?q=34.4543361,136.7259139",,,國學院大學「神道・神社史料集成（現代）」収録社。,KOKUGAKUIN_MODERN,53350,2
T2M54101,積田神社,せきたじんじゃ,県社,,,,,三重県,,三重県名張市夏見,34.6187583,136.1093667,"https://maps.google.com/?q=34.6187583,136.1093667",,,國學院大學「神道・神社史料集成（現代）」収録社。,KOKUGAKUIN_MODERN,54101,2
T2M54095,立坂神社,たちさかじんじゃ,県社,式内社,,,,三重県,,三重県桑名市新矢田,35.0600181,136.6842869,"https://maps.google.com/?q=35.0600181,136.6842869",,,國學院大學「神道・神社史料集成（現代）」収録社。,KOKUGAKUIN_MODERN,54095,2
T2M54086,箕曲中松原神社,みのわなかまつはらじんじゃ,県社,,,,,三重県,,三重県伊勢市岩渕,34.4875081,136.7125231,"https://maps.google.com/?q=34.4875081,136.7125231",,,國學院大學「神道・神社史料集成（現代）」収録社。,KOKUGAKUIN_MODERN,54086,2
T2M53542,結城神社,ゆうきじんじゃ,別格官幣社,,,,,三重県,,三重県津市大字藤方,34.6975969,136.5151958,"https://maps.google.com/?q=34.6975969,136.5151958",,,國學院大學「神道・神社史料集成（現代）」収録社。,KOKUGAKUIN_MODERN,53542,2
T2M54103,能褒野神社,のぼのじんじゃ,県社,式内社,,,,三重県,,三重県亀山市田村町,34.8857722,136.4834500,"https://maps.google.com/?q=34.8857722,136.4834500",,,國學院大學「神道・神社史料集成（現代）」収録社。,KOKUGAKUIN_MODERN,54103,2
T2M54088,菅原神社,すがはらじんじゃ,県社,,,,,三重県,,三重県伊賀市上野東町,34.7664039,136.1332119,"https://maps.google.com/?q=34.7664039,136.1332119",,,國學院大學「神道・神社史料集成（現代）」収録社。,KOKUGAKUIN_MODERN,54088,2
T2M54085,諏訪神社,すわじんじゃ,県社,,,,,三重県,,三重県四日市市諏訪栄町,34.9684081,136.6229219,"https://maps.google.com/?q=34.9684081,136.6229219",,,國學院大學「神道・神社史料集成（現代）」収録社。,KOKUGAKUIN_MODERN,54085,2
T2M54098,都波岐神社・奈加等神社,つばきじんじゃ・なかとじんじゃ,県社,式内社,,,,三重県,,三重県鈴鹿市一ノ宮町,34.9012528,136.6012861,"https://maps.google.com/?q=34.9012528,136.6012861",,,國學院大學「神道・神社史料集成（現代）」収録社。,KOKUGAKUIN_MODERN,54098,2
T2M54089,鎭國神社・守國神社,ちんこくじんじゃ・しゅこくじんじゃ,県社,,,,,三重県,,三重県桑名市吉之丸,35.0651189,136.6988739,"https://maps.google.com/?q=35.0651189,136.6988739",,,國學院大學「神道・神社史料集成（現代）」収録社。,KOKUGAKUIN_MODERN,54089,2
T2M54105,陽夫多神社,やぶたじんじゃ,県社,式内社,,,,三重県,,三重県伊賀市馬場,34.8265944,136.1752028,"https://maps.google.com/?q=34.8265944,136.1752028",,,國學院大學「神道・神社史料集成（現代）」収録社。,KOKUGAKUIN_MODERN,54105,2
T2M54094,香良洲神社,からすじんじゃ,県社,式内社,,,,三重県,,三重県津市香良洲町高砂,34.6443750,136.5437333,"https://maps.google.com/?q=34.6443750,136.5437333",,,國學院大學「神道・神社史料集成（現代）」収録社。,KOKUGAKUIN_MODERN,54094,2
T2M54108,高倉神社,たかくらじんじゃ,県社,,,,,三重県,,三重県伊賀市西高倉,34.7963500,136.0907167,"https://maps.google.com/?q=34.7963500,136.0907167",,,國學院大學「神道・神社史料集成（現代）」収録社。,KOKUGAKUIN_MODERN,54108,2
T2M54087,高山神社,こうざんじんじゃ,県社,,,,,三重県,,三重県津市丸之内,34.7174639,136.5065589,"https://maps.google.com/?q=34.7174639,136.5065589",,,國學院大學「神道・神社史料集成（現代）」収録社。,KOKUGAKUIN_MODERN,54087,2
T2M54109,鳥出神社,とりでじんじゃ,県社,式内社,,,,三重県,,三重県四日市市富田,35.0049250,136.6540306,"https://maps.google.com/?q=35.0049250,136.6540306",,,國學院大學「神道・神社史料集成（現代）」収録社。,KOKUGAKUIN_MODERN,54109,2
T2M54186,一宮神社,いっきゅうじんじゃ,府社,,,,,京都府,,京都府福知山市堀,35.2893750,135.1299389,"https://maps.google.com/?q=35.2893750,135.1299389",,,國學院大學「神道・神社史料集成（現代）」収録社。,KOKUGAKUIN_MODERN,54186,2
T2M54170,下御霊神社,しもごりょうじんじゃ,府社,式内社,,,,京都府,,京都府京都市中京区下御霊前町,35.0169722,135.7678028,"https://maps.google.com/?q=35.0169722,135.7678028",,,國學院大學「神道・神社史料集成（現代）」収録社。,KOKUGAKUIN_MODERN,54170,2
T2M54188,乃木神社,のぎじんじゃ,府社,,,,,京都府,,京都府京都市伏見区桃山町板倉周防,34.9324111,135.7764417,"https://maps.google.com/?q=34.9324111,135.7764417",,,國學院大學「神道・神社史料集成（現代）」収録社。,KOKUGAKUIN_MODERN,54188,2
T2M54165,今宮神社,いまみやじんじゃ,府社,,,,,京都府,,京都府京都市北区紫野今宮町,35.0458667,135.7420417,"https://maps.google.com/?q=35.0458667,135.7420417",,,國學院大學「神道・神社史料集成（現代）」収録社。,KOKUGAKUIN_MODERN,54165,2
T2M53356,伏見稲荷大社,ふしみいなりたいしゃ,官幣大社,式内社,,,,京都府,,京都府京都市伏見区深草薮之内町,34.9671250,135.7731083,"https://maps.google.com/?q=34.9671250,135.7731083",,,國學院大學「神道・神社史料集成（現代）」収録社。,KOKUGAKUIN_MODERN,53356,2
T2M54203,倭文神社,しどりじんじゃ,府社,式内社,,,,京都府,,京都府与謝野郡与謝野町三河内,35.5177167,135.0853028,"https://maps.google.com/?q=35.5177167,135.0853028",,,國學院大學「神道・神社史料集成（現代）」収録社。,KOKUGAKUIN_MODERN,54203,2
T2M53380,八坂神社,やさかじんじゃ,官幣大社,,,,,京都府,,京都府京都市東山区祇園町北側,35.0035139,135.7785778,"https://maps.google.com/?q=35.0035139,135.7785778",,,國學院大學「神道・神社史料集成（現代）」収録社。,KOKUGAKUIN_MODERN,53380,2
T2M54189,八幡宮,はちまんぐう,府社,,,,,京都府,,京都府綾部市高津町,35.3018972,135.2114722,"https://maps.google.com/?q=35.3018972,135.2114722",,,國學院大學「神道・神社史料集成（現代）」収録社。,KOKUGAKUIN_MODERN,54189,2
T2M53404,出雲大神宮,いずもだいじんぐう,国幣中社,式内社,,,,京都府,,京都府亀岡市千歳町千歳出雲,35.0592417,135.5783806,"https://maps.google.com/?q=35.0592417,135.5783806",,,國學院大學「神道・神社史料集成（現代）」収録社。,KOKUGAKUIN_MODERN,53404,2
T2M53384,吉田神社,よしだじんじゃ,官幣中社,,,,,京都府,,京都府京都市左京区吉田神楽岡町,35.0253306,135.7847306,"https://maps.google.com/?q=35.0253306,135.7847306",,,國學院大學「神道・神社史料集成（現代）」収録社。,KOKUGAKUIN_MODERN,53384,2
T2M54164,向日神社,むこうじんじゃ,府社,式内社,,,,京都府,,京都府向日市向日町北山,34.9441444,135.6973056,"https://maps.google.com/?q=34.9441444,135.6973056",,,國學院大學「神道・神社史料集成（現代）」収録社。,KOKUGAKUIN_MODERN,54164,2
T2M54169,城南宮,じょうなんぐう,府社,式内社,,,,京都府,,京都府京都市伏見区中島鳥羽離宮町,34.9509444,135.7466250,"https://maps.google.com/?q=34.9509444,135.7466250",,,國學院大學「神道・神社史料集成（現代）」収録社。,KOKUGAKUIN_MODERN,54169,2
T2M54190,大原神社,おおばらじんじゃ,府社,,,,,京都府,,京都府福知山市三和町大原,35.2458389,135.2942722,"https://maps.google.com/?q=35.2458389,135.2942722",,,國學院大學「神道・神社史料集成（現代）」収録社。,KOKUGAKUIN_MODERN,54190,2
T2M53383,大原野神社,おおはらのじんじゃ,官幣中社,,,,,京都府,,京都府京都市西京区大原野南春日町,34.9602472,135.6562639,"https://maps.google.com/?q=34.9602472,135.6562639",,,國學院大學「神道・神社史料集成（現代）」収録社。,KOKUGAKUIN_MODERN,53383,2
T2M54173,大宮売神社,おおみやめじんじゃ,府社,式内社,,,,京都府,,京都府京丹後市大宮町周枳,35.5911806,135.1018417,"https://maps.google.com/?q=35.5911806,135.1018417",,,國學院大學「神道・神社史料集成（現代）」収録社。,KOKUGAKUIN_MODERN,54173,2
T2M54183,大川神社,おおかわじんじゃ,府社,式内社,,,,京都府,,京都府舞鶴市大川,35.4479972,135.2587972,"https://maps.google.com/?q=35.4479972,135.2587972",,,國學院大學「神道・神社史料集成（現代）」収録社。,KOKUGAKUIN_MODERN,54183,2
T2M54197,大石神社,おおいしじんじゃ,府社,,,,,京都府,,京都府京都市山科区西野山桜ノ馬場町,34.9701389,135.7957611,"https://maps.google.com/?q=34.9701389,135.7957611",,,國學院大學「神道・神社史料集成（現代）」収録社。,KOKUGAKUIN_MODERN,54197,2
T2M54182,大虫神社,おおむしじんじゃ,府社,式内社,,,,京都府,,京都府与謝郡与謝野町温江,35.4934556,135.1174361,"https://maps.google.com/?q=35.4934556,135.1174361",,,國學院大學「神道・神社史料集成（現代）」収録社。,KOKUGAKUIN_MODERN,54182,2
T2M54180,宇治神社,うじじんじゃ,府社,式内社,,,,京都府,,京都府宇治市宇治山田,34.8910472,135.8106528,"https://maps.google.com/?q=34.8910472,135.8106528",,,國學院大學「神道・神社史料集成（現代）」収録社。,KOKUGAKUIN_MODERN,54180,2
T2M54163,宗像神社,むなかたじんじゃ,府社,,,,,京都府,,京都府京都市上京区京都御苑,35.0189139,135.7611750,"https://maps.google.com/?q=35.0189139,135.7611750",,,國學院大學「神道・神社史料集成（現代）」収録社。,KOKUGAKUIN_MODERN,54163,2
T2M54199,宗忠神社,むねただじんじゃ,府社,,,,,京都府,,京都府京都市左京区吉田下大路町,35.0229667,135.7856500,"https://maps.google.com/?q=35.0229667,135.7856500",,,國學院大學「神道・神社史料集成（現代）」収録社。,KOKUGAKUIN_MODERN,54199,2
T2M54175,山国神社,やまぐにじんじゃ,府社,式内社,,,,京都府,,京都府京都市右京区京北鳥居町宮ノ元,35.1729583,135.6555444,"https://maps.google.com/?q=35.1729583,135.6555444",,,國學院大學「神道・神社史料集成（現代）」収録社。,KOKUGAKUIN_MODERN,54175,2
T2M53452,平安神宮,へいあんじんぐう,官幣大社,,,,,京都府,,京都府京都市左京区岡崎西天王町,35.0164394,135.7826739,"https://maps.google.com/?q=35.0164394,135.7826739",,,國學院大學「神道・神社史料集成（現代）」収録社。,KOKUGAKUIN_MODERN,53452,2
T2M53355,平野神社,ひらのじんじゃ,官幣大社,式内社,,,,京都府,,京都府京都市北区平野宮本町,35.0326139,135.7321111,"https://maps.google.com/?q=35.0326139,135.7321111",,,國學院大學「神道・神社史料集成（現代）」収録社。,KOKUGAKUIN_MODERN,53355,2
T2M53537,建勲神社,たけいさおじんじゃ,別格官幣社,,,,,京都府,,京都府京都市北区紫野北船岡町,35.0386714,135.7433367,"https://maps.google.com/?q=35.0386714,135.7433367",,,國學院大學「神道・神社史料集成（現代）」収録社。,KOKUGAKUIN_MODERN,53537,2
T2M54202,彌伽宜神社,みかげじんじゃ,府社,式内社,,,,京都府,,京都府舞鶴市森,35.4635444,135.3940361,"https://maps.google.com/?q=35.4635444,135.3940361",,,國學院大學「神道・神社史料集成（現代）」収録社。,KOKUGAKUIN_MODERN,54202,2
T2M54167,御靈神社,ごりょうじんじゃ,府社,式内社,,,,京都府,,京都府京都市上京区上御霊竪町,34.9908611,135.6981306,"https://maps.google.com/?q=34.9908611,135.6981306",,,國學院大學「神道・神社史料集成（現代）」収録社。,KOKUGAKUIN_MODERN,54167,2
T2M54168,御香宮神社,ごこうのみやじんじゃ,府社,,,,,京都府,,京都府京都市伏見区御香宮門前町,34.9346833,135.7675000,"https://maps.google.com/?q=34.9346833,135.7675000",,,國學院大學「神道・神社史料集成（現代）」収録社。,KOKUGAKUIN_MODERN,54168,2
T2M54172,愛宕神社,あたごじんじゃ,府社,,,,,京都府,,京都府京都市右京区嵯峨愛宕町,35.0598722,135.6344667,"https://maps.google.com/?q=35.0598722,135.6344667",,,國學院大學「神道・神社史料集成（現代）」収録社。,KOKUGAKUIN_MODERN,54172,2
T2M54181,摩氣神社,まけじんじゃ,府社,式内社,,,,京都府,,京都府南丹市園部町竹井,35.0891167,135.4270250,"https://maps.google.com/?q=35.0891167,135.4270250",,,國學院大學「神道・神社史料集成（現代）」収録社。,KOKUGAKUIN_MODERN,54181,2
T2M54171,新日吉神宮,いまひえじんぐう,府社,,,,,京都府,,京都府京都市東山区妙法院前側町,34.9888306,135.7783167,"https://maps.google.com/?q=34.9888306,135.7783167",,,國學院大學「神道・神社史料集成（現代）」収録社。,KOKUGAKUIN_MODERN,54171,2
T2M54192,日向大神宮,ひむかいだいじんぐう,府社,式内社,,,,京都府,,京都府京都市山科区日ノ岡一切経谷町,35.0068167,135.7953639,"https://maps.google.com/?q=35.0068167,135.7953639",,,國學院大學「神道・神社史料集成（現代）」収録社。,KOKUGAKUIN_MODERN,54192,2
T2M54191,朝代神社,あさしろじんじゃ,府社,,,,,京都府,,京都府舞鶴市朝代,35.4439167,135.3240056,"https://maps.google.com/?q=35.4439167,135.3240056",,,國學院大學「神道・神社史料集成（現代）」収録社。,KOKUGAKUIN_MODERN,54191,2
T2M54177,東丸神社,あずままろじんじゃ,府社,,,,,京都府,,京都府京都市伏見区深草藪之内町,34.9661889,135.7730028,"https://maps.google.com/?q=34.9661889,135.7730028",,,國學院大學「神道・神社史料集成（現代）」収録社。,KOKUGAKUIN_MODERN,54177,2
T2M53354,松尾大社,まつのおたいしゃ,官幣大社,式内社,,,,京都府,,京都府京都市西京区嵐山宮町,35.0000139,135.6852333,"https://maps.google.com/?q=35.0000139,135.6852333",,,國學院大學「神道・神社史料集成（現代）」収録社。,KOKUGAKUIN_MODERN,53354,2
T2M53381,梅宮大社,うめのみやたいしゃ,官幣中社,式内社,,,,京都府,,京都府京都市右京区梅津フケノ川町,35.0040361,135.6949111,"https://maps.google.com/?q=35.0040361,135.6949111",,,國學院大學「神道・神社史料集成（現代）」収録社。,KOKUGAKUIN_MODERN,53381,2
T2M53549,梨木神社,なしのきじんじゃ,別格官幣社,,,,,京都府,,京都府京都市上京区寺町通広小路上ル染殿町,35.0248964,135.7673558,"https://maps.google.com/?q=35.0248964,135.7673558",,,國學院大學「神道・神社史料集成（現代）」収録社。,KOKUGAKUIN_MODERN,53549,2
T2M54178,水主神社,みぬしじんじゃ,府社,式内社,,,,京都府,,京都府城陽市水主宮馬場,34.8433806,135.7616583,"https://maps.google.com/?q=34.8433806,135.7616583",,,國學院大學「神道・神社史料集成（現代）」収録社。,KOKUGAKUIN_MODERN,54178,2
T2M54179,水度神社,みとじんじゃ,府社,式内社,,,,京都府,,京都府城陽市寺田水度坂,34.8547778,135.7895750,"https://maps.google.com/?q=34.8547778,135.7895750",,,國學院大學「神道・神社史料集成（現代）」収録社。,KOKUGAKUIN_MODERN,54179,2
T2M54185,生身天満宮,いきみてんまんぐう,府社,,,,,京都府,,京都府南丹市園部町美園町,35.1040583,135.4743000,"https://maps.google.com/?q=35.1040583,135.4743000",,,國學院大學「神道・神社史料集成（現代）」収録社。,KOKUGAKUIN_MODERN,54185,2
T2M54200,由良神社,ゆらじんじゃ,府社,,,,,京都府,,京都府宮津市由良,35.5187611,135.2776806,"https://maps.google.com/?q=35.5187611,135.2776806",,,國學院大學「神道・神社史料集成（現代）」収録社。,KOKUGAKUIN_MODERN,54200,2
T2M53466,白峯神宮,しらみねじんぐう,官幣大社,,,,,京都府,,京都府京都市上京区今出川通堀川東入飛鳥井町,35.0301700,135.7531750,"https://maps.google.com/?q=35.0301700,135.7531750",,,國學院大學「神道・神社史料集成（現代）」収録社。,KOKUGAKUIN_MODERN,53466,2
T2M54194,皇大神社,こうたいじんじゃ,府社,,,,,京都府,,京都府福知山市大江町内宮,35.4304278,135.1543111,"https://maps.google.com/?q=35.4304278,135.1543111",,,國學院大學「神道・神社史料集成（現代）」収録社。,KOKUGAKUIN_MODERN,54194,2
T2M53353,石清水八幡宮,いわしみずはちまんぐう,官幣大社,,,,,京都府,,京都府八幡市八幡高坊,34.8796389,135.7000861,"https://maps.google.com/?q=34.8796389,135.7000861",,,國學院大學「神道・神社史料集成（現代）」収録社。,KOKUGAKUIN_MODERN,53353,2
T2M54195,竹野神社,たけのじんじゃ,府社,式内社,,,,京都府,,京都府京丹後市丹後町宮,35.7367528,135.1124444,"https://maps.google.com/?q=35.7367528,135.1124444",,,國學院大學「神道・神社史料集成（現代）」収録社。,KOKUGAKUIN_MODERN,54195,2
T2M54198,粟田神社,あわたじんじゃ,府社,,,,,京都府,,京都府京都市東山区粟田口鍛冶町,35.0082333,135.7853056,"https://maps.google.com/?q=35.0082333,135.7853056",,,國學院大學「神道・神社史料集成（現代）」収録社。,KOKUGAKUIN_MODERN,54198,2
T2M54201,網野神社,あみのじんじゃ,府社,式内社,,,,京都府,,京都府京丹後市網野町網野,35.6837000,135.0271250,"https://maps.google.com/?q=35.6837000,135.0271250",,,國學院大學「神道・神社史料集成（現代）」収録社。,KOKUGAKUIN_MODERN,54201,2
T2M54176,菅大臣神社,かんだいじんじんじゃ,府社,,,,,京都府,,京都府京都市下京区菅大臣町,35.0007083,135.7561611,"https://maps.google.com/?q=35.0007083,135.7561611",,,國學院大學「神道・神社史料集成（現代）」収録社。,KOKUGAKUIN_MODERN,54176,2
T2M54166,藤森神社,ふじのもりじんじゃ,府社,,,,,京都府,,京都府京都市伏見区深草鳥居崎町,34.9512944,135.7716861,"https://maps.google.com/?q=34.9512944,135.7716861",,,國學院大學「神道・神社史料集成（現代）」収録社。,KOKUGAKUIN_MODERN,54166,2
T2M53535,護王神社,ごおうじんじゃ,別格官幣社,,,,,京都府,,京都府京都市上京区烏丸通下長者町下ル桜鶴円町,35.0222297,135.7588694,"https://maps.google.com/?q=35.0222297,135.7588694",,,國學院大學「神道・神社史料集成（現代）」収録社。,KOKUGAKUIN_MODERN,53535,2
T2M54193,豊受大神社,とようけだいじんじゃ,府社,,,,,京都府,,京都府福知山市大江町天田内,35.4025333,135.1514083,"https://maps.google.com/?q=35.4025333,135.1514083",,,國學院大學「神道・神社史料集成（現代）」収録社。,KOKUGAKUIN_MODERN,54193,2
T2M53534,豊国神社,とよくにじんじゃ,別格官幣社,,,,,京都府,,京都府京都市東山区大和大路正面茶屋町,34.9915339,135.7724039,"https://maps.google.com/?q=34.9915339,135.7724039",,,國學院大學「神道・神社史料集成（現代）」収録社。,KOKUGAKUIN_MODERN,53534,2
T2M53382,貴船神社,きふねじんじゃ,官幣中社,式内社,,,,京都府,,京都府京都市左京区鞍馬貴船町,35.1224250,135.7628472,"https://maps.google.com/?q=35.1224250,135.7628472",,,國學院大學「神道・神社史料集成（現代）」収録社。,KOKUGAKUIN_MODERN,53382,2
T2M54184,金刀比羅神社,ことひらじんじゃ,府社,,,,,京都府,,京都府京丹後市峰山町泉,35.6208278,135.0615333,"https://maps.google.com/?q=35.6208278,135.0615333",,,國學院大學「神道・神社史料集成（現代）」収録社。,KOKUGAKUIN_MODERN,54184,2
T2M54174,鍬山神社,くわやまじんじゃ,府社,式内社,,,,京都府,,京都府亀岡市上矢田町岩田,34.9962000,135.5773694,"https://maps.google.com/?q=34.9962000,135.5773694",,,國學院大學「神道・神社史料集成（現代）」収録社。,KOKUGAKUIN_MODERN,54174,2
T2M54187,長岡天満宮,ながおかてんまんぐう,府社,,,,,京都府,,京都府長岡京市天神,34.9228667,135.6865472,"https://maps.google.com/?q=34.9228667,135.6865472",,,國學院大學「神道・神社史料集成（現代）」収録社。,KOKUGAKUIN_MODERN,54187,2
T2M54196,離宮八幡宮,りきゅうはちまんぐう,府社,,,,,京都府,,京都府乙訓郡大山崎町大山崎西谷,34.8917389,135.6795500,"https://maps.google.com/?q=34.8917389,135.6795500",,,國學院大學「神道・神社史料集成（現代）」収録社。,KOKUGAKUIN_MODERN,54196,2
T2M54673,丹生神社,にふじんじゃ,県社,,,,,佐賀県,,佐賀県嬉野市塩田町馬場下,33.1272917,130.0421056,"https://maps.google.com/?q=33.1272917,130.0421056",,,國學院大學「神道・神社史料集成（現代）」収録社。,KOKUGAKUIN_MODERN,54673,2
T2M54664,仁比山神社,にいやまじんじゃ,県社,,,,,佐賀県,,佐賀県神埼市神埼町的,33.3582361,130.3648278,"https://maps.google.com/?q=33.3582361,130.3648278",,,國學院大學「神道・神社史料集成（現代）」収録社。,KOKUGAKUIN_MODERN,54664,2
T2M54675,伊萬里神社,いまりじんじゃ,県社,,,,,佐賀県,,佐賀県伊万里市立花町,33.2765111,129.8821944,"https://maps.google.com/?q=33.2765111,129.8821944",,,國學院大學「神道・神社史料集成（現代）」収録社。,KOKUGAKUIN_MODERN,54675,2
T2M53557,佐嘉神社,さがじんじゃ,別格官幣社,,,,,佐賀県,,佐賀県佐賀市松原,33.2517925,130.3025992,"https://maps.google.com/?q=33.2517925,130.3025992",,,國學院大學「神道・神社史料集成（現代）」収録社。,KOKUGAKUIN_MODERN,53557,2
T2M54674,唐津神社,からつじんじゃ,県社,,,,,佐賀県,,佐賀県唐津市南城内,33.4521639,129.9695472,"https://maps.google.com/?q=33.4521639,129.9695472",,,國學院大學「神道・神社史料集成（現代）」収録社。,KOKUGAKUIN_MODERN,54674,2
T2M54671,堤雄神社,つつおじんじゃ,県社,,,,,佐賀県,,佐賀県杵島郡江北町佐留志,33.2229917,130.1669472,"https://maps.google.com/?q=33.2229917,130.1669472",,,國學院大學「神道・神社史料集成（現代）」収録社。,KOKUGAKUIN_MODERN,54671,2
T2M54672,天山社,てんざんしゃ,県社,,,,,佐賀県,,佐賀県小城市小城町晴気,33.3131222,130.1612194,"https://maps.google.com/?q=33.3131222,130.1612194",,,國學院大學「神道・神社史料集成（現代）」収録社。,KOKUGAKUIN_MODERN,54672,2
T2M54661,松原神社,まつばらじんじゃ,県社,,,,,佐賀県,,佐賀県佐賀市松原,33.2520450,130.3028761,"https://maps.google.com/?q=33.2520450,130.3028761",,,國學院大學「神道・神社史料集成（現代）」収録社。,KOKUGAKUIN_MODERN,54661,2
T2M54666,松陰神社,まつかげじんじゃ,県社,,,,,佐賀県,,佐賀県鹿島市高津原,33.1028583,130.0928861,"https://maps.google.com/?q=33.1028583,130.0928861",,,國學院大學「神道・神社史料集成（現代）」収録社。,KOKUGAKUIN_MODERN,54666,2
T2M54663,櫛田宮,くしだぐう,県社,,,,,佐賀県,,佐賀県神埼市神埼町神埼,33.3100417,130.3726083,"https://maps.google.com/?q=33.3100417,130.3726083",,,國學院大學「神道・神社史料集成（現代）」収録社。,KOKUGAKUIN_MODERN,54663,2
T2M53426,田島神社,たじまじんじゃ,国幣中社,式内社,,,,佐賀県,,佐賀県唐津市呼子町加部島,33.5557833,129.8903750,"https://maps.google.com/?q=33.5557833,129.8903750",,,國學院大學「神道・神社史料集成（現代）」収録社。,KOKUGAKUIN_MODERN,53426,2
T2M54662,祐徳稲荷神社,ゆうとくいなりじんじゃ,県社,,,,,佐賀県,,佐賀県鹿島市古枝,33.0734722,130.1081278,"https://maps.google.com/?q=33.0734722,130.1081278",,,國學院大學「神道・神社史料集成（現代）」収録社。,KOKUGAKUIN_MODERN,54662,2
T2M54665,稲佐神社,いなさじんじゃ,県社,,,,,佐賀県,,佐賀県杵島郡白石町辺田,33.1631139,130.1007639,"https://maps.google.com/?q=33.1631139,130.1007639",,,國學院大學「神道・神社史料集成（現代）」収録社。,KOKUGAKUIN_MODERN,54665,2
T2M54660,與止日女神社,よどひめじんじゃ,県社,式内社,,,,佐賀県,,佐賀県佐賀市大和町川上,33.3263167,130.2682639,"https://maps.google.com/?q=33.3263167,130.2682639",,,國學院大學「神道・神社史料集成（現代）」収録社。,KOKUGAKUIN_MODERN,54660,2
T2M54669,與賀神社,よがじんじゃ,県社,,,,,佐賀県,,佐賀県佐賀市与賀町,33.2487972,130.2947250,"https://maps.google.com/?q=33.2487972,130.2947250",,,國學院大學「神道・神社史料集成（現代）」収録社。,KOKUGAKUIN_MODERN,54669,2
T2M54670,荒穂神社,あらほじんじゃ,県社,式内社,,,,佐賀県,,佐賀県三養基郡基山町宮浦,33.4337611,130.5095278,"https://maps.google.com/?q=33.4337611,130.5095278",,,國學院大學「神道・神社史料集成（現代）」収録社。,KOKUGAKUIN_MODERN,54670,2
T2M54668,鏡神社,かがみじんじゃ,県社,,,,,佐賀県,,佐賀県唐津市鏡,33.4322881,130.0085539,"https://maps.google.com/?q=33.4322881,130.0085539",,,國學院大學「神道・神社史料集成（現代）」収録社。,KOKUGAKUIN_MODERN,54668,2
T2M54667,須賀神社,すがじんじゃ,県社,,,,,佐賀県,,佐賀県小城市小城町松尾,33.3026667,130.2050028,"https://maps.google.com/?q=33.3026667,130.2050028",,,國學院大學「神道・神社史料集成（現代）」収録社。,KOKUGAKUIN_MODERN,54667,2
T2M54236,七宮神社,しちのみやじんじゃ,県社,,,,,兵庫県,,兵庫県神戸市兵庫区七宮町,34.6717528,135.1757611,"https://maps.google.com/?q=34.6717528,135.1757611",,,國學院大學「神道・神社史料集成（現代）」収録社。,KOKUGAKUIN_MODERN,54236,2
T2M54294,三田天満神社,さんだてんまんじんじゃ,県社,,,,,兵庫県,,兵庫県三田市天神,34.8894531,135.2160869,"https://maps.google.com/?q=34.8894531,135.2160869",,,國學院大學「神道・神社史料集成（現代）」収録社。,KOKUGAKUIN_MODERN,54294,2
T2M54303,中嶋神社,なかしまじんじゃ,県社,式内社,,,,兵庫県,,兵庫県豊岡市三宅,35.5256028,134.8624944,"https://maps.google.com/?q=35.5256028,134.8624944",,,國學院大學「神道・神社史料集成（現代）」収録社。,KOKUGAKUIN_MODERN,54303,2
T2M54237,中臣印達神社,なかとみいんたつじんじゃ,県社,式内社,,,,兵庫県,,兵庫県たつの市揖保町中臣,34.8408861,134.5409333,"https://maps.google.com/?q=34.8408861,134.5409333",,,國學院大學「神道・神社史料集成（現代）」収録社。,KOKUGAKUIN_MODERN,54237,2
T2M54310,伊尼神社,いちじんじゃ,県社,式内社,,,,兵庫県,,兵庫県丹波市氷上町新郷,35.1496111,135.0166833,"https://maps.google.com/?q=35.1496111,135.0166833",,,國學院大學「神道・神社史料集成（現代）」収録社。,KOKUGAKUIN_MODERN,54310,2
T2M54243,伊弉册神社,いざなみじんじゃ,県社,式内社,,,,兵庫県,,兵庫県明石市岬町,34.6434278,134.9830806,"https://maps.google.com/?q=34.6434278,134.9830806",,,國學院大學「神道・神社史料集成（現代）」収録社。,KOKUGAKUIN_MODERN,54243,2
T2M53417,伊弉諾神宮,いざなぎじんぐう,官幣大社,式内社,,,,兵庫県,,兵庫県淡路市多賀,34.4601333,134.8525056,"https://maps.google.com/?q=34.4601333,134.8525056",,,國學院大學「神道・神社史料集成（現代）」収録社。,KOKUGAKUIN_MODERN,53417,2
T2M54244,住吉神社,すみよしじんじゃ,県社,,,,,兵庫県,,兵庫県明石市魚住町中尾,34.6862889,134.9004417,"https://maps.google.com/?q=34.6862889,134.9004417",,,國學院大學「神道・神社史料集成（現代）」収録社。,KOKUGAKUIN_MODERN,54244,2
T2M54248,住吉神社,すみよしじんじゃ,県社,式内社,,,,兵庫県,,兵庫県加西市北条町北条,34.9353278,134.8285528,"https://maps.google.com/?q=34.9353278,134.8285528",,,國學院大學「神道・神社史料集成（現代）」収録社。,KOKUGAKUIN_MODERN,54248,2
T2M54258,住吉神社,すみよしじんじゃ,県社,式内社,,,,兵庫県,,兵庫県小野市垂井町,34.8354639,134.9358528,"https://maps.google.com/?q=34.8354639,134.9358528",,,國學院大學「神道・神社史料集成（現代）」収録社。,KOKUGAKUIN_MODERN,54258,2
T2M54298,佐々伎神社,ささきじんじゃ,県社,式内社,,,,兵庫県,,兵庫県豊岡市但東町佐々木,35.4352389,134.9837000,"https://maps.google.com/?q=35.4352389,134.9837000",,,國學院大學「神道・神社史料集成（現代）」収録社。,KOKUGAKUIN_MODERN,54298,2
T2M54273,佐々婆神社,ささばじんじゃ,県社,式内社,,,,兵庫県,,兵庫県篠山市畑宮,35.0860861,135.2573361,"https://maps.google.com/?q=35.0860861,135.2573361",,,國學院大學「神道・神社史料集成（現代）」収録社。,KOKUGAKUIN_MODERN,54273,2
T2M54252,佐保神社,さほじんじゃ,県社,式内社,,,,兵庫県,,兵庫県加東市社,34.9160389,134.9647028,"https://maps.google.com/?q=34.9160389,134.9647028",,,國學院大學「神道・神社史料集成（現代）」収録社。,KOKUGAKUIN_MODERN,54252,2
T2M54278,佐地神社,さちじんじゃ,県社,式内社,,,,兵庫県,,兵庫県丹波市青垣町小倉,35.2501889,134.9869056,"https://maps.google.com/?q=35.2501889,134.9869056",,,國學院大學「神道・神社史料集成（現代）」収録社。,KOKUGAKUIN_MODERN,54278,2
T2M54286,佐用都比売神社,さよつひめじんじゃ,県社,式内社,,,,兵庫県,,兵庫県佐用郡佐用町本位田,35.0169722,134.3655917,"https://maps.google.com/?q=35.0169722,134.3655917",,,國學院大學「神道・神社史料集成（現代）」収録社。,KOKUGAKUIN_MODERN,54286,2
T2M54281,八保神社,やほじんじゃ,県社,式内社,,,,兵庫県,,兵庫県赤穂郡上郡町八保,34.8716083,134.3059639,"https://maps.google.com/?q=34.8716083,134.3059639",,,國學院大學「神道・神社史料集成（現代）」収録社。,KOKUGAKUIN_MODERN,54281,2
T2M54276,八幡宮,はちまんぐう,県社,,,,,兵庫県,,兵庫県赤穂市尾崎,34.7471278,134.4029472,"https://maps.google.com/?q=34.7471278,134.4029472",,,國學院大學「神道・神社史料集成（現代）」収録社。,KOKUGAKUIN_MODERN,54276,2
T2M54235,八幡神社,はちまんじんじゃ,県社,,,,,兵庫県,,兵庫県洲本市山手,34.3395472,134.8993333,"https://maps.google.com/?q=34.3395472,134.8993333",,,國學院大學「神道・神社史料集成（現代）」収録社。,KOKUGAKUIN_MODERN,54235,2
T2M54263,八幡神社,はちまんじんじゃ,県社,,,,,兵庫県,,兵庫県丹波市柏原町柏原,35.1308500,135.0794000,"https://maps.google.com/?q=35.1308500,135.0794000",,,國學院大學「神道・神社史料集成（現代）」収録社。,KOKUGAKUIN_MODERN,54263,2
T2M54264,八幡神社,はちまんじんじゃ,県社,,,,,兵庫県,,兵庫県宍粟市山崎町門前,35.0076056,134.5363167,"https://maps.google.com/?q=35.0076056,134.5363167",,,國學院大學「神道・神社史料集成（現代）」収録社。,KOKUGAKUIN_MODERN,54264,2
T2M54280,八幡神社,はちまんじんじゃ,県社,,,,,兵庫県,,兵庫県姫路市林田町八幡,34.9170722,134.5877194,"https://maps.google.com/?q=34.9170722,134.5877194",,,國學院大學「神道・神社史料集成（現代）」収録社。,KOKUGAKUIN_MODERN,54280,2
T2M54305,八幡神社,はちまんじんじゃ,県社,,,,,兵庫県,,兵庫県南あわじ市賀集八幡,34.2699028,134.7364417,"https://maps.google.com/?q=34.2699028,134.7364417",,,國學院大學「神道・神社史料集成（現代）」収録社。,KOKUGAKUIN_MODERN,54305,2
T2M54306,八幡神社,はちまんじんじゃ,県社,,,,,兵庫県,,兵庫県佐用郡佐用町乃井野,34.9919311,134.4294261,"https://maps.google.com/?q=34.9919311,134.4294261",,,國學院大學「神道・神社史料集成（現代）」収録社。,KOKUGAKUIN_MODERN,54306,2
T2M54297,公智神社,くちじんじゃ,県社,式内社,,,,兵庫県,,兵庫県西宮市山口町下山口,34.8323000,135.2369361,"https://maps.google.com/?q=34.8323000,135.2369361",,,國學院大學「神道・神社史料集成（現代）」収録社。,KOKUGAKUIN_MODERN,54297,2
T2M54269,兵主神社,ひょうずじんじゃ,県社,式内社,,,,兵庫県,,兵庫県丹波市春日町黒井,35.1775556,135.0961444,"https://maps.google.com/?q=35.1775556,135.0961444",,,國學院大學「神道・神社史料集成（現代）」収録社。,KOKUGAKUIN_MODERN,54269,2
T2M54271,兵主神社,ひょうずじんじゃ,県社,式内社,,,,兵庫県,,兵庫県西脇市黒田庄町岡,35.0249194,134.9939583,"https://maps.google.com/?q=35.0249194,134.9939583",,,國學院大學「神道・神社史料集成（現代）」収録社。,KOKUGAKUIN_MODERN,54271,2
T2M53406,出石神社,いずしじんじゃ,国幣中社,式内社,,,,兵庫県,,兵庫県豊岡市出石町宮内,35.4819500,134.8703472,"https://maps.google.com/?q=35.4819500,134.8703472",,,國學院大學「神道・神社史料集成（現代）」収録社。,KOKUGAKUIN_MODERN,53406,2
T2M54279,名草神社,なぐさじんじゃ,県社,式内社,,,,兵庫県,,兵庫県養父郡八鹿町石原妙見,35.4224167,134.6555639,"https://maps.google.com/?q=35.4224167,134.6555639",,,國學院大學「神道・神社史料集成（現代）」収録社。,KOKUGAKUIN_MODERN,54279,2
T2M54238,和田神社,わだじんじゃ,県社,,,,,兵庫県,,兵庫県神戸市兵庫区和田宮通,34.6580694,135.1737861,"https://maps.google.com/?q=34.6580694,135.1737861",,,國學院大學「神道・神社史料集成（現代）」収録社。,KOKUGAKUIN_MODERN,54238,2
T2M54283,垣田神社,かきたじんじゃ,県社,式内社,,,,兵庫県,,兵庫県小野市小田町,34.8844056,134.9965722,"https://maps.google.com/?q=34.8844056,134.9965722",,,國學院大學「神道・神社史料集成（現代）」収録社。,KOKUGAKUIN_MODERN,54283,2
T2M54233,多田神社,ただじんじゃ,県社,式内社,,,,兵庫県,,兵庫県川西市多田院多田所町,34.8611722,135.4027167,"https://maps.google.com/?q=34.8611722,135.4027167",,,國學院大學「神道・神社史料集成（現代）」収録社。,KOKUGAKUIN_MODERN,54233,2
T2M54270,夜比良神社,やひらじんじゃ,県社,式内社,,,,兵庫県,,兵庫県たつの市揖保町揖保上,34.8346194,134.5380167,"https://maps.google.com/?q=34.8346194,134.5380167",,,國學院大學「神道・神社史料集成（現代）」収録社。,KOKUGAKUIN_MODERN,54270,2
T2M54229,大和大國魂神社,おおやまとおおくにたまじんじゃ,県社,式内社,,,,兵庫県,,兵庫県南あわじ市榎列上幡多,34.3225972,134.7759389,"https://maps.google.com/?q=34.3225972,134.7759389",,,國學院大學「神道・神社史料集成（現代）」収録社。,KOKUGAKUIN_MODERN,54229,2
T2M54289,大歳神社,おおとしじんじゃ,県社,式内社,,,,兵庫県,,兵庫県美方郡新温泉町居組,35.6133611,134.3915111,"https://maps.google.com/?q=35.6133611,134.3915111",,,國學院大學「神道・神社史料集成（現代）」収録社。,KOKUGAKUIN_MODERN,54289,2
T2M54291,大生部兵主神社,おおいくべひょうずじんじゃ,県社,式内社,,,,兵庫県,,兵庫県豊岡市但東町薬王寺,35.4316333,135.0423250,"https://maps.google.com/?q=35.4316333,135.0423250",,,國學院大學「神道・神社史料集成（現代）」収録社。,KOKUGAKUIN_MODERN,54291,2
T2M54296,大賣神社,おおひるめじんじゃ,県社,式内社,,,,兵庫県,,兵庫県篠山市寺内,35.0894250,135.2209083,"https://maps.google.com/?q=35.0894250,135.2209083",,,國學院大學「神道・神社史料集成（現代）」収録社。,KOKUGAKUIN_MODERN,54296,2
T2M54275,大避神社,おおさけじんじゃ,県社,,,,,兵庫県,,兵庫県赤穂市坂越,34.7680750,134.4320222,"https://maps.google.com/?q=34.7680750,134.4320222",,,國學院大學「神道・神社史料集成（現代）」収録社。,KOKUGAKUIN_MODERN,54275,2
T2M54257,姫路神社,ひめじじんじゃ,県社,,,,,兵庫県,,兵庫県姫路市本町,34.8398028,134.6957944,"https://maps.google.com/?q=34.8398028,134.6957944",,,國學院大學「神道・神社史料集成（現代）」収録社。,KOKUGAKUIN_MODERN,54257,2
T2M54228,射楯兵主神社,いたてひょうずじんじゃ,県社,式内社,,,,兵庫県,,兵庫県姫路市総社本町,34.8339028,134.6969361,"https://maps.google.com/?q=34.8339028,134.6969361",,,國學院大學「神道・神社史料集成（現代）」収録社。,KOKUGAKUIN_MODERN,54228,2
T2M54230,小田井縣神社,おだいあがたじんじゃ,県社,式内社,,,,兵庫県,,兵庫県豊岡市小田井町,35.5504444,134.8237194,"https://maps.google.com/?q=35.5504444,134.8237194",,,國學院大學「神道・神社史料集成（現代）」収録社。,KOKUGAKUIN_MODERN,54230,2
T2M54239,岡太神社,おかたじんじゃ,県社,式内社,,,,兵庫県,,兵庫県西宮市小松南町,34.7214417,135.3793583,"https://maps.google.com/?q=34.7214417,135.3793583",,,國學院大學「神道・神社史料集成（現代）」収録社。,KOKUGAKUIN_MODERN,54239,2
T2M54242,岩屋神社,いわやじんじゃ,県社,式内社,,,,兵庫県,,兵庫県明石市材木町,34.6437861,134.9881639,"https://maps.google.com/?q=34.6437861,134.9881639",,,國學院大學「神道・神社史料集成（現代）」収録社。,KOKUGAKUIN_MODERN,54242,2
T2M54231,廣峯神社,ひろみねじんじゃ,県社,,,,,兵庫県,,兵庫県姫路市広嶺山,34.8736833,134.7004056,"https://maps.google.com/?q=34.8736833,134.7004056",,,國學院大學「神道・神社史料集成（現代）」収録社。,KOKUGAKUIN_MODERN,54231,2
T2M53368,廣田神社,ひろたじんじゃ,官幣大社,式内社,,,,兵庫県,,兵庫県西宮市大社町,34.7527389,135.3402056,"https://maps.google.com/?q=34.7527389,135.3402056",,,國學院大學「神道・神社史料集成（現代）」収録社。,KOKUGAKUIN_MODERN,53368,2
T2M54259,御形神社,みかたじんじゃ,県社,式内社,,,,兵庫県,,兵庫県宍粟市一宮町森添,35.1894194,134.6299444,"https://maps.google.com/?q=35.1894194,134.6299444",,,國學院大學「神道・神社史料集成（現代）」収録社。,KOKUGAKUIN_MODERN,54259,2
T2M54309,志方八幡宮,しかたはちまんぐう,県社,,,,,兵庫県,,兵庫県加古川市志方町,34.8236556,134.8291583,"https://maps.google.com/?q=34.8236556,134.8291583",,,國學院大學「神道・神社史料集成（現代）」収録社。,KOKUGAKUIN_MODERN,54309,2
T2M54300,敏馬神社,みぬめじんじゃ,県社,式内社,,,,兵庫県,,兵庫県神戸市灘区岩屋中町,34.7034111,135.2187778,"https://maps.google.com/?q=34.7034111,135.2187778",,,國學院大學「神道・神社史料集成（現代）」収録社。,KOKUGAKUIN_MODERN,54300,2
T2M54288,日吉神社,ひよしじんじゃ,県社,,,,,兵庫県,,兵庫県豊岡市山王町,35.5415139,134.8159778,"https://maps.google.com/?q=35.5415139,134.8159778",,,國學院大學「神道・神社史料集成（現代）」収録社。,KOKUGAKUIN_MODERN,54288,2
T2M54274,春日神社,かすがじんじゃ,県社,,,,,兵庫県,,兵庫県篠山市黒岡,35.0782278,135.2187667,"https://maps.google.com/?q=35.0782278,135.2187667",,,國學院大學「神道・神社史料集成（現代）」収録社。,KOKUGAKUIN_MODERN,54274,2
T2M54255,曽根天満宮,そねてんまんぐう,県社,,,,,兵庫県,,兵庫県高砂市曽根町,34.7775833,134.7732250,"https://maps.google.com/?q=34.7775833,134.7732250",,,國學院大學「神道・神社史料集成（現代）」収録社。,KOKUGAKUIN_MODERN,54255,2
T2M54267,本住吉神社,もとすみよしじんじゃ,県社,,,,,兵庫県,,兵庫県神戸市東灘区住吉宮町,34.7186472,135.2601389,"https://maps.google.com/?q=34.7186472,135.2601389",,,國學院大學「神道・神社史料集成（現代）」収録社。,KOKUGAKUIN_MODERN,54267,2
T2M54249,松原八幡神社,まつばらはちまんじんじゃ,県社,,,,,兵庫県,,兵庫県姫路市白浜町,34.7854889,134.7062250,"https://maps.google.com/?q=34.7854889,134.7062250",,,國學院大學「神道・神社史料集成（現代）」収録社。,KOKUGAKUIN_MODERN,54249,2
T2M54246,林神社,はやしじんじゃ,県社,式内社,,,,兵庫県,,兵庫県明石市宮の上,34.6520639,134.9698528,"https://maps.google.com/?q=34.6520639,134.9698528",,,國學院大學「神道・神社史料集成（現代）」収録社。,KOKUGAKUIN_MODERN,54246,2
T2M54290,柿本神社,かきのもとじんじゃ,県社,,,,,兵庫県,,兵庫県明石市人丸町,34.6501056,135.0015833,"https://maps.google.com/?q=34.6501056,135.0015833",,,國學院大學「神道・神社史料集成（現代）」収録社。,KOKUGAKUIN_MODERN,54290,2
T2M54265,櫛石窓神社,くしいわまどじんじゃ,県社,式内社,,,,兵庫県,,兵庫県篠山市福井,35.1122194,135.3293250,"https://maps.google.com/?q=35.1122194,135.3293250",,,國學院大學「神道・神社史料集成（現代）」収録社。,KOKUGAKUIN_MODERN,54265,2
T2M54307,正八幡神社,しょうはちまんじんじゃ,県社,,,,,兵庫県,,兵庫県姫路市船津町,34.9289278,134.7500833,"https://maps.google.com/?q=34.9289278,134.7500833",,,國學院大學「神道・神社史料集成（現代）」収録社。,KOKUGAKUIN_MODERN,54307,2
T2M54260,河上神社,かわかみじんじゃ,県社,式内社,,,,兵庫県,,兵庫県洲本市五色町鮎原南谷,34.4003972,134.8154917,"https://maps.google.com/?q=34.4003972,134.8154917",,,國學院大學「神道・神社史料集成（現代）」収録社。,KOKUGAKUIN_MODERN,54260,2
T2M54282,波々伯部神社,ほほかべじんじゃ,県社,,,,,兵庫県,,兵庫県篠山市宮ノ前,35.0709944,135.2996944,"https://maps.google.com/?q=35.0709944,135.2996944",,,國學院大學「神道・神社史料集成（現代）」収録社。,KOKUGAKUIN_MODERN,54282,2
T2M53410,海神社,わたつみじんじゃ,官幣中社,式内社,,,,兵庫県,,兵庫県神戸市垂水区宮本町,34.6288222,135.0546222,"https://maps.google.com/?q=34.6288222,135.0546222",,,國學院大學「神道・神社史料集成（現代）」収録社。,KOKUGAKUIN_MODERN,53410,2
T2M53532,湊川神社,みなとがわじんじゃ,別格官幣社,,,,,兵庫県,,兵庫県神戸市中央区多聞通,34.6818589,135.1753092,"https://maps.google.com/?q=34.6818589,135.1753092",,,國學院大學「神道・神社史料集成（現代）」収録社。,KOKUGAKUIN_MODERN,53532,2
T2M54245,猪名野神社,いなのじんじゃ,県社,,,,,兵庫県,,兵庫県伊丹市宮ノ前,34.7850917,135.4151833,"https://maps.google.com/?q=34.7850917,135.4151833",,,國學院大學「神道・神社史料集成（現代）」収録社。,KOKUGAKUIN_MODERN,54245,2
T2M53474,生田神社,いくたじんじゃ,官幣中社,式内社,,,,兵庫県,,兵庫県神戸市中央区下山手通,34.6947344,135.1907239,"https://maps.google.com/?q=34.6947344,135.1907239",,,國學院大學「神道・神社史料集成（現代）」収録社。,KOKUGAKUIN_MODERN,53474,2
T2M54284,生石神社,おうしこじんじゃ,県社,,,,,兵庫県,,兵庫県高砂市阿弥陀町生石,34.7825361,134.7952722,"https://maps.google.com/?q=34.7825361,134.7952722",,,國學院大學「神道・神社史料集成（現代）」収録社。,KOKUGAKUIN_MODERN,54284,2
T2M54304,白國神社,しらくにじんじゃ,県社,式内社,,,,兵庫県,,兵庫県姫路市白国,34.8644278,134.7037750,"https://maps.google.com/?q=34.8644278,134.7037750",,,國學院大學「神道・神社史料集成（現代）」収録社。,KOKUGAKUIN_MODERN,54304,2
T2M54308,盈岡神社,みつおかじんじゃ,県社,式内社,,,,兵庫県,,兵庫県朝来市和田山町宮内,35.3582500,134.8128833,"https://maps.google.com/?q=35.3582500,134.8128833",,,國學院大學「神道・神社史料集成（現代）」収録社。,KOKUGAKUIN_MODERN,54308,2
T2M54262,祝田神社,はふりたじんじゃ,県社,式内社,,,,兵庫県,,兵庫県姫路市林田町上構,34.9071083,134.5752111,"https://maps.google.com/?q=34.9071083,134.5752111",,,國學院大學「神道・神社史料集成（現代）」収録社。,KOKUGAKUIN_MODERN,54262,2
T2M54293,神田神社,こうだじんじゃ,県社,式内社,,,,兵庫県,,兵庫県篠山市大山上,35.0977028,135.1378611,"https://maps.google.com/?q=35.0977028,135.1378611",,,國學院大學「神道・神社史料集成（現代）」収録社。,KOKUGAKUIN_MODERN,54293,2
T2M54250,福應神社,ふくおうじんじゃ,県社,,,,,兵庫県,,兵庫県西宮市今津大東町,34.7256694,135.3551417,"https://maps.google.com/?q=34.7256694,135.3551417",,,國學院大學「神道・神社史料集成（現代）」収録社。,KOKUGAKUIN_MODERN,54250,2
T2M54261,稲荷神社,いなりじんじゃ,県社,,,,,兵庫県,,兵庫県多可郡多可町中区糀屋,35.0354167,134.9229889,"https://maps.google.com/?q=35.0354167,134.9229889",,,國學院大學「神道・神社史料集成（現代）」収録社。,KOKUGAKUIN_MODERN,54261,2
T2M54253,粒坐天照神社,いいほにいますあまてるじんじゃ,県社,式内社,,,,兵庫県,,兵庫県たつの市龍野町日山,34.8635083,134.5402861,"https://maps.google.com/?q=34.8635083,134.5402861",,,國學院大學「神道・神社史料集成（現代）」収録社。,KOKUGAKUIN_MODERN,54253,2
T2M54241,粟鹿神社,あわがじんじゃ,県社,式内社,,,,兵庫県,,兵庫県朝来市山東町粟鹿,35.3006889,134.9048972,"https://maps.google.com/?q=35.3006889,134.9048972",,,國學院大學「神道・神社史料集成（現代）」収録社。,KOKUGAKUIN_MODERN,54241,2
T2M54232,英賀神社,あがじんじゃ,県社,,,,,兵庫県,,兵庫県姫路市飾磨区英賀宮町,34.8060750,134.6397111,"https://maps.google.com/?q=34.8060750,134.6397111",,,國學院大學「神道・神社史料集成（現代）」収録社。,KOKUGAKUIN_MODERN,54232,2
T2M54266,荒田神社,あらたじんじゃ,県社,式内社,,,,兵庫県,,兵庫県多可郡多可町加美区的場,35.0838472,134.8864083,"https://maps.google.com/?q=35.0838472,134.8864083",,,國學院大學「神道・神社史料集成（現代）」収録社。,KOKUGAKUIN_MODERN,54266,2
T2M54234,西宮神社,にしのみやじんじゃ,県社,式内社,,,,兵庫県,,兵庫県西宮市社家町,34.7356889,135.3345750,"https://maps.google.com/?q=34.7356889,135.3345750",,,國學院大學「神道・神社史料集成（現代）」収録社。,KOKUGAKUIN_MODERN,54234,2
T2M54287,諸杉神社,もろすぎじんじゃ,県社,式内社,,,,兵庫県,,兵庫県豊岡市出石町内町,35.4606583,134.8751583,"https://maps.google.com/?q=35.4606583,134.8751583",,,國學院大學「神道・神社史料集成（現代）」収録社。,KOKUGAKUIN_MODERN,54287,2
T2M54272,貴布禰神社,きふねじんじゃ,県社,,,,,兵庫県,,兵庫県尼崎市西本町,34.7169250,135.4089083,"https://maps.google.com/?q=34.7169250,135.4089083",,,國學院大學「神道・神社史料集成（現代）」収録社。,KOKUGAKUIN_MODERN,54272,2
T2M54254,賀茂神社,かもじんじゃ,県社,,,,,兵庫県,,兵庫県たつの市御津町室津,34.7659111,134.5028278,"https://maps.google.com/?q=34.7659111,134.5028278",,,國學院大學「神道・神社史料集成（現代）」収録社。,KOKUGAKUIN_MODERN,54254,2
T2M54302,赤渕神社,あかぶちじんじゃ,県社,式内社,,,,兵庫県,,兵庫県朝来市和田山町枚田,35.3267778,134.8411528,"https://maps.google.com/?q=35.3267778,134.8411528",,,國學院大學「神道・神社史料集成（現代）」収録社。,KOKUGAKUIN_MODERN,54302,2
T2M54292,赤穂大石神社,あこうおおいしじんじゃ,県社,,,,,兵庫県,,兵庫県赤穂市上仮屋,34.7493139,134.3886111,"https://maps.google.com/?q=34.7493139,134.3886111",,,國學院大學「神道・神社史料集成（現代）」収録社。,KOKUGAKUIN_MODERN,54292,2
T2M53475,長田神社,ながたじんじゃ,官幣中社,式内社,,,,兵庫県,,兵庫県神戸市長田区長田,34.6713836,135.1469314,"https://maps.google.com/?q=34.6713836,135.1469314",,,國學院大學「神道・神社史料集成（現代）」収録社。,KOKUGAKUIN_MODERN,53475,2
T2M54251,阿宗神社,あそうじんじゃ,県社,式内社,,,,兵庫県,,兵庫県たつの市誉田町広山,34.8476333,134.5648222,"https://maps.google.com/?q=34.8476333,134.5648222",,,國學院大學「神道・神社史料集成（現代）」収録社。,KOKUGAKUIN_MODERN,54251,2
T2M54295,阿陀岡神社,あだおかじんじゃ,県社,式内社,,,,兵庫県,,兵庫県丹波市春日町多利,35.1859500,135.1293250,"https://maps.google.com/?q=35.1859500,135.1293250",,,國學院大學「神道・神社史料集成（現代）」収録社。,KOKUGAKUIN_MODERN,54295,2
T2M54240,養父神社,やぶじんじゃ,県社,式内社,,,,兵庫県,,兵庫県養父市養父市場,35.3875556,134.8038500,"https://maps.google.com/?q=35.3875556,134.8038500",,,國學院大學「神道・神社史料集成（現代）」収録社。,KOKUGAKUIN_MODERN,54240,2
T2M54299,駒宇佐八幡神社,こまうさはちまんじんじゃ,県社,,,,,兵庫県,,兵庫県三田市上本庄,34.9864639,135.1934389,"https://maps.google.com/?q=34.9864639,135.1934389",,,國學院大學「神道・神社史料集成（現代）」収録社。,KOKUGAKUIN_MODERN,54299,2
T2M54301,高岳神社,たかおかじんじゃ,県社,式内社,,,,兵庫県,,兵庫県姫路市西今宿,34.8484472,134.6620972,"https://maps.google.com/?q=34.8484472,134.6620972",,,國學院大學「神道・神社史料集成（現代）」収録社。,KOKUGAKUIN_MODERN,54301,2
T2M54256,高嶺神社,たかみねじんじゃ,県社,,,,,兵庫県,,兵庫県赤穂郡上郡町山野里,34.8581722,134.3437250,"https://maps.google.com/?q=34.8581722,134.3437250",,,國學院大學「神道・神社史料集成（現代）」収録社。,KOKUGAKUIN_MODERN,54256,2
T2M54247,髙砂神社,たかさごじんじゃ,県社,,,,,兵庫県,,兵庫県高砂市高砂町東宮町,34.7437250,134.8035278,"https://maps.google.com/?q=34.7437250,134.8035278",,,國學院大學「神道・神社史料集成（現代）」収録社。,KOKUGAKUIN_MODERN,54247,2
T2M54268,魚吹八幡神社,うすきはちまんじんじゃ,県社,,,,,兵庫県,,兵庫県姫路市網干区宮内,34.7963944,134.5904417,"https://maps.google.com/?q=34.7963944,134.5904417",,,國學院大學「神道・神社史料集成（現代）」収録社。,KOKUGAKUIN_MODERN,54268,2
T2M54277,鳥飼八幡宮,とりかいはちまんぐう,県社,,,,,兵庫県,,兵庫県洲本市五色町鳥飼中,34.3742333,134.7616639,"https://maps.google.com/?q=34.3742333,134.7616639",,,國學院大學「神道・神社史料集成（現代）」収録社。,KOKUGAKUIN_MODERN,54277,2
T2M54285,黒野神社,くろのじんじゃ,県社,式内社,,,,兵庫県,,兵庫県美方郡香美町村岡区村岡,35.4750917,134.5966861,"https://maps.google.com/?q=35.4750917,134.5966861",,,國學院大學「神道・神社史料集成（現代）」収録社。,KOKUGAKUIN_MODERN,54285,2
T2M53570,三吉神社,みよしじんじゃ,県社,,,,,北海道,,北海道札幌市中央区南一条西八丁目,43.0583686,141.3452267,"https://maps.google.com/?q=43.0583686,141.3452267",,,國學院大學「神道・神社史料集成（現代）」収録社。,KOKUGAKUIN_MODERN,53570,2
T2M53566,上川神社,かみかわじんじゃ,県社,,,,,北海道,,北海道旭川市神楽岡公園,43.7524836,142.3647989,"https://maps.google.com/?q=43.7524836,142.3647989",,,國學院大學「神道・神社史料集成（現代）」収録社。,KOKUGAKUIN_MODERN,53566,2
T2M53561,住吉神社,すみよしじんじゃ,県社,,,,,北海道,,北海道小樽市住ノ江,43.1826531,141.0024028,"https://maps.google.com/?q=43.1826531,141.0024028",,,國學院大學「神道・神社史料集成（現代）」収録社。,KOKUGAKUIN_MODERN,53561,2
T2M53568,余市神社,よいちじんじゃ,県社,,,,,北海道,,北海道余市郡余市町富沢町,43.2150014,140.7710464,"https://maps.google.com/?q=43.2150014,140.7710464",,,國學院大學「神道・神社史料集成（現代）」収録社。,KOKUGAKUIN_MODERN,53568,2
T2M53490,函館八幡宮,はこだてはちまんぐう,国幣中社,,,,,北海道,,北海道函館市谷地頭町,41.7538878,140.7101789,"https://maps.google.com/?q=41.7538878,140.7101789",,,國學院大學「神道・神社史料集成（現代）」収録社。,KOKUGAKUIN_MODERN,53490,2
T2M53564,北海道東照宮,ほっかいどうとうしょうぐう,県社,,,,,北海道,,北海道函館市陣川町,41.8386344,140.7851494,"https://maps.google.com/?q=41.8386344,140.7851494",,,國學院大學「神道・神社史料集成（現代）」収録社。,KOKUGAKUIN_MODERN,53564,2
T2M53454,北海道神宮,ほっかいどうじんぐう,官幣大社,,,,,北海道,,北海道札幌市中央区宮ヶ丘,43.0546703,141.3080083,"https://maps.google.com/?q=43.0546703,141.3080083",,,國學院大學「神道・神社史料集成（現代）」収録社。,KOKUGAKUIN_MODERN,53454,2
T2M53583,十勝神社,とかちじんじゃ,県社,,,,,北海道,,北海道広尾郡広尾町茂寄,42.2910344,143.3104653,"https://maps.google.com/?q=42.2910344,143.3104653",,,國學院大學「神道・神社史料集成（現代）」収録社。,KOKUGAKUIN_MODERN,53583,2
T2M53565,厳島神社,いつくしまじんじゃ,県社,,,,,北海道,,北海道釧路市米町,42.9719875,144.3724053,"https://maps.google.com/?q=42.9719875,144.3724053",,,國學院大學「神道・神社史料集成（現代）」収録社。,KOKUGAKUIN_MODERN,53565,2
T2M53560,姥神大神宮,うばがみだいじんぐう,県社,,,,,北海道,,北海道桧山郡江差町姥神町,41.8665189,140.1250389,"https://maps.google.com/?q=41.8665189,140.1250389",,,國學院大學「神道・神社史料集成（現代）」収録社。,KOKUGAKUIN_MODERN,53560,2
T2M53567,室蘭八幡宮,むろらんはちまんぐう,県社,,,,,北海道,,北海道室蘭市海岸町,42.3208450,140.9683817,"https://maps.google.com/?q=42.3208450,140.9683817",,,國學院大學「神道・神社史料集成（現代）」収録社。,KOKUGAKUIN_MODERN,53567,2
T2M53569,岩内神社,いわないじんじゃ,県社,,,,,北海道,,北海道岩内郡岩内町字宮園,42.9746583,140.5144742,"https://maps.google.com/?q=42.9746583,140.5144742",,,國學院大學「神道・神社史料集成（現代）」収録社。,KOKUGAKUIN_MODERN,53569,2
T2M53572,岩見沢神社,いわみざわじんじゃ,県社,,,,,北海道,,北海道岩見沢市十二条西一丁目,43.1953058,141.7734147,"https://maps.google.com/?q=43.1953058,141.7734147",,,國學院大學「神道・神社史料集成（現代）」収録社。,KOKUGAKUIN_MODERN,53572,2
T2M53571,帯廣神社,おびひろじんじゃ,県社,,,,,北海道,,北海道帯広市東三条南二丁目,42.9320250,143.2088444,"https://maps.google.com/?q=42.9320250,143.2088444",,,國學院大學「神道・神社史料集成（現代）」収録社。,KOKUGAKUIN_MODERN,53571,2
T2M53580,新十津川神社,しんとつかわじんじゃ,県社,,,,,北海道,,北海道樺戸郡新十津川町中央,43.5713864,141.8694914,"https://maps.google.com/?q=43.5713864,141.8694914",,,國學院大學「神道・神社史料集成（現代）」収録社。,KOKUGAKUIN_MODERN,53580,2
T2M53584,旭川神社,あさひかわじんじゃ,県社,,,,,北海道,,北海道旭川市東旭川南一条六丁目,43.7692672,142.4435242,"https://maps.google.com/?q=43.7692672,142.4435242",,,國學院大學「神道・神社史料集成（現代）」収録社。,KOKUGAKUIN_MODERN,53584,2
T2M53562,松前神社,まつまえじんじゃ,県社,,,,,北海道,,北海道松前郡松前町字松城,41.4309108,140.1081436,"https://maps.google.com/?q=41.4309108,140.1081436",,,國學院大學「神道・神社史料集成（現代）」収録社。,KOKUGAKUIN_MODERN,53562,2
T2M53575,樽前山神社,たるまえさんじんじゃ,県社,,,,,北海道,,北海道苫小牧市字高丘,42.6610933,141.6046689,"https://maps.google.com/?q=42.6610933,141.6046689",,,國學院大學「神道・神社史料集成（現代）」収録社。,KOKUGAKUIN_MODERN,53575,2
T2M53582,永山神社,ながやまじんじゃ,県社,,,,,北海道,,北海道旭川市永山四条十八丁目,43.8085872,142.4349253,"https://maps.google.com/?q=43.8085872,142.4349253",,,國學院大學「神道・神社史料集成（現代）」収録社。,KOKUGAKUIN_MODERN,53582,2
T2M53578,深川神社,ふかがわじんじゃ,県社,,,,,北海道,,北海道深川市六条四番,43.7148369,142.0375264,"https://maps.google.com/?q=43.7148369,142.0375264",,,國學院大學「神道・神社史料集成（現代）」収録社。,KOKUGAKUIN_MODERN,53578,2
T2M53576,滝川神社,たきかわじんじゃ,県社,,,,,北海道,,北海道滝川市一の坂町東,43.5641761,141.9130344,"https://maps.google.com/?q=43.5641761,141.9130344",,,國學院大學「神道・神社史料集成（現代）」収録社。,KOKUGAKUIN_MODERN,53576,2
T2M53577,留萌神社,るもいじんじゃ,県社,,,,,北海道,,北海道留萌市宮園町,43.9359667,141.6441403,"https://maps.google.com/?q=43.9359667,141.6441403",,,國學院大學「神道・神社史料集成（現代）」収録社。,KOKUGAKUIN_MODERN,53577,2
T2M53581,砂川神社,すながわじんじゃ,県社,,,,,北海道,,北海道砂川市東五条南四丁目,43.4867856,141.9121278,"https://maps.google.com/?q=43.4867856,141.9121278",,,國學院大學「神道・神社史料集成（現代）」収録社。,KOKUGAKUIN_MODERN,53581,2
T2M53573,空知神社,そらちじんじゃ,県社,,,,,北海道,,北海道美唄市西二条南一丁目,43.3326681,141.8569278,"https://maps.google.com/?q=43.3326681,141.8569278",,,國學院大學「神道・神社史料集成（現代）」収録社。,KOKUGAKUIN_MODERN,53573,2
T2M53574,網走神社,あばしりじんじゃ,県社,,,,,北海道,,北海道網走市桂町,44.0158425,144.2703097,"https://maps.google.com/?q=44.0158425,144.2703097",,,國學院大學「神道・神社史料集成（現代）」収録社。,KOKUGAKUIN_MODERN,53574,2
T2M53563,金刀比羅神社,ことひらじんじゃ,県社,,,,,北海道,,北海道根室市琴平町,43.3437233,145.5874622,"https://maps.google.com/?q=43.3437233,145.5874622",,,國學院大學「神道・神社史料集成（現代）」収録社。,KOKUGAKUIN_MODERN,53563,2
T2M53579,鷹栖神社,たかすじんじゃ,県社,,,,,北海道,,北海道旭川市末広八条三丁目,43.8166022,142.3699889,"https://maps.google.com/?q=43.8166022,142.3699889",,,國學院大學「神道・神社史料集成（現代）」収録社。,KOKUGAKUIN_MODERN,53579,2
T2M53789,千葉神社,ちばじんじゃ,県社,,,,,千葉県,,千葉県千葉市中央区院内,35.6117439,140.1237600,"https://maps.google.com/?q=35.6117439,140.1237600",,,國學院大學「神道・神社史料集成（現代）」収録社。,KOKUGAKUIN_MODERN,53789,2
T2M53788,大戸神社,おおとじんじゃ,県社,,,,,千葉県,,千葉県香取市大戸,35.8840631,140.4625711,"https://maps.google.com/?q=35.8840631,140.4625711",,,國學院大學「神道・神社史料集成（現代）」収録社。,KOKUGAKUIN_MODERN,53788,2
T2M53783,姉埼神社,あねさきじんじゃ,県社,式内社,,,,千葉県,,千葉県市原市姉崎,35.4733489,140.0481800,"https://maps.google.com/?q=35.4733489,140.0481800",,,國學院大學「神道・神社史料集成（現代）」収録社。,KOKUGAKUIN_MODERN,53783,2
T2M53544,小御門神社,こみかどじんじゃ,別格官幣社,,,,,千葉県,,千葉県成田市名古屋,35.8558397,140.3583750,"https://maps.google.com/?q=35.8558397,140.3583750",,,國學院大學「神道・神社史料集成（現代）」収録社。,KOKUGAKUIN_MODERN,53544,2
T2M53790,島穴神社,しまあなじんじゃ,県社,式内社,,,,千葉県,,千葉県市原市島野,35.4944061,140.0679031,"https://maps.google.com/?q=35.4944061,140.0679031",,,國學院大學「神道・神社史料集成（現代）」収録社。,KOKUGAKUIN_MODERN,53790,2
T2M53782,意富比神社,おおひじんじゃ,県社,式内社,,,,千葉県,,千葉県船橋市宮本,35.6960939,139.9929161,"https://maps.google.com/?q=35.6960939,139.9929161",,,國學院大學「神道・神社史料集成（現代）」収録社。,KOKUGAKUIN_MODERN,53782,2
T2M53793,東大神,とうだいじん,県社,,,,,千葉県,,千葉県香取郡東庄町宮本,35.8058000,140.6861600,"https://maps.google.com/?q=35.8058000,140.6861600",,,國學院大學「神道・神社史料集成（現代）」収録社。,KOKUGAKUIN_MODERN,53793,2
T2M53787,橘樹神社,たちばなじんじゃ,県社,式内社,,,,千葉県,,千葉県茂原市本納,35.4893281,140.3058139,"https://maps.google.com/?q=35.4893281,140.3058139",,,國學院大學「神道・神社史料集成（現代）」収録社。,KOKUGAKUIN_MODERN,53787,2
T2M53784,洲宮神社,すのみやじんじゃ,県社,式内社,,,,千葉県,,千葉県館山市洲宮,34.9525319,139.8385231,"https://maps.google.com/?q=34.9525319,139.8385231",,,國學院大學「神道・神社史料集成（現代）」収録社。,KOKUGAKUIN_MODERN,53784,2
T2M53785,洲崎神社,すのさきじんじゃ,県社,式内社,,,,千葉県,,千葉県館山市洲崎,34.9680231,139.7581211,"https://maps.google.com/?q=34.9680231,139.7581211",,,國學院大學「神道・神社史料集成（現代）」収録社。,KOKUGAKUIN_MODERN,53785,2
T2M53391,玉前神社,たまさきじんじゃ,国幣中社,式内社,,,,千葉県,,千葉県長生郡一宮町一宮,35.3760806,140.3605694,"https://maps.google.com/?q=35.3760806,140.3605694",,,國學院大學「神道・神社史料集成（現代）」収録社。,KOKUGAKUIN_MODERN,53391,2
T2M53794,神崎神社,こうざきじんじゃ,県社,,,,,千葉県,,千葉県香取郡神崎町神崎本宿,35.9057869,140.4001081,"https://maps.google.com/?q=35.9057869,140.4001081",,,國學院大學「神道・神社史料集成（現代）」収録社。,KOKUGAKUIN_MODERN,53794,2
T2M53795,葛飾八幡宮,かつしかはちまんぐう,県社,,,,,千葉県,,千葉県市川市八幡,35.7240850,139.9310481,"https://maps.google.com/?q=35.7240850,139.9310481",,,國學院大學「神道・神社史料集成（現代）」収録社。,KOKUGAKUIN_MODERN,53795,2
T2M53792,飯香岡八幡宮,いいがおかはちまんぐう,県社,,,,,千葉県,,千葉県市原市八幡,35.5374861,140.1178589,"https://maps.google.com/?q=35.5374861,140.1178589",,,國學院大學「神道・神社史料集成（現代）」収録社。,KOKUGAKUIN_MODERN,53792,2
T2M53786,飽富神社,あきとみじんじゃ,県社,式内社,,,,千葉県,,千葉県袖ヶ浦市飯富,35.4208050,139.9852339,"https://maps.google.com/?q=35.4208050,139.9852339",,,國學院大學「神道・神社史料集成（現代）」収録社。,KOKUGAKUIN_MODERN,53786,2
T2M53791,高瀧神社,たかたきじんじゃ,県社,,,,,千葉県,,千葉県市原市高滝,35.3527611,140.1540389,"https://maps.google.com/?q=35.3527611,140.1540389",,,國學院大學「神道・神社史料集成（現代）」収録社。,KOKUGAKUIN_MODERN,53791,2
T2M53796,鶴谷八幡宮,つるがやはちまんぐう,県社,,,,,千葉県,,千葉県館山市八幡,35.0052219,139.8665031,"https://maps.google.com/?q=35.0052219,139.8665031",,,國學院大學「神道・神社史料集成（現代）」収録社。,KOKUGAKUIN_MODERN,53796,2
T2M53463,丹生都比売神社,にうつひめじんじゃ,官幣大社,式内社,,,,和歌山県,,和歌山県伊都郡かつらぎ町上天野,34.2628869,135.5218158,"https://maps.google.com/?q=34.2628869,135.5218158",,,國學院大學「神道・神社史料集成（現代）」収録社。,KOKUGAKUIN_MODERN,53463,2
T2M53476,伊太祁曾神社,いたきそじんじゃ,官幣中社,式内社,,,,和歌山県,,和歌山県和歌山市伊太祈曽,34.2017203,135.2500811,"https://maps.google.com/?q=34.2017203,135.2500811",,,國學院大學「神道・神社史料集成（現代）」収録社。,KOKUGAKUIN_MODERN,53476,2
T2M54343,刺田比古神社,さすたひこじんじゃ,県社,式内社,,,,和歌山県,,和歌山県和歌山市片岡町,34.2237306,135.1741167,"https://maps.google.com/?q=34.2237306,135.1741167",,,國學院大學「神道・神社史料集成（現代）」収録社。,KOKUGAKUIN_MODERN,54343,2
T2M54347,南龍神社（紀州東照宮）,なんりゅうじんじゃ（きしゅうとうしょうぐう）,県社,,,,,和歌山県,,和歌山県和歌山市和歌浦西,34.1925722,135.1657222,"https://maps.google.com/?q=34.1925722,135.1657222",,,國學院大學「神道・神社史料集成（現代）」収録社。,KOKUGAKUIN_MODERN,54347,2
T2M53377,國懸神宮,くにかかすじんぐう,官幣大社,式内社,,,,和歌山県,,和歌山県和歌山市秋月,34.2287528,135.2027944,"https://maps.google.com/?q=34.2287528,135.2027944",,,國學院大學「神道・神社史料集成（現代）」収録社。,KOKUGAKUIN_MODERN,53377,2
T2M54348,大屋都姫神社,おおやつひめじんじゃ,県社,式内社,,,,和歌山県,,和歌山県和歌山市宇田森,34.2609639,135.2497278,"https://maps.google.com/?q=34.2609639,135.2497278",,,國學院大學「神道・神社史料集成（現代）」収録社。,KOKUGAKUIN_MODERN,54348,2
T2M54811,志磨神社,しまじんじゃ,県社,式内社,,,,和歌山県,,和歌山県和歌山市中之島,34.2402069,135.1808769,"https://maps.google.com/?q=34.2402069,135.1808769",,,國學院大學「神道・神社史料集成（現代）」収録社。,KOKUGAKUIN_MODERN,54811,2
T2M53376,日前神宮,ひのくまじんぐう,官幣大社,式内社,,,,和歌山県,,和歌山県和歌山市秋月,34.2285167,135.2013111,"https://maps.google.com/?q=34.2285167,135.2013111",,,國學院大學「神道・神社史料集成（現代）」収録社。,KOKUGAKUIN_MODERN,53376,2
T2M54346,木本八幡宮,きもとはちまんぐう,県社,,,,,和歌山県,,和歌山県和歌山市西庄,34.2650722,135.1216611,"https://maps.google.com/?q=34.2650722,135.1216611",,,國學院大學「神道・神社史料集成（現代）」収録社。,KOKUGAKUIN_MODERN,54346,2
T2M54354,海神社,かいじんじゃ,県社,式内社,,,,和歌山県,,和歌山県紀の川市神領,34.2868531,135.3635169,"https://maps.google.com/?q=34.2868531,135.3635169",,,國學院大學「神道・神社史料集成（現代）」収録社。,KOKUGAKUIN_MODERN,54354,2
T2M53416,熊野本宮大社,くまのほんぐうたいしゃ,官幣大社,式内社,,,,和歌山県,,和歌山県田辺市本宮町本宮,33.8405667,135.7737306,"https://maps.google.com/?q=33.8405667,135.7737306",,,國學院大學「神道・神社史料集成（現代）」収録社。,KOKUGAKUIN_MODERN,53416,2
T2M53462,熊野速玉大社,くまのはやたまたいしゃ,官幣大社,式内社,,,,和歌山県,,和歌山県新宮市新宮,33.7321272,135.9836117,"https://maps.google.com/?q=33.7321272,135.9836117",,,國學院大學「神道・神社史料集成（現代）」収録社。,KOKUGAKUIN_MODERN,53462,2
T2M53477,熊野那智大社,くまのなちたいしゃ,官幣中社,,,,,和歌山県,,和歌山県東牟婁郡那智勝浦町那智山,33.6687225,135.8902414,"https://maps.google.com/?q=33.6687225,135.8902414",,,國學院大學「神道・神社史料集成（現代）」収録社。,KOKUGAKUIN_MODERN,53477,2
T2M53461,竈山神社,かまやまじんじゃ,官幣大社,式内社,,,,和歌山県,,和歌山県和歌山市和田,34.2008883,135.2046419,"https://maps.google.com/?q=34.2008883,135.2046419",,,國學院大學「神道・神社史料集成（現代）」収録社。,KOKUGAKUIN_MODERN,53461,2
T2M54344,紀州東照宮,きしゅうとうしょうぐう,県社,,,,,和歌山県,,和歌山県和歌山市和歌浦西,34.1925722,135.1657222,"https://maps.google.com/?q=34.1925722,135.1657222",,,國學院大學「神道・神社史料集成（現代）」収録社。,KOKUGAKUIN_MODERN,54344,2
T2M54353,藤白神社,ふじしろじんじゃ,県社,,,,,和歌山県,,和歌山県海南市藤白,34.1449639,135.2089861,"https://maps.google.com/?q=34.1449639,135.2089861",,,國學院大學「神道・神社史料集成（現代）」収録社。,KOKUGAKUIN_MODERN,54353,2
T2M54351,野上八幡宮,のかみはちまんぐう,県社,,,,,和歌山県,,和歌山県海草郡紀美野町小畑,34.1656500,135.2946583,"https://maps.google.com/?q=34.1656500,135.2946583",,,國學院大學「神道・神社史料集成（現代）」収録社。,KOKUGAKUIN_MODERN,54351,2
T2M54349,闘鶏神社,とうけいじんじゃ,県社,,,,,和歌山県,,和歌山県田辺市湊,33.7294639,135.3839139,"https://maps.google.com/?q=33.7294639,135.3839139",,,國學院大學「神道・神社史料集成（現代）」収録社。,KOKUGAKUIN_MODERN,54349,2
T2M54350,隅田八幡神社,すだはちまんじんじゃ,県社,,,,,和歌山県,,和歌山県橋本市隅田町垂井,34.3332083,135.6455861,"https://maps.google.com/?q=34.3332083,135.6455861",,,國學院大學「神道・神社史料集成（現代）」収録社。,KOKUGAKUIN_MODERN,54350,2
T2M54352,鞆渕八幡神社,ともぶちはちまんじんじゃ,県社,,,,,和歌山県,,和歌山県紀の川市中鞆渕,34.2202278,135.4602250,"https://maps.google.com/?q=34.2202278,135.4602250",,,國學院大學「神道・神社史料集成（現代）」収録社。,KOKUGAKUIN_MODERN,54352,2
T2M54345,須佐神社,すさじんじゃ,県社,式内社,,,,和歌山県,,和歌山県有田市千田,34.0648528,135.1414722,"https://maps.google.com/?q=34.0648528,135.1414722",,,國學院大學「神道・神社史料集成（現代）」収録社。,KOKUGAKUIN_MODERN,54345,2
T2M53769,みか神社,みかじんじゃ,県社,式内社,,,,埼玉県,,埼玉県児玉郡美里町広木,36.1759769,139.1572631,"https://maps.google.com/?q=36.1759769,139.1572631",,,國學院大學「神道・神社史料集成（現代）」収録社。,KOKUGAKUIN_MODERN,53769,2
T2M53762,三峯神社,みつみねじんじゃ,県社,,,,,埼玉県,,埼玉県秩父市三峯,35.9253461,138.9304581,"https://maps.google.com/?q=35.9253461,138.9304581",,,國學院大學「神道・神社史料集成（現代）」収録社。,KOKUGAKUIN_MODERN,53762,2
T2M53758,三芳野神社,みよしのじんじゃ,県社,,,,,埼玉県,,埼玉県川越市郭町,35.9241361,139.4924861,"https://maps.google.com/?q=35.9241361,139.4924861",,,國學院大學「神道・神社史料集成（現代）」収録社。,KOKUGAKUIN_MODERN,53758,2
T2M53777,中氷川神社,なかひかわじんじゃ,県社,式内社,,,,埼玉県,,埼玉県所沢市山口,35.7788000,139.4302611,"https://maps.google.com/?q=35.7788000,139.4302611",,,國學院大學「神道・神社史料集成（現代）」収録社。,KOKUGAKUIN_MODERN,53777,2
T2M53779,久伊豆神社,ひさいずじんじゃ,県社,,,,,埼玉県,,埼玉県さいたま市岩槻区宮町,35.9595961,139.7029769,"https://maps.google.com/?q=35.9595961,139.7029769",,,國學院大學「神道・神社史料集成（現代）」収録社。,KOKUGAKUIN_MODERN,53779,2
T2M53767,今城青坂稲実池上神社,いまきあおさかいなみいけがみじんじゃ,県社,式内社,,,,埼玉県,,埼玉県児玉郡上里町忍保,36.2690339,139.1538831,"https://maps.google.com/?q=36.2690339,139.1538831",,,國學院大學「神道・神社史料集成（現代）」収録社。,KOKUGAKUIN_MODERN,53767,2
T2M53763,八幡神社,はちまんじんじゃ,県社,,,,,埼玉県,,埼玉県本庄市児玉町,36.2087169,139.1644139,"https://maps.google.com/?q=36.2087169,139.1644139",,,國學院大學「神道・神社史料集成（現代）」収録社。,KOKUGAKUIN_MODERN,53763,2
T2M53781,八幡神社,はちまんじんじゃ,県社,,,,,埼玉県,,埼玉県比企郡嵐山町鎌形,36.0240111,139.3116239,"https://maps.google.com/?q=36.0240111,139.3116239",,,國學院大學「神道・神社史料集成（現代）」収録社。,KOKUGAKUIN_MODERN,53781,2
T2M53775,古尾谷八幡神社,ふるおやはちまんじんじゃ,県社,,,,,埼玉県,,埼玉県川越市古谷本郷,35.9039361,139.5490689,"https://maps.google.com/?q=35.9039361,139.5490689",,,國學院大學「神道・神社史料集成（現代）」収録社。,KOKUGAKUIN_MODERN,53775,2
T2M53765,寶登山神社,ほどさんじんじゃ,県社,,,,,埼玉県,,埼玉県秩父郡長瀞町長瀞,36.0931111,139.1031150,"https://maps.google.com/?q=36.0931111,139.1031150",,,國學院大學「神道・神社史料集成（現代）」収録社。,KOKUGAKUIN_MODERN,53765,2
T2M53776,川口神社,かわぐちじんじゃ,県社,,,,,埼玉県,,埼玉県川口市金山町,35.7981011,139.7227319,"https://maps.google.com/?q=35.7981011,139.7227319",,,國學院大學「神道・神社史料集成（現代）」収録社。,KOKUGAKUIN_MODERN,53776,2
T2M53760,広瀬神社,ひろせじんじゃ,県社,式内社,,,,埼玉県,,埼玉県狭山市上広瀬,35.8585531,139.3891781,"https://maps.google.com/?q=35.8585531,139.3891781",,,國學院大學「神道・神社史料集成（現代）」収録社。,KOKUGAKUIN_MODERN,53760,2
T2M53761,椋神社,むくじんじゃ,県社,式内社,,,,埼玉県,,埼玉県秩父市下吉田,36.0451089,139.0330550,"https://maps.google.com/?q=36.0451089,139.0330550",,,國學院大學「神道・神社史料集成（現代）」収録社。,KOKUGAKUIN_MODERN,53761,2
T2M53773,楡山神社,にれやまじんじゃ,県社,式内社,,,,埼玉県,,埼玉県深谷市原郷,36.2043189,139.2987419,"https://maps.google.com/?q=36.2043189,139.2987419",,,國學院大學「神道・神社史料集成（現代）」収録社。,KOKUGAKUIN_MODERN,53773,2
T2M53771,氷川神社,ひかわじんじゃ,県社,,,,,埼玉県,,埼玉県川越市宮下町,35.9274831,139.4885019,"https://maps.google.com/?q=35.9274831,139.4885019",,,國學院大學「神道・神社史料集成（現代）」収録社。,KOKUGAKUIN_MODERN,53771,2
T2M53768,物部天神社・国渭祇神社・天満天神社,もののべてんじんじゃ・くにいちぎじんじゃ・てんまんてんじんしゃ,県社,式内社,,,,埼玉県,,埼玉県所沢市小手指元町,35.7903931,139.4286731,"https://maps.google.com/?q=35.7903931,139.4286731",,,國學院大學「神道・神社史料集成（現代）」収録社。,KOKUGAKUIN_MODERN,53768,2
T2M53774,玉敷神社,たましきじんじゃ,県社,式内社,,,,埼玉県,,埼玉県加須市騎西,36.1073019,139.5697300,"https://maps.google.com/?q=36.1073019,139.5697300",,,國學院大學「神道・神社史料集成（現代）」収録社。,KOKUGAKUIN_MODERN,53774,2
T2M53780,神明神社,しんめいじんじゃ,県社,,,,,埼玉県,,埼玉県久喜市菖蒲町上栢間,36.0457939,139.5756039,"https://maps.google.com/?q=36.0457939,139.5756039",,,國學院大學「神道・神社史料集成（現代）」収録社。,KOKUGAKUIN_MODERN,53780,2
T2M53519,秩父神社,ちちぶじんじゃ,国幣小社,式内社,,,,埼玉県,,埼玉県秩父市番場町,35.9974844,139.0841647,"https://maps.google.com/?q=35.9974844,139.0841647",,,國學院大學「神道・神社史料集成（現代）」収録社。,KOKUGAKUIN_MODERN,53519,2
T2M53772,箭弓稲荷神社,やきゅういなりじんじゃ,県社,,,,,埼玉県,,埼玉県東松山市箭弓町,36.0344361,139.3986031,"https://maps.google.com/?q=36.0344361,139.3986031",,,國學院大學「神道・神社史料集成（現代）」収録社。,KOKUGAKUIN_MODERN,53772,2
T2M53766,調神社,つきじんじゃ,県社,式内社,,,,埼玉県,,埼玉県さいたま市浦和区岸町,35.8535289,139.6552389,"https://maps.google.com/?q=35.8535289,139.6552389",,,國學院大學「神道・神社史料集成（現代）」収録社。,KOKUGAKUIN_MODERN,53766,2
T2M53472,金鑽神社,かなさなじんじゃ,官幣中社,式内社,,,,埼玉県,,埼玉県児玉郡神川町大字二ノ宮,36.1802872,139.0731086,"https://maps.google.com/?q=36.1802872,139.0731086",,,國學院大學「神道・神社史料集成（現代）」収録社。,KOKUGAKUIN_MODERN,53472,2
T2M53764,金鑽神社,かなさなじんじゃ,県社,,,,,埼玉県,,埼玉県児玉郡美里町下児玉,36.2014300,139.1665011,"https://maps.google.com/?q=36.2014300,139.1665011",,,國學院大學「神道・神社史料集成（現代）」収録社。,KOKUGAKUIN_MODERN,53764,2
T2M53770,高城神社,たかぎじんじゃ,県社,式内社,,,,埼玉県,,埼玉県熊谷市宮町,36.1453819,139.3870289,"https://maps.google.com/?q=36.1453819,139.3870289",,,國學院大學「神道・神社史料集成（現代）」収録社。,KOKUGAKUIN_MODERN,53770,2
T2M53778,高麗神社,こまじんじゃ,県社,,,,,埼玉県,,埼玉県日高市新堀,35.8984039,139.3228411,"https://maps.google.com/?q=35.8984039,139.3228411",,,國學院大學「神道・神社史料集成（現代）」収録社。,KOKUGAKUIN_MODERN,53778,2
T2M53759,鷲宮神社,わしのみやじんじゃ,県社,,,,,埼玉県,,埼玉県久喜市鷲宮,36.0998500,139.6549661,"https://maps.google.com/?q=36.0998500,139.6549661",,,國學院大學「神道・神社史料集成（現代）」収録社。,KOKUGAKUIN_MODERN,53759,2
T2M54739,上津神社,あげつじんじゃ,県社,,,,,大分県,,大分県豊後大野市大野町片島,33.0168667,131.5308444,"https://maps.google.com/?q=33.0168667,131.5308444",,,國學院大學「神道・神社史料集成（現代）」収録社。,KOKUGAKUIN_MODERN,54739,2
T2M54729,五所社,ごしょしゃ,県社,,,,,大分県,,大分県佐伯市臼坪,32.9664417,131.8988778,"https://maps.google.com/?q=32.9664417,131.8988778",,,國學院大學「神道・神社史料集成（現代）」収録社。,KOKUGAKUIN_MODERN,54729,2
T2M54728,伊美別宮社,いみべつぐうしゃ,県社,,,,,大分県,,大分県国東市国見町伊美,33.6848861,131.6004389,"https://maps.google.com/?q=33.6848861,131.6004389",,,國學院大學「神道・神社史料集成（現代）」収録社。,KOKUGAKUIN_MODERN,54728,2
T2M54717,健男霜凝日子神社,たけおしもごりひこじんじゃ,県社,式内社,,,,大分県,,大分県竹田市神原,32.8728528,131.3560083,"https://maps.google.com/?q=32.8728528,131.3560083",,,國學院大學「神道・神社史料集成（現代）」収録社。,KOKUGAKUIN_MODERN,54717,2
T2M54727,八坂神社,やさかじんじゃ,県社,,,,,大分県,,大分県臼杵市臼杵,33.1219528,131.7980722,"https://maps.google.com/?q=33.1219528,131.7980722",,,國學院大學「神道・神社史料集成（現代）」収録社。,KOKUGAKUIN_MODERN,54727,2
T2M54732,八坂神社,やさかじんじゃ,県社,,,,,大分県,,大分県豊後大野市大野町,33.0266639,131.4833311,"https://maps.google.com/?q=33.0266639,131.4833311",,,國學院大學「神道・神社史料集成（現代）」収録社。,KOKUGAKUIN_MODERN,54732,2
T2M54745,八幡朝見神社,はちまんあさみじんじゃ,県社,,,,,大分県,,大分県別府市朝見,33.2716167,131.4951444,"https://maps.google.com/?q=33.2716167,131.4951444",,,國學院大學「神道・神社史料集成（現代）」収録社。,KOKUGAKUIN_MODERN,54745,2
T2M54743,八幡社,はちまんしゃ,県社,,,,,大分県,,大分県中津市耶馬溪町平田,33.4258528,131.0902861,"https://maps.google.com/?q=33.4258528,131.0902861",,,國學院大學「神道・神社史料集成（現代）」収録社。,KOKUGAKUIN_MODERN,54743,2
T2M54744,別宮八幡社,べつぐうはちまんしゃ,県社,,,,,大分県,,大分県豊後高田市香々地,33.6702111,131.5257861,"https://maps.google.com/?q=33.6702111,131.5257861",,,國學院大學「神道・神社史料集成（現代）」収録社。,KOKUGAKUIN_MODERN,54744,2
T2M54712,城原八幡社,きばるはちまんしゃ,県社,,,,,大分県,,大分県竹田市米納,32.9900694,131.3377056,"https://maps.google.com/?q=32.9900694,131.3377056",,,國學院大學「神道・神社史料集成（現代）」収録社。,KOKUGAKUIN_MODERN,54712,2
T2M54710,大原八幡宮,おおはらはちまんぐう,県社,,,,,大分県,,大分県日田市田島,33.3205722,130.9457917,"https://maps.google.com/?q=33.3205722,130.9457917",,,國學院大學「神道・神社史料集成（現代）」収録社。,KOKUGAKUIN_MODERN,54710,2
T2M54747,大行事八幡社,だいぎょうじはちまんしゃ,県社,,,,,大分県,,大分県豊後大野市緒方町大化,32.9456411,131.4745289,"https://maps.google.com/?q=32.9456411,131.4745289",,,國學院大學「神道・神社史料集成（現代）」収録社。,KOKUGAKUIN_MODERN,54747,2
T2M54713,奈多宮,なたぐう,県社,,,,,大分県,,大分県杵築市奈多,33.4285944,131.7063333,"https://maps.google.com/?q=33.4285944,131.7063333",,,國學院大學「神道・神社史料集成（現代）」収録社。,KOKUGAKUIN_MODERN,54713,2
T2M54723,奥平神社,おくだいらじんじゃ,県社,,,,,大分県,,大分県中津市二ノ丁,33.6065250,131.1862056,"https://maps.google.com/?q=33.6065250,131.1862056",,,國學院大學「神道・神社史料集成（現代）」収録社。,KOKUGAKUIN_MODERN,54723,2
T2M54719,妻垣神社,つまがけじんじゃ,県社,,,,,大分県,,大分県宇佐市安心院町妻垣,33.4273944,131.3570139,"https://maps.google.com/?q=33.4273944,131.3570139",,,國學院大學「神道・神社史料集成（現代）」収録社。,KOKUGAKUIN_MODERN,54719,2
T2M54725,宇奈岐日女神社,うなぎひめじんじゃ,県社,式内社,,,,大分県,,大分県由布市湯布院町川上,33.2568556,131.3655250,"https://maps.google.com/?q=33.2568556,131.3655250",,,國學院大學「神道・神社史料集成（現代）」収録社。,KOKUGAKUIN_MODERN,54725,2
T2M54741,廣瀬神社,ひろせじんじゃ,県社,,,,,大分県,,大分県竹田市竹田,32.9659861,131.3968778,"https://maps.google.com/?q=32.9659861,131.3968778",,,國學院大學「神道・神社史料集成（現代）」収録社。,KOKUGAKUIN_MODERN,54741,2
T2M54721,弥榮神社,やさかじんじゃ,県社,,,,,大分県,,大分県大分市上野南,33.2223972,131.6084806,"https://maps.google.com/?q=33.2223972,131.6084806",,,國學院大學「神道・神社史料集成（現代）」収録社。,KOKUGAKUIN_MODERN,54721,2
T2M54737,日吉神社,ひよしじんじゃ,県社,,,,,大分県,,大分県大分市木田,33.2278417,131.7550417,"https://maps.google.com/?q=33.2278417,131.7550417",,,國學院大學「神道・神社史料集成（現代）」収録社。,KOKUGAKUIN_MODERN,54737,2
T2M54714,早吸日女神社,はやすひめじんじゃ,県社,式内社,,,,大分県,,大分県大分市佐賀関,33.2500083,131.8789611,"https://maps.google.com/?q=33.2500083,131.8789611",,,國學院大學「神道・神社史料集成（現代）」収録社。,KOKUGAKUIN_MODERN,54714,2
T2M54722,春日神社,かすがじんじゃ,県社,,,,,大分県,,大分県大分市勢家町,33.2449556,131.5982333,"https://maps.google.com/?q=33.2449556,131.5982333",,,國學院大學「神道・神社史料集成（現代）」収録社。,KOKUGAKUIN_MODERN,54722,2
T2M54742,末廣神社,すえひろじんじゃ,県社,,,,,大分県,,大分県玖珠郡玖珠町森,33.3035861,131.1565111,"https://maps.google.com/?q=33.3035861,131.1565111",,,國學院大學「神道・神社史料集成（現代）」収録社。,KOKUGAKUIN_MODERN,54742,2
T2M53516,柞原八幡宮,ゆすはらはちまんぐう,国幣小社,,,,,大分県,,大分県大分市八幡,33.2381178,131.5510253,"https://maps.google.com/?q=33.2381178,131.5510253",,,國學院大學「神道・神社史料集成（現代）」収録社。,KOKUGAKUIN_MODERN,53516,2
T2M54715,椎根津彦神社,しいねつひこじんじゃ,県社,,,,,大分県,,大分県大分市佐賀関,33.2473028,131.8793806,"https://maps.google.com/?q=33.2473028,131.8793806",,,國學院大學「神道・神社史料集成（現代）」収録社。,KOKUGAKUIN_MODERN,54715,2
T2M54746,椿八幡神社,つばきはちまんじんじゃ,県社,,,,,大分県,,大分県国東市武蔵町三井寺,33.5004611,131.7082167,"https://maps.google.com/?q=33.5004611,131.7082167",,,國學院大學「神道・神社史料集成（現代）」収録社。,KOKUGAKUIN_MODERN,54746,2
T2M54731,櫻八幡神社,さくらはちまんじんじゃ,県社,,,,,大分県,,大分県国東市国東町鶴川,33.5617417,131.7345972,"https://maps.google.com/?q=33.5617417,131.7345972",,,國學院大學「神道・神社史料集成（現代）」収録社。,KOKUGAKUIN_MODERN,54731,2
T2M54736,浅草八幡社,あさくさはちまんしゃ,県社,,,,,大分県,,大分県大野郡大野町宮迫,33.0485389,131.5173583,"https://maps.google.com/?q=33.0485389,131.5173583",,,國學院大學「神道・神社史料集成（現代）」収録社。,KOKUGAKUIN_MODERN,54736,2
T2M54733,深山八幡社,ふかやまはちまんしゃ,県社,,,,,大分県,,大分県豊後大野市朝地町市万田,33.0087444,131.4745917,"https://maps.google.com/?q=33.0087444,131.4745917",,,國學院大學「神道・神社史料集成（現代）」収録社。,KOKUGAKUIN_MODERN,54733,2
T2M54718,火男火売神社,ほのおほのめじんじゃ,県社,,,,,大分県,,大分県別府市鶴見,33.3096389,131.4666111,"https://maps.google.com/?q=33.3096389,131.4666111",,,國學院大學「神道・神社史料集成（現代）」収録社。,KOKUGAKUIN_MODERN,54718,2
T2M54726,火男火売神社,ほのおほのめじんじゃ,県社,式内社,,,,大分県,,大分県別府市火売,33.2744389,131.4372778,"https://maps.google.com/?q=33.2744389,131.4372778",,,國學院大學「神道・神社史料集成（現代）」収録社。,KOKUGAKUIN_MODERN,54726,2
T2M54740,若八幡神社,わかはちまんじんじゃ,県社,,,,,大分県,,大分県玖珠郡玖珠町帆足,33.3034778,131.1645389,"https://maps.google.com/?q=33.3034778,131.1645389",,,國學院大學「神道・神社史料集成（現代）」収録社。,KOKUGAKUIN_MODERN,54740,2
T2M54730,若宮八幡宮,わかみやはちまんぐう,県社,,,,,大分県,,大分県佐伯市若宮町,32.9612278,131.8867028,"https://maps.google.com/?q=32.9612278,131.8867028",,,國學院大學「神道・神社史料集成（現代）」収録社。,KOKUGAKUIN_MODERN,54730,2
T2M54735,若宮八幡宮,わかみやはちまんぐう,県社,,,,,大分県,,大分県杵築市中山香,33.3687917,131.5369056,"https://maps.google.com/?q=33.3687917,131.5369056",,,國學院大學「神道・神社史料集成（現代）」収録社。,KOKUGAKUIN_MODERN,54735,2
T2M54724,若宮八幡社,わかみやはちまんしゃ,県社,,,,,大分県,,大分県杵築市宮司,33.4280222,131.6103056,"https://maps.google.com/?q=33.4280222,131.6103056",,,國學院大學「神道・神社史料集成（現代）」収録社。,KOKUGAKUIN_MODERN,54724,2
T2M54720,若宮八幡神社,わかみやはちまんじんじゃ,県社,,,,,大分県,,大分県豊後高田市今町,33.5548800,131.4462981,"https://maps.google.com/?q=33.5548800,131.4462981",,,國學院大學「神道・神社史料集成（現代）」収録社。,KOKUGAKUIN_MODERN,54720,2
T2M54738,若宮八幡神社,わかみやはちまんじんじゃ,県社,,,,,大分県,,大分県速見郡日出町,33.3687861,131.5369056,"https://maps.google.com/?q=33.3687861,131.5369056",,,國學院大學「神道・神社史料集成（現代）」収録社。,KOKUGAKUIN_MODERN,54738,2
T2M54716,薦神社,こもじんじゃ,県社,,,,,大分県,,大分県中津市大貞,33.5670083,131.2180361,"https://maps.google.com/?q=33.5670083,131.2180361",,,國學院大學「神道・神社史料集成（現代）」収録社。,KOKUGAKUIN_MODERN,54716,2
T2M53425,西寒多神社,ささむたじんじゃ,国幣中社,式内社,,,,大分県,,大分県大分市寒田,33.1726556,131.5984306,"https://maps.google.com/?q=33.1726556,131.5984306",,,國學院大學「神道・神社史料集成（現代）」収録社。,KOKUGAKUIN_MODERN,53425,2
T2M54734,賀来神社,かくじんじゃ,県社,,,,,大分県,,大分県大分市賀来,33.2067500,131.5617861,"https://maps.google.com/?q=33.2067500,131.5617861",,,國學院大學「神道・神社史料集成（現代）」収録社。,KOKUGAKUIN_MODERN,54734,2
T2M54748,赤八幡社,あかはちまんしゃ,県社,,,,,大分県,,大分県津久見市津久見浦,33.0728111,131.8603750,"https://maps.google.com/?q=33.0728111,131.8603750",,,國學院大學「神道・神社史料集成（現代）」収録社。,KOKUGAKUIN_MODERN,54748,2
T2M54711,鷹居八幡神社,たかいはちまんじんじゃ,県社,,,,,大分県,,大分県宇佐市上田,33.5306417,131.3533611,"https://maps.google.com/?q=33.5306417,131.3533611",,,國學院大學「神道・神社史料集成（現代）」収録社。,KOKUGAKUIN_MODERN,54711,2
T2M54225,伴林氏神社,ともはやしのうじのじんじゃ,府社,式内社,,,,大阪府,,大阪府藤井寺市林,34.5755861,135.6112083,"https://maps.google.com/?q=34.5755861,135.6112083",,,國學院大學「神道・神社史料集成（現代）」収録社。,KOKUGAKUIN_MODERN,54225,2
T2M54227,住吉神社,すみよしじんじゃ,府社,,,,,大阪府,,大阪府池田市住吉,34.8015750,135.4399778,"https://maps.google.com/?q=34.8015750,135.4399778",,,國學院大學「神道・神社史料集成（現代）」収録社。,KOKUGAKUIN_MODERN,54227,2
T2M54222,千早神社,ちはやじんじゃ,府社,,,,,大阪府,,大阪府南河内郡千早赤阪村千早,34.4159000,135.6532139,"https://maps.google.com/?q=34.4159000,135.6532139",,,國學院大學「神道・神社史料集成（現代）」収録社。,KOKUGAKUIN_MODERN,54222,2
T2M53551,四條畷神社,しじょうなわてじんじゃ,別格官幣社,,,,,大阪府,,大阪府四條畷市南野,34.7323747,135.6491442,"https://maps.google.com/?q=34.7323747,135.6491442",,,國學院大學「神道・神社史料集成（現代）」収録社。,KOKUGAKUIN_MODERN,53551,2
T2M53479,坐摩神社,いかすりじんじゃ,官幣中社,式内社,,,,大阪府,,大阪府大阪市中央区久太郎町,34.6809544,135.4987381,"https://maps.google.com/?q=34.6809544,135.4987381",,,國學院大學「神道・神社史料集成（現代）」収録社。,KOKUGAKUIN_MODERN,53479,2
T2M54219,大依羅神社,おおよさみじんじゃ,府社,式内社,,,,大阪府,,大阪府大阪市住吉区庭井,34.5948611,135.5179722,"https://maps.google.com/?q=34.5948611,135.5179722",,,國學院大學「神道・神社史料集成（現代）」収録社。,KOKUGAKUIN_MODERN,54219,2
T2M54204,大阪天満宮,おおさかてんまんぐう,府社,,,,,大阪府,,大阪府大阪市北区天神橋,34.6958917,135.5126472,"https://maps.google.com/?q=34.6958917,135.5126472",,,國學院大學「神道・神社史料集成（現代）」収録社。,KOKUGAKUIN_MODERN,54204,2
T2M53365,大鳥大社,おおとりたいしゃ,官幣大社,式内社,,,,大阪府,,大阪府堺市西区鳳北,34.5366611,135.4606972,"https://maps.google.com/?q=34.5366611,135.4606972",,,國學院大學「神道・神社史料集成（現代）」収録社。,KOKUGAKUIN_MODERN,53365,2
T2M54213,建水分神社,たけみくまりじんじゃ,府社,式内社,,,,大阪府,,大阪府南河内郡千早赤阪村水分,34.4603278,135.6320472,"https://maps.google.com/?q=34.4603278,135.6320472",,,國學院大學「神道・神社史料集成（現代）」収録社。,KOKUGAKUIN_MODERN,54213,2
T2M54212,御霊神社,ごりょうじんじゃ,府社,,,,,大阪府,,大阪府大阪市中央区淡路町,34.6874250,135.4993389,"https://maps.google.com/?q=34.6874250,135.4993389",,,國學院大學「神道・神社史料集成（現代）」収録社。,KOKUGAKUIN_MODERN,54212,2
T2M54211,恩智神社,おんぢじんじゃ,府社,式内社,,,,大阪府,,大阪府八尾市恩智中町,34.6065389,135.6385500,"https://maps.google.com/?q=34.6065389,135.6385500",,,國學院大學「神道・神社史料集成（現代）」収録社。,KOKUGAKUIN_MODERN,54211,2
T2M54215,日根神社,ひねじんじゃ,府社,式内社,,,,大阪府,,大阪府泉佐野市日根野,34.3738083,135.3434861,"https://maps.google.com/?q=34.3738083,135.3434861",,,國學院大學「神道・神社史料集成（現代）」収録社。,KOKUGAKUIN_MODERN,54215,2
T2M54218,杭全神社,くまたじんじゃ,府社,,,,,大阪府,,大阪府大阪市平野区平野宮町,34.6288833,135.5549528,"https://maps.google.com/?q=34.6288833,135.5549528",,,國學院大學「神道・神社史料集成（現代）」収録社。,KOKUGAKUIN_MODERN,54218,2
T2M54223,櫻井神社,さくらいじんじゃ,府社,式内社,,,,大阪府,,大阪府堺市南区片蔵,34.4853639,135.5062028,"https://maps.google.com/?q=34.4853639,135.5062028",,,國學院大學「神道・神社史料集成（現代）」収録社。,KOKUGAKUIN_MODERN,54223,2
T2M53465,水無瀬神宮,みなせじんぐう,官幣大社,,,,,大阪府,,大阪府三島郡島本町広瀬,34.8848242,135.6729717,"https://maps.google.com/?q=34.8848242,135.6729717",,,國學院大學「神道・神社史料集成（現代）」収録社。,KOKUGAKUIN_MODERN,53465,2
T2M54221,泉井上神社,いずみいのうえじんじゃ,府社,式内社,,,,大阪府,,大阪府和泉市府中町,34.4869444,135.4280111,"https://maps.google.com/?q=34.4869444,135.4280111",,,國學院大學「神道・神社史料集成（現代）」収録社。,KOKUGAKUIN_MODERN,54221,2
T2M54208,泉穴師神社,いずみあなしじんじゃ,府社,式内社,,,,大阪府,,大阪府泉大津市豊中町,34.4965889,135.4198194,"https://maps.google.com/?q=34.4965889,135.4198194",,,國學院大學「神道・神社史料集成（現代）」収録社。,KOKUGAKUIN_MODERN,54208,2
T2M54217,波太神社,はたじんじゃ,府社,式内社,,,,大阪府,,大阪府阪南市石田,34.3440083,135.2449556,"https://maps.google.com/?q=34.3440083,135.2449556",,,國學院大學「神道・神社史料集成（現代）」収録社。,KOKUGAKUIN_MODERN,54217,2
T2M54226,溝咋神社,みぞくいじんじゃ,府社,式内社,,,,大阪府,,大阪府茨木市五十鈴町,34.8128750,135.5886472,"https://maps.google.com/?q=34.8128750,135.5886472",,,國學院大學「神道・神社史料集成（現代）」収録社。,KOKUGAKUIN_MODERN,54226,2
T2M54216,玉造稲荷神社,たまつくりいなりじんじゃ,府社,,,,,大阪府,,大阪府大阪市中央区玉造,34.6778722,135.5299667,"https://maps.google.com/?q=34.6778722,135.5299667",,,國學院大學「神道・神社史料集成（現代）」収録社。,KOKUGAKUIN_MODERN,54216,2
T2M53367,生國魂神社,いくくにたまじんじゃ,官幣大社,式内社,,,,大阪府,,大阪府大阪市天王寺区生玉町,34.6649667,135.5127694,"https://maps.google.com/?q=34.6649667,135.5127694",,,國學院大學「神道・神社史料集成（現代）」収録社。,KOKUGAKUIN_MODERN,53367,2
T2M54207,男神社,おのじんじゃ,府社,式内社,,,,大阪府,,大阪府泉南市男里,34.3593583,135.2576472,"https://maps.google.com/?q=34.3593583,135.2576472",,,國學院大學「神道・神社史料集成（現代）」収録社。,KOKUGAKUIN_MODERN,54207,2
T2M54220,百舌鳥神社,もずじんじゃ,府社,,,,,大阪府,,大阪府堺市北区百舌鳥赤畑町,34.5540972,135.4947389,"https://maps.google.com/?q=34.5540972,135.4947389",,,國學院大學「神道・神社史料集成（現代）」収録社。,KOKUGAKUIN_MODERN,54220,2
T2M54224,聖神社,ひじりじんじゃ,府社,式内社,,,,大阪府,,大阪府和泉市王子町,34.5011361,135.4469389,"https://maps.google.com/?q=34.5011361,135.4469389",,,國學院大學「神道・神社史料集成（現代）」収録社。,KOKUGAKUIN_MODERN,54224,2
T2M54206,誉田八幡宮,こんだはちまんぐう,府社,,,,,大阪府,,大阪府羽曳野市誉田,34.5588556,135.6099472,"https://maps.google.com/?q=34.5588556,135.6099472",,,國學院大學「神道・神社史料集成（現代）」収録社。,KOKUGAKUIN_MODERN,54206,2
T2M54214,豊國神社,ほうこくじんじゃ,府社,,,,,大阪府,,大阪府大阪市中央区大阪城,34.6842972,135.5267028,"https://maps.google.com/?q=34.6842972,135.5267028",,,國學院大學「神道・神社史料集成（現代）」収録社。,KOKUGAKUIN_MODERN,54214,2
T2M54210,開口神社,あぐちじんじゃ,府社,式内社,,,,大阪府,,大阪府堺市堺区甲斐町東,34.5767750,135.4745333,"https://maps.google.com/?q=34.5767750,135.4745333",,,國學院大學「神道・神社史料集成（現代）」収録社。,KOKUGAKUIN_MODERN,54210,2
T2M53543,阿部野神社,あべのじんじゃ,別格官幣社,,,,,大阪府,,大阪府大阪市阿倍野区北畠,34.6282339,135.4995633,"https://maps.google.com/?q=34.6282339,135.4995633",,,國學院大學「神道・神社史料集成（現代）」収録社。,KOKUGAKUIN_MODERN,53543,2
T2M54209,難波神社,なんばじんじゃ,府社,,,,,大阪府,,大阪府大阪市中央区南久宝寺町,34.6788611,135.4999222,"https://maps.google.com/?q=34.6788611,135.4999222",,,國學院大學「神道・神社史料集成（現代）」収録社。,KOKUGAKUIN_MODERN,54209,2
T2M54205,高津宮,こうづぐう,府社,,,,,大阪府,,大阪府大阪市中央区高津,34.6688167,135.5138778,"https://maps.google.com/?q=34.6688167,135.5138778",,,國學院大學「神道・神社史料集成（現代）」収録社。,KOKUGAKUIN_MODERN,54205,2
T2M53448,丹生川上神社,にうかわかみじんじゃ,官幣大社,式内社,,,,奈良県,,奈良県吉野郡東吉野村小,34.3902250,135.9863972,"https://maps.google.com/?q=34.3902250,135.9863972",,,國學院大學「神道・神社史料集成（現代）」収録社。,KOKUGAKUIN_MODERN,53448,2
T2M53447,丹生川上神社上社,にうかわかみじんじゃかみしゃ,官幣大社,式内社,,,,奈良県,,奈良県吉野郡川上村大字迫,34.3331153,135.9556925,"https://maps.google.com/?q=34.3331153,135.9556925",,,國學院大學「神道・神社史料集成（現代）」収録社。,KOKUGAKUIN_MODERN,53447,2
T2M53363,丹生川上神社下社,にうかわかみじんじゃしもしゃ,官幣大社,式内社,,,,奈良県,,奈良県吉野郡下市町長谷,34.3058944,135.8032472,"https://maps.google.com/?q=34.3058944,135.8032472",,,國學院大學「神道・神社史料集成（現代）」収録社。,KOKUGAKUIN_MODERN,53363,2
T2M54314,井光神社,いかりじんじゃ,県社,,,,,奈良県,,奈良県吉野郡川上村井光,34.3261889,136.0055222,"https://maps.google.com/?q=34.3261889,136.0055222",,,國學院大學「神道・神社史料集成（現代）」収録社。,KOKUGAKUIN_MODERN,54314,2
T2M54334,八咫烏神社,やたがらすじんじゃ,県社,式内社,,,,奈良県,,奈良県宇陀市榛原高塚,34.5028556,135.9467889,"https://maps.google.com/?q=34.5028556,135.9467889",,,國學院大學「神道・神社史料集成（現代）」収録社。,KOKUGAKUIN_MODERN,54334,2
T2M54319,北山宮,きたやまのみや,県社,,,,,奈良県,,奈良県吉野郡上北山村小橡,34.1413000,136.0111361,"https://maps.google.com/?q=34.1413000,136.0111361",,,國學院大學「神道・神社史料集成（現代）」収録社。,KOKUGAKUIN_MODERN,54319,2
T2M53456,吉野神宮,よしのじんぐう,官幣大社,,,,,奈良県,,奈良県吉野郡吉野町大字吉野山,34.3845914,135.8455664,"https://maps.google.com/?q=34.3845914,135.8455664",,,國學院大學「神道・神社史料集成（現代）」収録社。,KOKUGAKUIN_MODERN,53456,2
T2M54317,墨坂神社,すみさかじんじゃ,県社,,,,,奈良県,,奈良県宇陀市榛原萩原,34.5284500,135.9605361,"https://maps.google.com/?q=34.5284500,135.9605361",,,國學院大學「神道・神社史料集成（現代）」収録社。,KOKUGAKUIN_MODERN,54317,2
T2M54322,多坐弥志理都比古神社,おおにますみしりつひこじんじゃ,県社,式内社,,,,奈良県,,奈良県磯城郡田原本町多,34.5356583,135.7867028,"https://maps.google.com/?q=34.5356583,135.7867028",,,國學院大學「神道・神社史料集成（現代）」収録社。,KOKUGAKUIN_MODERN,54322,2
T2M54330,夜支布山口神社,やぎゅうやまぐちじんじゃ,県社,式内社,,,,奈良県,,奈良県奈良市大柳生町,34.7029278,135.9295167,"https://maps.google.com/?q=34.7029278,135.9295167",,,國學院大學「神道・神社史料集成（現代）」収録社。,KOKUGAKUIN_MODERN,54330,2
T2M53358,大和神社,おおやまとじんじゃ,官幣大社,式内社,,,,奈良県,,奈良県天理市新泉町,34.5710167,135.8373556,"https://maps.google.com/?q=34.5710167,135.8373556",,,國學院大學「神道・神社史料集成（現代）」収録社。,KOKUGAKUIN_MODERN,53358,2
T2M54316,宇太水分神社,うだのみくまりじんじゃ,県社,式内社,,,,奈良県,,奈良県宇陀市榛原下井足,34.5249833,135.9531000,"https://maps.google.com/?q=34.5249833,135.9531000",,,國學院大學「神道・神社史料集成（現代）」収録社。,KOKUGAKUIN_MODERN,54316,2
T2M54331,宇太水分神社,うだのみくまりじんじゃ,県社,式内社,,,,奈良県,,奈良県宇陀市菟田野区古市場,34.4746583,135.9706306,"https://maps.google.com/?q=34.4746583,135.9706306",,,國學院大學「神道・神社史料集成（現代）」収録社。,KOKUGAKUIN_MODERN,54331,2
T2M54340,小杜神社,こもりじんじゃ,県社,,,,,奈良県,,奈良県磯城郡田原本町多,34.5339722,135.7873250,"https://maps.google.com/?q=34.5339722,135.7873250",,,國學院大學「神道・神社史料集成（現代）」収録社。,KOKUGAKUIN_MODERN,54340,2
T2M53361,廣瀬大社,ひろせたいしゃ,官幣大社,式内社,,,,奈良県,,奈良県北葛城郡河合町川合,34.5914500,135.7484806,"https://maps.google.com/?q=34.5914500,135.7484806",,,國學院大學「神道・神社史料集成（現代）」収録社。,KOKUGAKUIN_MODERN,53361,2
T2M54323,往馬大社（往馬坐伊古麻都比古神社）,いこまたいしゃ（いこまにますいこまつひこじんじゃ）,県社,式内社,,,,奈良県,,奈良県生駒市壱分町,34.6783111,135.7037778,"https://maps.google.com/?q=34.6783111,135.7037778",,,國學院大學「神道・神社史料集成（現代）」収録社。,KOKUGAKUIN_MODERN,54323,2
T2M54341,御霊神社,ごりょうじんじゃ,県社,,,,,奈良県,,奈良県五條市霊安寺町,34.3355361,135.6980556,"https://maps.google.com/?q=34.3355361,135.6980556",,,國學院大學「神道・神社史料集成（現代）」収録社。,KOKUGAKUIN_MODERN,54341,2
T2M54311,手向山八幡宮,たむけやまはちまんぐう,県社,,,,,奈良県,,奈良県奈良市雑司町,34.6878833,135.8446389,"https://maps.google.com/?q=34.6878833,135.8446389",,,國學院大學「神道・神社史料集成（現代）」収録社。,KOKUGAKUIN_MODERN,54311,2
T2M53360,春日大社,かすがたいしゃ,官幣大社,式内社,,,,奈良県,,奈良県奈良市春日野町,34.6813417,135.8485806,"https://maps.google.com/?q=34.6813417,135.8485806",,,國學院大學「神道・神社史料集成（現代）」収録社。,KOKUGAKUIN_MODERN,53360,2
T2M54327,村屋坐彌冨都比賣神社,むらやにますみふつひめじんじゃ,県社,式内社,,,,奈良県,,奈良県磯城郡田原本町蔵堂,34.5483222,135.8174833,"https://maps.google.com/?q=34.5483222,135.8174833",,,國學院大學「神道・神社史料集成（現代）」収録社。,KOKUGAKUIN_MODERN,54327,2
T2M54342,柳澤神社,やなぎさわじんじゃ,県社,,,,,奈良県,,奈良県大和郡山市城内町,34.6515694,135.7793222,"https://maps.google.com/?q=34.6515694,135.7793222",,,國學院大學「神道・神社史料集成（現代）」収録社。,KOKUGAKUIN_MODERN,54342,2
T2M53451,橿原神宮,かしはらじんぐう,官幣大社,,,,,奈良県,,奈良県橿原市久米町,34.4884722,135.7870406,"https://maps.google.com/?q=34.4884722,135.7870406",,,國學院大學「神道・神社史料集成（現代）」収録社。,KOKUGAKUIN_MODERN,53451,2
T2M54324,漢国神社,かんごうじんじゃ,県社,式内社,,,,奈良県,,奈良県奈良市漢国町,34.6835333,135.8254417,"https://maps.google.com/?q=34.6835333,135.8254417",,,國學院大學「神道・神社史料集成（現代）」収録社。,KOKUGAKUIN_MODERN,54324,2
T2M54338,畝火山口神社,うねびやまぐちじんじゃ,県社,式内社,,,,奈良県,,奈良県橿原市大谷町,34.4925083,135.7815111,"https://maps.google.com/?q=34.4925083,135.7815111",,,國學院大學「神道・神社史料集成（現代）」収録社。,KOKUGAKUIN_MODERN,54338,2
T2M54336,登彌神社,とみじんじゃ,県社,式内社,,,,奈良県,,奈良県奈良市石木町,34.6610000,135.7659444,"https://maps.google.com/?q=34.6610000,135.7659444",,,國學院大學「神道・神社史料集成（現代）」収録社。,KOKUGAKUIN_MODERN,54336,2
T2M54335,矢田坐久志玉比古神社,やたにますくしたまひこじんじゃ,県社,式内社,,,,奈良県,,奈良県大和郡山市矢田町,34.6517611,135.7480056,"https://maps.google.com/?q=34.6517611,135.7480056",,,國學院大學「神道・神社史料集成（現代）」収録社。,KOKUGAKUIN_MODERN,54335,2
T2M53359,石上神宮,いそのかみじんぐう,官幣大社,式内社,,,,奈良県,,奈良県天理市布留町,34.5976833,135.8520194,"https://maps.google.com/?q=34.5976833,135.8520194",,,國學院大學「神道・神社史料集成（現代）」収録社。,KOKUGAKUIN_MODERN,53359,2
T2M54329,石園座多久虫玉神社,いそのにますたくむしたまじんじゃ,県社,式内社,,,,奈良県,,奈良県大和高田市片塩町,34.5079472,135.7425028,"https://maps.google.com/?q=34.5079472,135.7425028",,,國學院大學「神道・神社史料集成（現代）」収録社。,KOKUGAKUIN_MODERN,54329,2
T2M54325,神波多神社,かんはたじんじゃ,県社,式内社,,,,奈良県,,奈良県山辺郡山添村中峰山,34.6905944,136.0643333,"https://maps.google.com/?q=34.6905944,136.0643333",,,國學院大學「神道・神社史料集成（現代）」収録社。,KOKUGAKUIN_MODERN,54325,2
T2M54328,穴師坐兵主神社,あなせにいますひょうずじんじゃ,県社,式内社,,,,奈良県,,奈良県桜井市穴師,34.5451667,135.8580472,"https://maps.google.com/?q=34.5451667,135.8580472",,,國學院大學「神道・神社史料集成（現代）」収録社。,KOKUGAKUIN_MODERN,54328,2
T2M54337,等彌神社,とみじんじゃ,県社,式内社,,,,奈良県,,奈良県桜井市桜井,34.5064694,135.8539861,"https://maps.google.com/?q=34.5064694,135.8539861",,,國學院大學「神道・神社史料集成（現代）」収録社。,KOKUGAKUIN_MODERN,54337,2
T2M54332,篠畑神社,ささはたじんじゃ,県社,,,,,奈良県,,奈良県宇陀市榛原山辺,34.5553028,135.9880639,"https://maps.google.com/?q=34.5553028,135.9880639",,,國學院大學「神道・神社史料集成（現代）」収録社。,KOKUGAKUIN_MODERN,54332,2
T2M54312,葛城一言主神社,かつらぎひとことぬしじんじゃ,県社,式内社,,,,奈良県,,奈良県御所市森脇,34.4455722,135.7120056,"https://maps.google.com/?q=34.4455722,135.7120056",,,國學院大學「神道・神社史料集成（現代）」収録社。,KOKUGAKUIN_MODERN,54312,2
T2M53536,談山神社,たんざんじんじゃ,別格官幣社,,,,,奈良県,,奈良県桜井市大字多武峯,34.4658947,135.8617831,"https://maps.google.com/?q=34.4658947,135.8617831",,,國學院大學「神道・神社史料集成（現代）」収録社。,KOKUGAKUIN_MODERN,53536,2
T2M54339,賣太神社,めたじんじゃ,県社,式内社,,,,奈良県,,奈良県大和郡山市稗田町,34.6393056,135.7964083,"https://maps.google.com/?q=34.6393056,135.7964083",,,國學院大學「神道・神社史料集成（現代）」収録社。,KOKUGAKUIN_MODERN,54339,2
T2M54326,都祁水分神社,つげみくまりじんじゃ,県社,式内社,,,,奈良県,,奈良県奈良市都祁友田町,34.5973361,135.9471861,"https://maps.google.com/?q=34.5973361,135.9471861",,,國學院大學「神道・神社史料集成（現代）」収録社。,KOKUGAKUIN_MODERN,54326,2
T2M54333,鏡作坐天照御魂神社,かがみつくりにますあまてるみたまじんじゃ,県社,式内社,,,,奈良県,,奈良県磯城郡田原本町八尾,34.5615461,135.7940669,"https://maps.google.com/?q=34.5615461,135.7940669",,,國學院大學「神道・神社史料集成（現代）」収録社。,KOKUGAKUIN_MODERN,54333,2
T2M54315,阿紀神社,あきじんじゃ,県社,式内社,,,,奈良県,,奈良県宇陀市大字陀町迫間,34.4782083,135.9240167,"https://maps.google.com/?q=34.4782083,135.9240167",,,國學院大學「神道・神社史料集成（現代）」収録社。,KOKUGAKUIN_MODERN,54315,2
T2M54321,飛鳥川上坐宇須多岐比賣命神社,あすかのかわかみにいますうすたきひめのみことじんじゃ,県社,式内社,,,,奈良県,,奈良県高市郡明日香村稲渕,34.4501278,135.8283750,"https://maps.google.com/?q=34.4501278,135.8283750",,,國學院大學「神道・神社史料集成（現代）」収録社。,KOKUGAKUIN_MODERN,54321,2
T2M54313,高鴨神社,たかかもじんじゃ,県社,式内社,,,,奈良県,,奈良県御所市鴨神,34.4081917,135.7076139,"https://maps.google.com/?q=34.4081917,135.7076139",,,國學院大學「神道・神社史料集成（現代）」収録社。,KOKUGAKUIN_MODERN,54313,2
T2M54318,鴨都波神社,かもつばじんじゃ,県社,式内社,,,,奈良県,,奈良県御所市宮前町,34.4604917,135.7328583,"https://maps.google.com/?q=34.4604917,135.7328583",,,國學院大學「神道・神社史料集成（現代）」収録社。,KOKUGAKUIN_MODERN,54318,2
T2M53362,龍田大社,たつたたいしゃ,官幣大社,式内社,,,,奈良県,,奈良県生駒郡三郷町立野南,34.5931028,135.6877167,"https://maps.google.com/?q=34.5931028,135.6877167",,,國學院大學「神道・神社史料集成（現代）」収録社。,KOKUGAKUIN_MODERN,53362,2
T2M54320,龍田神社,たつたじんじゃ,県社,式内社,,,,奈良県,,奈良県生駒郡斑鳩町龍田,34.6081611,135.7249611,"https://maps.google.com/?q=34.6081611,135.7249611",,,國學院大學「神道・神社史料集成（現代）」収録社。,KOKUGAKUIN_MODERN,54320,2
T2M53615,仙台東照宮,せんだいとうしょうぐう,県社,,,,,宮城県,,宮城県仙台市青葉区東照宮,38.2801631,140.8850639,"https://maps.google.com/?q=38.2801631,140.8850639",,,國學院大學「神道・神社史料集成（現代）」収録社。,KOKUGAKUIN_MODERN,53615,2
T2M53614,刈田嶺神社,かつたみねじんじゃ,県社,式内社,,,,宮城県,,宮城県刈田郡蔵王町宮馬場,38.0502431,140.6528839,"https://maps.google.com/?q=38.0502431,140.6528839",,,國學院大學「神道・神社史料集成（現代）」収録社。,KOKUGAKUIN_MODERN,53614,2
T2M53397,志波彦神社,しわひこじんじゃ,国幣中社,式内社,,,,宮城県,,宮城県塩竈市一森山,38.3191917,141.0135972,"https://maps.google.com/?q=38.3191917,141.0135972",,,國學院大學「神道・神社史料集成（現代）」収録社。,KOKUGAKUIN_MODERN,53397,2
T2M53613,櫻岡大神宮,さくらがおかだいじんぐう,県社,,,,,宮城県,,宮城県仙台市青葉区桜ヶ岡公園,38.2595831,140.8619111,"https://maps.google.com/?q=38.2595831,140.8619111",,,國學院大學「神道・神社史料集成（現代）」収録社。,KOKUGAKUIN_MODERN,53613,2
T2M53617,熊野本宮社,くまのほんぐうしゃ,県社,,,,,宮城県,,宮城県名取市高舘熊野堂字五反田,38.2081261,140.8369961,"https://maps.google.com/?q=38.2081261,140.8369961",,,國學院大學「神道・神社史料集成（現代）」収録社。,KOKUGAKUIN_MODERN,53617,2
T2M53608,登米神社,とよまじんじゃ,県社,,,,,宮城県,,宮城県登米市登米町寺池道場,38.6490661,141.2788819,"https://maps.google.com/?q=38.6490661,141.2788819",,,國學院大學「神道・神社史料集成（現代）」収録社。,KOKUGAKUIN_MODERN,53608,2
T2M53612,竹駒神社,たけこまじんじゃ,県社,,,,,宮城県,,宮城県岩沼市稲荷町,38.1050589,140.8625500,"https://maps.google.com/?q=38.1050589,140.8625500",,,國學院大學「神道・神社史料集成（現代）」収録社。,KOKUGAKUIN_MODERN,53612,2
T2M53610,舘腰神社,たてのこしじんじゃ,県社,,,,,宮城県,,宮城県名取市植松,38.1455369,140.8769831,"https://maps.google.com/?q=38.1455369,140.8769831",,,國學院大學「神道・神社史料集成（現代）」収録社。,KOKUGAKUIN_MODERN,53610,2
T2M53611,金華山黄金山神社,きんかさんこがねやまじんじゃ,県社,式内社,,,,宮城県,,宮城県石巻市鮎川浜金華山,38.2979531,141.5559761,"https://maps.google.com/?q=38.2979531,141.5559761",,,國學院大學「神道・神社史料集成（現代）」収録社。,KOKUGAKUIN_MODERN,53611,2
T2M53618,零羊崎神社,ひつじさきじんじゃ,県社,式内社,,,,宮城県,,宮城県石巻市湊字牧山,38.4396681,141.3416000,"https://maps.google.com/?q=38.4396681,141.3416000",,,國學院大學「神道・神社史料集成（現代）」収録社。,KOKUGAKUIN_MODERN,53618,2
T2M53609,青葉神社,あおばじんじゃ,県社,,,,,宮城県,,宮城県仙台市青葉区青葉町,38.2824461,140.8625311,"https://maps.google.com/?q=38.2824461,140.8625311",,,國學院大學「神道・神社史料集成（現代）」収録社。,KOKUGAKUIN_MODERN,53609,2
T2M53484,鹽竈神社,しおがまじんじゃ,国幣中社,式内社,,,,宮城県,,宮城県塩竈市一森山,38.3187008,141.0127831,"https://maps.google.com/?q=38.3187008,141.0127831",,,國學院大學「神道・神社史料集成（現代）」収録社。,KOKUGAKUIN_MODERN,53484,2
T2M53616,鹿島御児神社,かしまみこじんじゃ,県社,式内社,,,,宮城県,,宮城県石巻市日和が丘,38.4239769,141.3081369,"https://maps.google.com/?q=38.4239769,141.3081369",,,國學院大學「神道・神社史料集成（現代）」収録社。,KOKUGAKUIN_MODERN,53616,2
T2M53607,黄金山神社,こがねやまじんじゃ,県社,式内社,,,,宮城県,,宮城県遠田郡涌谷町大字涌谷字黄金宮前,38.5598839,141.1391581,"https://maps.google.com/?q=38.5598839,141.1391581",,,國學院大學「神道・神社史料集成（現代）」収録社。,KOKUGAKUIN_MODERN,53607,2
T2M54753,くし觸神社,くしふるじんじゃ,県社,,,,,宮崎県,,宮崎県西臼杵郡高千穂町三田井,32.7101972,131.3152278,"https://maps.google.com/?q=32.7101972,131.3152278",,,國學院大學「神道・神社史料集成（現代）」収録社。,KOKUGAKUIN_MODERN,54753,2
T2M54760,今山八幡宮,いまやまはちまんぐう,県社,,,,,宮崎県,,宮崎県延岡市山下町,32.5887639,131.6677556,"https://maps.google.com/?q=32.5887639,131.6677556",,,國學院大學「神道・神社史料集成（現代）」収録社。,KOKUGAKUIN_MODERN,54760,2
T2M54752,安賀多神社,あがたじんじゃ,県社,,,,,宮崎県,,宮崎県延岡市古川町,32.5877222,131.6505889,"https://maps.google.com/?q=32.5877222,131.6505889",,,國學院大學「神道・神社史料集成（現代）」収録社。,KOKUGAKUIN_MODERN,54752,2
T2M53450,宮崎神宮,みやざきじんぐう,官幣大社,,,,,宮崎県,,宮崎県宮崎市神宮,31.9382650,131.4235506,"https://maps.google.com/?q=31.9382650,131.4235506",,,國學院大學「神道・神社史料集成（現代）」収録社。,KOKUGAKUIN_MODERN,53450,2
T2M54750,愛宕神社,あたごじんじゃ,県社,,,,,宮崎県,,宮崎県宮崎市佐土原町上田島,32.0446167,131.4318722,"https://maps.google.com/?q=32.0446167,131.4318722",,,國學院大學「神道・神社史料集成（現代）」収録社。,KOKUGAKUIN_MODERN,54750,2
T2M54764,東霧島神社,つまきりしまじんじゃ,県社,式内社,,,,宮崎県,,宮崎県都城市高崎町東霧島,31.8454778,131.0599333,"https://maps.google.com/?q=31.8454778,131.0599333",,,國學院大學「神道・神社史料集成（現代）」収録社。,KOKUGAKUIN_MODERN,54764,2
T2M54762,榎原神社,よわらじんじゃ,県社,,,,,宮崎県,,宮崎県日南市南郷町榎原,32.0045917,131.4725417,"https://maps.google.com/?q=32.0045917,131.4725417",,,國學院大學「神道・神社史料集成（現代）」収録社。,KOKUGAKUIN_MODERN,54762,2
T2M54755,母智丘神社,もちおかじんじゃ,県社,,,,,宮崎県,,宮崎県都城市横市町,31.7499389,131.0096389,"https://maps.google.com/?q=31.7499389,131.0096389",,,國學院大學「神道・神社史料集成（現代）」収録社。,KOKUGAKUIN_MODERN,54755,2
T2M54751,江田神社,えだじんじゃ,県社,式内社,,,,宮崎県,,宮崎県宮崎市阿波岐原町字産母,31.9603806,131.4648083,"https://maps.google.com/?q=31.9603806,131.4648083",,,國學院大學「神道・神社史料集成（現代）」収録社。,KOKUGAKUIN_MODERN,54751,2
T2M54756,狭野神社,さのじんじゃ,県社,,,,,宮崎県,,宮崎県西諸県郡高原町蒲牟田,31.9085861,130.9698556,"https://maps.google.com/?q=31.9085861,130.9698556",,,國學院大學「神道・神社史料集成（現代）」収録社。,KOKUGAKUIN_MODERN,54756,2
T2M54757,生目神社,いきめじんじゃ,県社,,,,,宮崎県,,宮崎県宮崎市生目,31.9182500,131.3770250,"https://maps.google.com/?q=31.9182500,131.3770250",,,國學院大學「神道・神社史料集成（現代）」収録社。,KOKUGAKUIN_MODERN,54757,2
T2M54759,白鳥神社,しらとりじんじゃ,県社,,,,,宮崎県,,宮崎県えびの市末永,31.9785361,130.8275361,"https://maps.google.com/?q=31.9785361,130.8275361",,,國學院大學「神道・神社史料集成（現代）」収録社。,KOKUGAKUIN_MODERN,54759,2
T2M54754,神柱宮,かんはしらぐう,県社,,,,,宮崎県,,宮崎県都城市前田町,31.7322167,131.0720333,"https://maps.google.com/?q=31.7322167,131.0720333",,,國學院大學「神道・神社史料集成（現代）」収録社。,KOKUGAKUIN_MODERN,54754,2
T2M54761,粟野神社,あわのじんじゃ,県社,,,,,宮崎県,,宮崎県宮崎市高岡町高浜,31.9517833,131.3111861,"https://maps.google.com/?q=31.9517833,131.3111861",,,國學院大學「神道・神社史料集成（現代）」収録社。,KOKUGAKUIN_MODERN,54761,2
T2M54765,舞鶴神社,まいづるじんじゃ,県社,,,,,宮崎県,,宮崎県児湯郡高鍋町上江,32.1234972,131.5029028,"https://maps.google.com/?q=32.1234972,131.5029028",,,國學院大學「神道・神社史料集成（現代）」収録社。,KOKUGAKUIN_MODERN,54765,2
T2M54749,都萬神社,つまじんじゃ,県社,式内社,,,,宮崎県,,宮崎県西都市妻,32.1152889,131.4043639,"https://maps.google.com/?q=32.1152889,131.4043639",,,國學院大學「神道・神社史料集成（現代）」収録社。,KOKUGAKUIN_MODERN,54749,2
T2M54758,霧島岑神社,きりしまみねじんじゃ,県社,式内社,,,,宮崎県,,宮崎県小林市細野,31.9661250,130.9578778,"https://maps.google.com/?q=31.9661250,130.9578778",,,國學院大學「神道・神社史料集成（現代）」収録社。,KOKUGAKUIN_MODERN,54758,2
T2M54763,霧島東神社,きりしまひがしじんじゃ,県社,式内社,,,,宮崎県,,宮崎県西諸県郡高原町祓川,31.8917389,130.9620083,"https://maps.google.com/?q=31.8917389,130.9620083",,,國學院大學「神道・神社史料集成（現代）」収録社。,KOKUGAKUIN_MODERN,54763,2
T2M53453,鵜戸神宮,うどじんぐう,官幣大社,,,,,宮崎県,,宮崎県日南市大字宮浦,31.6502442,131.4658408,"https://maps.google.com/?q=31.6502442,131.4658408",,,國學院大學「神道・神社史料集成（現代）」収録社。,KOKUGAKUIN_MODERN,53453,2
T2M53853,八心大市比古神社,やごころおおいちひこじんじゃ,県社,式内社,,,,富山県,,富山県黒部市三日市,36.8722911,137.4431731,"https://maps.google.com/?q=36.8722911,137.4431731",,,國學院大學「神道・神社史料集成（現代）」収録社。,KOKUGAKUIN_MODERN,53853,2
T2M53402,射水神社,いみずじんじゃ,国幣中社,式内社,,,,富山県,,富山県高岡市古城,36.7485889,137.0215250,"https://maps.google.com/?q=36.7485889,137.0215250",,,國學院大學「神道・神社史料集成（現代）」収録社。,KOKUGAKUIN_MODERN,53402,2
T2M53859,放生津八幡宮,ほうじょうづはちまんぐう,県社,,,,,富山県,,富山県射水市八幡町,36.7804819,137.0944189,"https://maps.google.com/?q=36.7804819,137.0944189",,,國學院大學「神道・神社史料集成（現代）」収録社。,KOKUGAKUIN_MODERN,53859,2
T2M53856,於保多神社,おほたじんじゃ,県社,,,,,富山県,,富山県富山市於保多町,36.6942039,137.2256431,"https://maps.google.com/?q=36.6942039,137.2256431",,,國學院大學「神道・神社史料集成（現代）」収録社。,KOKUGAKUIN_MODERN,53856,2
T2M53858,日枝神社,ひえじんじゃ,県社,,,,,富山県,,富山県富山市山王町,36.6866261,137.2137961,"https://maps.google.com/?q=36.6866261,137.2137961",,,國學院大學「神道・神社史料集成（現代）」収録社。,KOKUGAKUIN_MODERN,53858,2
T2M53863,櫛田神社,くしだじんじゃ,県社,式内社,,,,富山県,,富山県射水市串田,36.6920161,137.0449461,"https://maps.google.com/?q=36.6920161,137.0449461",,,國學院大學「神道・神社史料集成（現代）」収録社。,KOKUGAKUIN_MODERN,53863,2
T2M53852,櫟原神社,いちはらじんじゃ,県社,式内社,,,,富山県,,富山県滑川市神明町,36.7668781,137.3570150,"https://maps.google.com/?q=36.7668781,137.3570150",,,國學院大學「神道・神社史料集成（現代）」収録社。,KOKUGAKUIN_MODERN,53852,2
T2M53855,氣多神社,けたじんじゃ,県社,式内社,,,,富山県,,富山県高岡市伏木一宮,36.8002300,137.0444661,"https://maps.google.com/?q=36.8002300,137.0444661",,,國學院大學「神道・神社史料集成（現代）」収録社。,KOKUGAKUIN_MODERN,53855,2
T2M53862,箭代神社,やしろじんじゃ,県社,式内社,,,,富山県,,富山県氷見市北八代,36.8928161,136.9862750,"https://maps.google.com/?q=36.8928161,136.9862750",,,國學院大學「神道・神社史料集成（現代）」収録社。,KOKUGAKUIN_MODERN,53862,2
T2M53860,護国八幡宮,ごこくはちまんぐう,県社,,,,,富山県,,富山県小矢部市埴生,36.6667450,136.8516389,"https://maps.google.com/?q=36.6667450,136.8516389",,,國學院大學「神道・神社史料集成（現代）」収録社。,KOKUGAKUIN_MODERN,53860,2
T2M53861,道神社,みちじんじゃ,県社,式内社,,,,富山県,,富山県射水市作道,36.7528461,137.0942311,"https://maps.google.com/?q=36.7528461,137.0942311",,,國學院大學「神道・神社史料集成（現代）」収録社。,KOKUGAKUIN_MODERN,53861,2
T2M53528,雄山神社,おやまじんじゃ,国幣小社,式内社,,,,富山県,,富山県中新川郡立山町立山峰,36.5731989,137.6178575,"https://maps.google.com/?q=36.5731989,137.6178575",,,國學院大學「神道・神社史料集成（現代）」収録社。,KOKUGAKUIN_MODERN,53528,2
T2M53857,高岡関野神社,たかおかせきのじんじゃ,県社,式内社,,,,富山県,,富山県高岡市末広町,36.7436450,137.0113000,"https://maps.google.com/?q=36.7436450,137.0113000",,,國學院大學「神道・神社史料集成（現代）」収録社。,KOKUGAKUIN_MODERN,53857,2
T2M53517,高瀬神社,たかせじんじゃ,国幣小社,式内社,,,,富山県,,富山県南砺市高瀬,36.5717556,136.9482950,"https://maps.google.com/?q=36.5717556,136.9482950",,,國學院大學「神道・神社史料集成（現代）」収録社。,KOKUGAKUIN_MODERN,53517,2
T2M53854,鵜坂神社,うさかじんじゃ,県社,式内社,,,,富山県,,富山県富山市婦中町鵜坂,36.6717381,137.1868400,"https://maps.google.com/?q=36.6717381,137.1868400",,,國學院大學「神道・神社史料集成（現代）」収録社。,KOKUGAKUIN_MODERN,53854,2
T2M54806,南方八幡宮,みなみがたはちまんぐう,県社,,,,,山口,,山口宇部市西岐波,33.9659083,131.3102806,"https://maps.google.com/?q=33.9659083,131.3102806",,,國學院大學「神道・神社史料集成（現代）」収録社。,KOKUGAKUIN_MODERN,54806,2
T2M54475,三坂神社,みさかじんじゃ,県社,式内社,,,,山口県,,山口県山口市徳地岸見,34.1453194,131.6163917,"https://maps.google.com/?q=34.1453194,131.6163917",,,國學院大學「神道・神社史料集成（現代）」収録社。,KOKUGAKUIN_MODERN,54475,2
T2M54490,中山神社,なかやまじんじゃ,県社,,,,,山口県,,山口県下関市綾羅木本町,34.0066861,130.9177139,"https://maps.google.com/?q=34.0066861,130.9177139",,,國學院大學「神道・神社史料集成（現代）」収録社。,KOKUGAKUIN_MODERN,54490,2
T2M54476,乃木神社,のぎじんじゃ,県社,,,,,山口県,,山口県下関市長府宮の内町,33.9997667,130.9860889,"https://maps.google.com/?q=33.9997667,130.9860889",,,國學院大學「神道・神社史料集成（現代）」収録社。,KOKUGAKUIN_MODERN,54476,2
T2M54468,亀山八幡宮,かめやまはちまんぐう,県社,,,,,山口県,,山口県下関市中之町,33.9574028,130.9449778,"https://maps.google.com/?q=33.9574028,130.9449778",,,國學院大學「神道・神社史料集成（現代）」収録社。,KOKUGAKUIN_MODERN,54468,2
T2M54459,仁壁神社,にかべじんじゃ,県社,式内社,,,,山口県,,山口県山口市三の宮,34.1890611,131.4918056,"https://maps.google.com/?q=34.1890611,131.4918056",,,國學院大學「神道・神社史料集成（現代）」収録社。,KOKUGAKUIN_MODERN,54459,2
T2M53415,住吉神社,すみよしじんじゃ,官幣中社,式内社,,,,山口県,,山口県下関市一の宮住吉,33.9993889,130.9565806,"https://maps.google.com/?q=33.9993889,130.9565806",,,國學院大學「神道・神社史料集成（現代）」収録社。,KOKUGAKUIN_MODERN,53415,2
T2M54495,住吉神社,すみよしじんじゃ,県社,,,,,山口県,,山口県萩市浜崎町,34.4199750,131.3999611,"https://maps.google.com/?q=34.4199750,131.3999611",,,國學院大學「神道・神社史料集成（現代）」収録社。,KOKUGAKUIN_MODERN,54495,2
T2M54481,佐波神社,さばじんじゃ,県社,,,,,山口県,,山口県防府市惣社町,34.0611861,131.5826028,"https://maps.google.com/?q=34.0611861,131.5826028",,,國學院大學「神道・神社史料集成（現代）」収録社。,KOKUGAKUIN_MODERN,54481,2
T2M54496,児玉神社,こだまじんじゃ,県社,,,,,山口県,,山口県周南市児玉町,34.0547139,131.8083750,"https://maps.google.com/?q=34.0547139,131.8083750",,,國學院大學「神道・神社史料集成（現代）」収録社。,KOKUGAKUIN_MODERN,54496,2
T2M54479,八坂神社,やさかじんじゃ,県社,,,,,山口県,,山口県山口市上竪小路,34.1859722,131.4784528,"https://maps.google.com/?q=34.1859722,131.4784528",,,國學院大學「神道・神社史料集成（現代）」収録社。,KOKUGAKUIN_MODERN,54479,2
T2M54489,八坂神社,やさかじんじゃ,県社,,,,,山口県,,山口県長門市仙崎,34.3900167,131.1997444,"https://maps.google.com/?q=34.3900167,131.1997444",,,國學院大學「神道・神社史料集成（現代）」収録社。,KOKUGAKUIN_MODERN,54489,2
T2M54466,八幡磨能峰宮,やはたうすのみねぐう,県社,,,,,山口県,,山口県美祢市大嶺町東分,34.1773269,131.2061500,"https://maps.google.com/?q=34.1773269,131.2061500",,,國學院大學「神道・神社史料集成（現代）」収録社。,KOKUGAKUIN_MODERN,54466,2
T2M54467,出雲神社,いずもじんじゃ,県社,式内社,,,,山口県,,山口県山口市徳地堀,34.1755917,131.6352444,"https://maps.google.com/?q=34.1755917,131.6352444",,,國學院大學「神道・神社史料集成（現代）」収録社。,KOKUGAKUIN_MODERN,54467,2
T2M54465,吉香神社,きっこうじんじゃ,県社,,,,,山口県,,山口県岩国市横山,34.1720139,132.1766389,"https://maps.google.com/?q=34.1720139,132.1766389",,,國學院大學「神道・神社史料集成（現代）」収録社。,KOKUGAKUIN_MODERN,54465,2
T2M54493,山口大神宮,やまぐちだいじんぐう,県社,,,,,山口県,,山口県山口市滝町,34.1839472,131.4690611,"https://maps.google.com/?q=34.1839472,131.4690611",,,國學院大學「神道・神社史料集成（現代）」収録社。,KOKUGAKUIN_MODERN,54493,2
T2M54494,山崎八幡宮,やまさきはちまんぐう,県社,,,,,山口県,,山口県周南市宮の前,34.0741306,131.7633972,"https://maps.google.com/?q=34.0741306,131.7633972",,,國學院大學「神道・神社史料集成（現代）」収録社。,KOKUGAKUIN_MODERN,54494,2
T2M54478,岡崎八幡宮,おかざきはちまんぐう,県社,,,,,山口県,,山口県宇部市船木,34.0446472,131.2273194,"https://maps.google.com/?q=34.0446472,131.2273194",,,國學院大學「神道・神社史料集成（現代）」収録社。,KOKUGAKUIN_MODERN,54478,2
T2M54491,岩隈八幡宮,いわくまはちまんぐう,県社,,,,,山口県,,山口県岩国市玖珂町,34.1025583,132.0880722,"https://maps.google.com/?q=34.1025583,132.0880722",,,國學院大學「神道・神社史料集成（現代）」収録社。,KOKUGAKUIN_MODERN,54491,2
T2M54486,彦島八幡宮,ひこしまはちまんぐう,県社,,,,,山口県,,山口県下関市彦島迫町,33.9415417,130.8961028,"https://maps.google.com/?q=33.9415417,130.8961028",,,國學院大學「神道・神社史料集成（現代）」収録社。,KOKUGAKUIN_MODERN,54486,2
T2M54477,徳佐八幡宮,とくさはちまんぐう,県社,,,,,山口県,,山口県山口市阿東徳佐中,34.3962750,131.7264222,"https://maps.google.com/?q=34.3962750,131.7264222",,,國學院大學「神道・神社史料集成（現代）」収録社。,KOKUGAKUIN_MODERN,54477,2
T2M53515,忌宮神社,いみのみやじんじゃ,国幣小社,式内社,,,,山口県,,山口県下関市長府宮の内町,33.9989278,130.9876381,"https://maps.google.com/?q=33.9989278,130.9876381",,,國學院大學「神道・神社史料集成（現代）」収録社。,KOKUGAKUIN_MODERN,53515,2
T2M54463,志都岐山神社,しずきやまじんじゃ,県社,,,,,山口県,,山口県萩市堀内,34.4192833,131.3834278,"https://maps.google.com/?q=34.4192833,131.3834278",,,國學院大學「神道・神社史料集成（現代）」収録社。,KOKUGAKUIN_MODERN,54463,2
T2M54460,春日神社,かすがじんじゃ,県社,,,,,山口県,,山口県萩市堀内,34.4108528,131.3894389,"https://maps.google.com/?q=34.4108528,131.3894389",,,國學院大學「神道・神社史料集成（現代）」収録社。,KOKUGAKUIN_MODERN,54460,2
T2M54483,杜屋神社,もりやじんじゃ,県社,式内社,,,,山口県,,山口県下関市豊浦町黒井,34.1229667,130.9113639,"https://maps.google.com/?q=34.1229667,130.9113639",,,國學院大學「神道・神社史料集成（現代）」収録社。,KOKUGAKUIN_MODERN,54483,2
T2M54484,束荷神社（合併先）,つかりじんじゃ,県社,,,,,山口県,,山口県光市束荷,34.0086961,132.0088219,"https://maps.google.com/?q=34.0086961,132.0088219",,,國學院大學「神道・神社史料集成（現代）」収録社。,KOKUGAKUIN_MODERN,54484,2
T2M54470,松陰神社,しょういんじんじゃ,県社,,,,,山口県,,山口県萩市椿東,34.4121361,131.4181694,"https://maps.google.com/?q=34.4121361,131.4181694",,,國學院大學「神道・神社史料集成（現代）」収録社。,KOKUGAKUIN_MODERN,54470,2
T2M54461,椿八幡宮,つばきはちまんぐう,県社,,,,,山口県,,山口県萩市椿,34.3908750,131.3987028,"https://maps.google.com/?q=34.3908750,131.3987028",,,國學院大學「神道・神社史料集成（現代）」収録社。,KOKUGAKUIN_MODERN,54461,2
T2M54469,正八幡宮,しょうはちまんぐう,県社,,,,,山口県,,山口県山口市秋穂西,34.0352278,131.4324167,"https://maps.google.com/?q=34.0352278,131.4324167",,,國學院大學「神道・神社史料集成（現代）」収録社。,KOKUGAKUIN_MODERN,54469,2
T2M54458,清末八幡宮,きよすえはちまんぐう,県社,,,,,山口県,,山口県下関市清末中町,34.0591500,131.0240000,"https://maps.google.com/?q=34.0591500,131.0240000",,,國學院大學「神道・神社史料集成（現代）」収録社。,KOKUGAKUIN_MODERN,54458,2
T2M54472,熊毛神社,くまげじんじゃ,県社,式内社,,,,山口県,,山口県周南市呼坂,34.0441333,131.9521139,"https://maps.google.com/?q=34.0441333,131.9521139",,,國學院大學「神道・神社史料集成（現代）」収録社。,KOKUGAKUIN_MODERN,54472,2
T2M53441,玉祖神社,たまのおやじんじゃ,国幣中社,式内社,,,,山口県,,山口県防府市大崎,34.0575778,131.5336944,"https://maps.google.com/?q=34.0575778,131.5336944",,,國學院大學「神道・神社史料集成（現代）」収録社。,KOKUGAKUIN_MODERN,53441,2
T2M54497,琴崎八幡宮,ことざきはちまんぐう,県社,,,,,山口県,,山口県宇部市上宇部大小路,33.9717583,131.2703389,"https://maps.google.com/?q=33.9717583,131.2703389",,,國學院大學「神道・神社史料集成（現代）」収録社。,KOKUGAKUIN_MODERN,54497,2
T2M54462,白山比咩神社,しらやまひめじんじゃ,県社,,,,,山口県,,山口県岩国市横山,34.1721389,132.1750000,"https://maps.google.com/?q=34.1721389,132.1750000",,,國學院大學「神道・神社史料集成（現代）」収録社。,KOKUGAKUIN_MODERN,54462,2
T2M54471,石城神社,いわきじんじゃ,県社,式内社,,,,山口県,,山口県光市塩田石城,33.9873639,132.0356667,"https://maps.google.com/?q=33.9873639,132.0356667",,,國學院大學「神道・神社史料集成（現代）」収録社。,KOKUGAKUIN_MODERN,54471,2
T2M54473,祐綏神社,ゆうすいじんじゃ,県社,,,,,山口県,,山口県周南市徳山,34.0615444,131.8145333,"https://maps.google.com/?q=34.0615444,131.8145333",,,國學院大學「神道・神社史料集成（現代）」収録社。,KOKUGAKUIN_MODERN,54473,2
T2M54474,築山神社,つきやまじんじゃ,県社,,,,,山口県,,山口県山口市上竪小路,34.1857278,131.4780167,"https://maps.google.com/?q=34.1857278,131.4780167",,,國學院大學「神道・神社史料集成（現代）」収録社。,KOKUGAKUIN_MODERN,54474,2
T2M54498,花尾八幡宮,はなおはちまんぐう,県社,,,,,山口県,,山口県山口市徳地島地,34.1643639,131.7002250,"https://maps.google.com/?q=34.1643639,131.7002250",,,國學院大學「神道・神社史料集成（現代）」収録社。,KOKUGAKUIN_MODERN,54498,2
T2M54485,花岡八幡宮,はなおかはちまんぐう,県社,,,,,山口県,,山口県下松市末武上,34.0392667,131.8721889,"https://maps.google.com/?q=34.0392667,131.8721889",,,國學院大學「神道・神社史料集成（現代）」収録社。,KOKUGAKUIN_MODERN,54485,2
T2M54464,豊功神社,とよことじんじゃ,県社,,,,,山口県,,山口県下関市長府宮崎町,33.9926111,130.9951250,"https://maps.google.com/?q=33.9926111,130.9951250",,,國學院大學「神道・神社史料集成（現代）」収録社。,KOKUGAKUIN_MODERN,54464,2
T2M53546,豊榮神社,とよさかじんじゃ,別格官幣社,,,,,山口県,,山口県山口市天花,34.1885200,131.4810492,"https://maps.google.com/?q=34.1885200,131.4810492",,,國學院大學「神道・神社史料集成（現代）」収録社。,KOKUGAKUIN_MODERN,53546,2
T2M54487,赤田神社,あかだじんじゃ,県社,,,,,山口県,,山口県山口市吉敷赤田,34.1808417,131.4314194,"https://maps.google.com/?q=34.1808417,131.4314194",,,國學院大學「神道・神社史料集成（現代）」収録社。,KOKUGAKUIN_MODERN,54487,2
T2M53467,赤間神宮,あかまじんぐう,官幣大社,,,,,山口県,,山口県下関市阿弥陀寺町,33.9597264,130.9486414,"https://maps.google.com/?q=33.9597264,130.9486414",,,國學院大學「神道・神社史料集成（現代）」収録社。,KOKUGAKUIN_MODERN,53467,2
T2M54456,遠石八幡宮,といしはちまんぐう,県社,,,,,山口県,,山口県周南市遠石,34.0397778,131.8231250,"https://maps.google.com/?q=34.0397778,131.8231250",,,國學院大學「神道・神社史料集成（現代）」収録社。,KOKUGAKUIN_MODERN,54456,2
T2M53555,野田神社,のだじんじゃ,別格官幣社,,,,,山口県,,山口県山口市天花,34.1882694,131.4806119,"https://maps.google.com/?q=34.1882694,131.4806119",,,國學院大學「神道・神社史料集成（現代）」収録社。,KOKUGAKUIN_MODERN,53555,2
T2M54457,防府天満宮,ほうふてんまんぐう,県社,,,,,山口県,,山口県防府市松崎町,34.0633169,131.5740519,"https://maps.google.com/?q=34.0633169,131.5740519",,,國學院大學「神道・神社史料集成（現代）」収録社。,KOKUGAKUIN_MODERN,54457,2
T2M54492,降松神社,くだまつじんじゃ,県社,,,,,山口県,,山口県下松市河内,34.0192222,131.8842667,"https://maps.google.com/?q=34.0192222,131.8842667",,,國學院大學「神道・神社史料集成（現代）」収録社。,KOKUGAKUIN_MODERN,54492,2
T2M54488,飛龍八幡宮,ひりゅうはちまんぐう,県社,,,,,山口県,,山口県周南市須々万本郷,34.1186000,131.8634417,"https://maps.google.com/?q=34.1186000,131.8634417",,,國學院大學「神道・神社史料集成（現代）」収録社。,KOKUGAKUIN_MODERN,54488,2
T2M54480,飯山八幡宮,いいやまはちまんぐう,県社,,,,,山口県,,山口県長門市東深川,34.3661583,131.1857639,"https://maps.google.com/?q=34.3661583,131.1857639",,,國學院大學「神道・神社史料集成（現代）」収録社。,KOKUGAKUIN_MODERN,54480,2
T2M54482,高泊神社,たかとまりじんじゃ,県社,,,,,山口県,,山口県山陽小野田市西高泊,33.9994667,131.1632583,"https://maps.google.com/?q=33.9994667,131.1632583",,,國學院大學「神道・神社史料集成（現代）」収録社。,KOKUGAKUIN_MODERN,54482,2
T2M54809,熊野神社,くまのじんじゃ,県社,,,,,山形,,山形市六日町,38.2591617,140.3423289,"https://maps.google.com/?q=38.2591617,140.3423289",,,國學院大學「神道・神社史料集成（現代）」収録社。,KOKUGAKUIN_MODERN,54809,2
T2M53553,上杉神社,うえすぎじんじゃ,別格官幣社,,,,,山形県,,山形県米沢市丸の内,37.9092828,140.1042517,"https://maps.google.com/?q=37.9092828,140.1042517",,,國學院大學「神道・神社史料集成（現代）」収録社。,KOKUGAKUIN_MODERN,53553,2
T2M53647,八幡神社,はちまんじんじゃ,県社,,,,,山形県,,山形県酒田市市条字水上,38.9647081,139.9376711,"https://maps.google.com/?q=38.9647081,139.9376711",,,國學院大學「神道・神社史料集成（現代）」収録社。,KOKUGAKUIN_MODERN,53647,2
T2M53670,八幡神社,はちまんじんじゃ,県社,,,,,山形県,,山形県鶴岡市下山添上通,38.6871056,139.8410333,"https://maps.google.com/?q=38.6871056,139.8410333",,,國學院大學「神道・神社史料集成（現代）」収録社。,KOKUGAKUIN_MODERN,53670,2
T2M53639,六椹八幡宮,むつくぬぎはちまんぐう,県社,,,,,山形県,,山形県山形市鉄砲町,38.2406869,140.3292169,"https://maps.google.com/?q=38.2406869,140.3292169",,,國學院大學「神道・神社史料集成（現代）」収録社。,KOKUGAKUIN_MODERN,53639,2
T2M53503,出羽神社,いではじんじゃ,国幣小社,式内社,,,,山形県,,山形県鶴岡市羽黒町手向字手向,38.7024056,139.9812917,"https://maps.google.com/?q=38.7024056,139.9812917",,,國學院大學「神道・神社史料集成（現代）」収録社。,KOKUGAKUIN_MODERN,53503,2
T2M53664,城輪神社,きのわじんじゃ,県社,,,,,山形県,,山形県酒田市城輪表物忌,38.9663444,139.9101028,"https://maps.google.com/?q=38.9663444,139.9101028",,,國學院大學「神道・神社史料集成（現代）」収録社。,KOKUGAKUIN_MODERN,53664,2
T2M53666,大物忌神社,おおものいみじんじゃ,県社,,,,,山形県,,山形県酒田市本楯新田目,38.9677500,139.8884911,"https://maps.google.com/?q=38.9677500,139.8884911",,,國學院大學「神道・神社史料集成（現代）」収録社。,KOKUGAKUIN_MODERN,53666,2
T2M53652,天満神社,てんまんじんじゃ,県社,,,,,山形県,,山形県新庄市堀端町,38.7664319,140.2926931,"https://maps.google.com/?q=38.7664319,140.2926931",,,國學院大學「神道・神社史料集成（現代）」収録社。,KOKUGAKUIN_MODERN,53652,2
T2M53668,寒河江八幡宮,さがえはちまんぐう,県社,,,,,山形県,,山形県寒河江市八幡町,38.3782350,140.2707611,"https://maps.google.com/?q=38.3782350,140.2707611",,,國學院大學「神道・神社史料集成（現代）」収録社。,KOKUGAKUIN_MODERN,53668,2
T2M53656,小物忌神社,おものいみじんじゃ,県社,式内社,,,,山形県,,山形県酒田市山楯三之宮,38.8990761,139.9413769,"https://maps.google.com/?q=38.8990761,139.9413769",,,國學院大學「神道・神社史料集成（現代）」収録社。,KOKUGAKUIN_MODERN,53656,2
T2M53671,小物忌神社,おものいみじんじゃ,県社,,,,,山形県,,山形県酒田市飛島中村甲,39.1958000,139.5537119,"https://maps.google.com/?q=39.1958000,139.5537119",,,國學院大學「神道・神社史料集成（現代）」収録社。,KOKUGAKUIN_MODERN,53671,2
T2M53640,建勲神社,たけいさおじんじゃ,県社,,,,,山形県,,山形県天童市天童,38.3557861,140.3748600,"https://maps.google.com/?q=38.3557861,140.3748600",,,國學院大學「神道・神社史料集成（現代）」収録社。,KOKUGAKUIN_MODERN,53640,2
T2M53651,愛宕神社,あたごじんじゃ,県社,,,,,山形県,,山形県天童市北目,38.3505839,140.3787569,"https://maps.google.com/?q=38.3505839,140.3787569",,,國學院大學「神道・神社史料集成（現代）」収録社。,KOKUGAKUIN_MODERN,53651,2
T2M53658,戸澤神社,とざわじんじゃ,県社,,,,,山形県,,山形県新庄市堀端町,38.7670069,140.2939319,"https://maps.google.com/?q=38.7670069,140.2939319",,,國學院大學「神道・神社史料集成（現代）」収録社。,KOKUGAKUIN_MODERN,53658,2
T2M53641,日枝神社,ひえじんじゃ,県社,,,,,山形県,,山形県鶴岡市山王町,38.7326781,139.8351750,"https://maps.google.com/?q=38.7326781,139.8351750",,,國學院大學「神道・神社史料集成（現代）」収録社。,KOKUGAKUIN_MODERN,53641,2
T2M53646,日枝神社,ひえじんじゃ,県社,,,,,山形県,,山形県酒田市日吉町,38.9200161,139.8314931,"https://maps.google.com/?q=38.9200161,139.8314931",,,國學院大學「神道・神社史料集成（現代）」収録社。,KOKUGAKUIN_MODERN,53646,2
T2M53661,春日神社,かすがじんじゃ,県社,,,,,山形県,,山形県鶴岡市黒川宮の下,38.6653011,139.8741800,"https://maps.google.com/?q=38.6653011,139.8741800",,,國學院大學「神道・神社史料集成（現代）」収録社。,KOKUGAKUIN_MODERN,53661,2
T2M53434,月山神社,がっさんじんじゃ,官幣大社,式内社,,,,山形県,,山形県鶴岡市羽黒町手向字手向,38.7024056,139.9812917,"https://maps.google.com/?q=38.7024056,139.9812917",,,國學院大學「神道・神社史料集成（現代）」収録社。,KOKUGAKUIN_MODERN,53434,2
T2M53657,松岬神社,まつがさきじんじゃ,県社,,,,,山形県,,山形県米沢市丸の内,37.9092139,140.1066069,"https://maps.google.com/?q=37.9092139,140.1066069",,,國學院大學「神道・神社史料集成（現代）」収録社。,KOKUGAKUIN_MODERN,53657,2
T2M53645,椙尾神社,すぎおじんじゃ,県社,,,,,山形県,,山形県鶴岡市馬町,38.7649550,139.7645100,"https://maps.google.com/?q=38.7649550,139.7645100",,,國學院大學「神道・神社史料集成（現代）」収録社。,KOKUGAKUIN_MODERN,53645,2
T2M53648,氣比神社,けひじんじゃ,県社,,,,,山形県,,山形県鶴岡市三瀬字宮ノ前,38.7067281,139.6705711,"https://maps.google.com/?q=38.7067281,139.6705711",,,國學院大學「神道・神社史料集成（現代）」収録社。,KOKUGAKUIN_MODERN,53648,2
T2M53653,浮嶋稲荷神社,うきしまいなりじんじゃ,県社,,,,,山形県,,山形県西村山郡朝日町大沼,38.3309519,140.1122369,"https://maps.google.com/?q=38.3309519,140.1122369",,,國學院大學「神道・神社史料集成（現代）」収録社。,KOKUGAKUIN_MODERN,53653,2
T2M53506,湯殿山神社,ゆどのさんじんじゃ,国幣小社,式内社,,,,山形県,,山形県鶴岡市羽黒町手向字手向,38.7024056,139.9812917,"https://maps.google.com/?q=38.7024056,139.9812917",,,國學院大學「神道・神社史料集成（現代）」収録社。,KOKUGAKUIN_MODERN,53506,2
T2M53649,湯殿山神社,ゆどのさんじんじゃ,県社,,,,,山形県,,山形県山形市旅篭町,38.2573150,140.3399881,"https://maps.google.com/?q=38.2573150,140.3399881",,,國學院大學「神道・神社史料集成（現代）」収録社。,KOKUGAKUIN_MODERN,53649,2
T2M53655,烏帽子山八幡宮,えぼしやまはちまんぐう,県社,,,,,山形県,,山形県南陽市赤湯,38.0512661,140.1673269,"https://maps.google.com/?q=38.0512661,140.1673269",,,國學院大學「神道・神社史料集成（現代）」収録社。,KOKUGAKUIN_MODERN,53655,2
T2M53659,熊野大社,くまのたいしゃ,県社,,,,,山形県,,山形県南陽市宮内,38.0779031,140.1369369,"https://maps.google.com/?q=38.0779031,140.1369369",,,國學院大學「神道・神社史料集成（現代）」収録社。,KOKUGAKUIN_MODERN,53659,2
T2M53667,熊野神社,くまのじんじゃ,県社,,,,,山形県,,山形県鶴岡市湯温海湯温海,38.6156981,139.6122411,"https://maps.google.com/?q=38.6156981,139.6122411",,,國學院大學「神道・神社史料集成（現代）」収録社。,KOKUGAKUIN_MODERN,53667,2
T2M53662,白子神社,しろこじんじゃ,県社,,,,,山形県,,山形県米沢市城北,37.9160889,140.1040589,"https://maps.google.com/?q=37.9160889,140.1040589",,,國學院大學「神道・神社史料集成（現代）」収録社。,KOKUGAKUIN_MODERN,53662,2
T2M53654,總宮神社,そうみやじんじゃ,県社,,,,,山形県,,山形県長井市横町,38.1153181,140.0347719,"https://maps.google.com/?q=38.1153181,140.0347719",,,國學院大學「神道・神社史料集成（現代）」収録社。,KOKUGAKUIN_MODERN,53654,2
T2M53643,荒倉神社,あらくらじんじゃ,県社,,,,,山形県,,山形県鶴岡市西目,38.7342739,139.7146500,"https://maps.google.com/?q=38.7342739,139.7146500",,,國學院大學「神道・神社史料集成（現代）」収録社。,KOKUGAKUIN_MODERN,53643,2
T2M53642,荘内神社,しょうないじんじゃ,県社,,,,,山形県,,山形県鶴岡市馬場町,38.7282319,139.8245861,"https://maps.google.com/?q=38.7282319,139.8245861",,,國學院大學「神道・神社史料集成（現代）」収録社。,KOKUGAKUIN_MODERN,53642,2
T2M53669,谷地八幡宮,やちはちまんぐう,県社,,,,,山形県,,山形県西村山郡河北町谷地己,38.4259689,140.3129950,"https://maps.google.com/?q=38.4259689,140.3129950",,,國學院大學「神道・神社史料集成（現代）」収録社。,KOKUGAKUIN_MODERN,53669,2
T2M53644,金峯神社,きんぼうじんじゃ,県社,,,,,山形県,,山形県鶴岡市青龍寺,38.6787700,139.8056281,"https://maps.google.com/?q=38.6787700,139.8056281",,,國學院大學「神道・神社史料集成（現代）」収録社。,KOKUGAKUIN_MODERN,53644,2
T2M53660,飛鳥神社,あすかじんじゃ,県社,,,,,山形県,,山形県酒田市飛鳥,38.8868111,139.9322581,"https://maps.google.com/?q=38.8868111,139.9322581",,,國學院大學「神道・神社史料集成（現代）」収録社。,KOKUGAKUIN_MODERN,53660,2
T2M53663,鮎貝八幡宮,あゆかいはちまんぐう,県社,,,,,山形県,,山形県西置賜郡白鷹町鮎貝,38.1902069,140.0757269,"https://maps.google.com/?q=38.1902069,140.0757269",,,國學院大學「神道・神社史料集成（現代）」収録社。,KOKUGAKUIN_MODERN,53663,2
T2M53398,鳥海山大物忌神社,ちょうかいさんおおものいみじんじゃ,国幣中社,式内社,,,,山形県,,山形県飽海郡遊佐町吹浦,39.0752000,139.8788250,"https://maps.google.com/?q=39.0752000,139.8788250",,,國學院大學「神道・神社史料集成（現代）」収録社。,KOKUGAKUIN_MODERN,53398,2
T2M53650,鳥海月山両所宮,ちょうかいがっさんりょうしょぐう,県社,,,,,山形県,,山形県山形市宮町,38.2708189,140.3371319,"https://maps.google.com/?q=38.2708189,140.3371319",,,國學院大學「神道・神社史料集成（現代）」収録社。,KOKUGAKUIN_MODERN,53650,2
T2M53665,鶴岡天満宮,つるおかてんまんぐう,県社,,,,,山形県,,山形県鶴岡市神明町,38.7235211,139.8362861,"https://maps.google.com/?q=38.7235211,139.8362861",,,國學院大學「神道・神社史料集成（現代）」収録社。,KOKUGAKUIN_MODERN,53665,2
T2M53929,八幡神社,はちまんじんじゃ,県社,,,,,山梨県,,山梨県甲府市古府中町,35.6876833,138.5836528,"https://maps.google.com/?q=35.6876833,138.5836528",,,國學院大學「神道・神社史料集成（現代）」収録社。,KOKUGAKUIN_MODERN,53929,2
T2M53936,冨士御室浅間神社,ふじおむろせんげんじんじゃ,県社,,,,,山梨県,,山梨県南都留郡富士河口湖町勝山,35.5104369,138.7459889,"https://maps.google.com/?q=35.5104369,138.7459889",,,國學院大學「神道・神社史料集成（現代）」収録社。,KOKUGAKUIN_MODERN,53936,2
T2M53930,北口本宮冨士浅間神社,きたぐちほんぐうふじせんげんじんじゃ,県社,,,,,山梨県,,山梨県富士吉田市上吉田,35.4708569,138.7924800,"https://maps.google.com/?q=35.4708569,138.7924800",,,國學院大學「神道・神社史料集成（現代）」収録社。,KOKUGAKUIN_MODERN,53930,2
T2M53938,大井俣窪八幡神社,おおいまたくぼはちまんじんじゃ,県社,式内社,,,,山梨県,,山梨県山梨市北,35.7047289,138.6899581,"https://maps.google.com/?q=35.7047289,138.6899581",,,國學院大學「神道・神社史料集成（現代）」収録社。,KOKUGAKUIN_MODERN,53938,2
T2M53933,山縣神社,やまがたじんじゃ,県社,,,,,山梨県,,山梨県甲斐市篠原,35.6577150,138.5222689,"https://maps.google.com/?q=35.6577150,138.5222689",,,國學院大學「神道・神社史料集成（現代）」収録社。,KOKUGAKUIN_MODERN,53933,2
T2M53940,武田八幡宮,たけだはちまんぐう,県社,,,,,山梨県,,山梨県韮崎市神山町北宮地,35.7044869,138.4200769,"https://maps.google.com/?q=35.7044869,138.4200769",,,國學院大學「神道・神社史料集成（現代）」収録社。,KOKUGAKUIN_MODERN,53940,2
T2M53932,武田神社,たけだじんじゃ,県社,,,,,山梨県,,山梨県甲府市古府中町,35.6866050,138.5773269,"https://maps.google.com/?q=35.6866050,138.5773269",,,國學院大學「神道・神社史料集成（現代）」収録社。,KOKUGAKUIN_MODERN,53932,2
T2M53935,浅間神社,せんげんじんじゃ,県社,式内社,,,,山梨県,,山梨県南都留郡富士河口湖町河口,35.5310561,138.7748689,"https://maps.google.com/?q=35.5310561,138.7748689",,,國學院大學「神道・神社史料集成（現代）」収録社。,KOKUGAKUIN_MODERN,53935,2
T2M53389,淺間神社,あさまじんじゃ,国幣中社,式内社,,,,山梨県,,山梨県笛吹市一宮町一ノ宮,35.6473944,138.6973611,"https://maps.google.com/?q=35.6473944,138.6973611",,,國學院大學「神道・神社史料集成（現代）」収録社。,KOKUGAKUIN_MODERN,53389,2
T2M53934,玉諸神社,たまもろじんじゃ,県社,式内社,,,,山梨県,,山梨県甲府市国玉町,35.6527500,138.5983439,"https://maps.google.com/?q=35.6527500,138.5983439",,,國學院大學「神道・神社史料集成（現代）」収録社。,KOKUGAKUIN_MODERN,53934,2
T2M53939,美和神社,みわじんじゃ,県社,式内社,,,,山梨県,,山梨県笛吹市御坂町二之宮,35.6298689,138.6533539,"https://maps.google.com/?q=35.6298689,138.6533539",,,國學院大學「神道・神社史料集成（現代）」収録社。,KOKUGAKUIN_MODERN,53939,2
T2M53937,菅田天神社,かんだてんじんじゃ,県社,,,,,山梨県,,山梨県甲州市塩山上於曽,35.7051381,138.7280481,"https://maps.google.com/?q=35.7051381,138.7280481",,,國學院大學「神道・神社史料集成（現代）」収録社。,KOKUGAKUIN_MODERN,53937,2
T2M53931,金櫻神社,かなざくらじんじゃ,県社,式内社,,,,山梨県,,山梨県甲府市御岳町,35.7694450,138.5561669,"https://maps.google.com/?q=35.7694450,138.5561669",,,國學院大學「神道・神社史料集成（現代）」収録社。,KOKUGAKUIN_MODERN,53931,2
T2M54009,三輪神社,みわじんじゃ,県社,,,,,岐阜県,,岐阜県揖斐郡揖斐川町三輪,35.4889850,136.5733439,"https://maps.google.com/?q=35.4889850,136.5733439",,,國學院大學「神道・神社史料集成（現代）」収録社。,KOKUGAKUIN_MODERN,54009,2
T2M54001,久津八幡宮,くづはちまんぐう,県社,,,,,岐阜県,,岐阜県下呂市萩原町上呂,35.8874939,137.2123050,"https://maps.google.com/?q=35.8874939,137.2123050",,,國學院大學「神道・神社史料集成（現代）」収録社。,KOKUGAKUIN_MODERN,54001,2
T2M53995,伊冨岐神社,いぶきじんじゃ,県社,式内社,,,,岐阜県,,岐阜県不破郡垂井町伊吹,35.3769261,136.4949431,"https://maps.google.com/?q=35.3769261,136.4949431",,,國學院大學「神道・神社史料集成（現代）」収録社。,KOKUGAKUIN_MODERN,53995,2
T2M53526,伊奈波神社,いなばじんじゃ,国幣小社,式内社,,,,岐阜県,,岐阜県岐阜市伊奈波通,35.4272503,136.7705181,"https://maps.google.com/?q=35.4272503,136.7705181",,,國學院大學「神道・神社史料集成（現代）」収録社。,KOKUGAKUIN_MODERN,53526,2
T2M53989,八幡神社,はちまんじんじゃ,県社,,,,,岐阜県,,岐阜県大垣市西外側町,35.3642431,136.6128150,"https://maps.google.com/?q=35.3642431,136.6128150",,,國學院大學「神道・神社史料集成（現代）」収録社。,KOKUGAKUIN_MODERN,53989,2
T2M54010,八幡神社,はちまんじんじゃ,県社,,,,,岐阜県,,岐阜県土岐市妻木町,35.3039189,137.1950550,"https://maps.google.com/?q=35.3039189,137.1950550",,,國學院大學「神道・神社史料集成（現代）」収録社。,KOKUGAKUIN_MODERN,54010,2
T2M54000,加納天満宮,かのうてんまんぐう,県社,,,,,岐阜県,,岐阜県岐阜市加納天神町,35.4071769,136.7586411,"https://maps.google.com/?q=35.4071769,136.7586411",,,國學院大學「神道・神社史料集成（現代）」収録社。,KOKUGAKUIN_MODERN,54000,2
T2M53392,南宮大社,なんぐうたいしゃ,国幣大社,式内社,,,,岐阜県,,岐阜県不破郡垂井町宮代,35.3605667,136.5253833,"https://maps.google.com/?q=35.3605667,136.5253833",,,國學院大學「神道・神社史料集成（現代）」収録社。,KOKUGAKUIN_MODERN,53392,2
T2M53996,大山白山神社,おおやまはくさんじんじゃ,県社,,,,,岐阜県,,岐阜県加茂郡白川町水戸野,35.6195481,137.2277781,"https://maps.google.com/?q=35.6195481,137.2277781",,,國學院大學「神道・神社史料集成（現代）」収録社。,KOKUGAKUIN_MODERN,53996,2
T2M54006,大津神社,おおつじんじゃ,県社,式内社,,,,岐阜県,,岐阜県飛騨市神岡町船津,36.3345261,137.2944150,"https://maps.google.com/?q=36.3345261,137.2944150",,,國學院大學「神道・神社史料集成（現代）」収録社。,KOKUGAKUIN_MODERN,54006,2
T2M53994,常葉神社,ときわじんじゃ,県社,,,,,岐阜県,,岐阜県大垣市郭町,35.3625611,136.6152561,"https://maps.google.com/?q=35.3625611,136.6152561",,,國學院大學「神道・神社史料集成（現代）」収録社。,KOKUGAKUIN_MODERN,53994,2
T2M54002,恵那神社,えなじんじゃ,県社,式内社,,,,岐阜県,,岐阜県中津川市中津川,35.4433411,137.5337250,"https://maps.google.com/?q=35.4433411,137.5337250",,,國學院大學「神道・神社史料集成（現代）」収録社。,KOKUGAKUIN_MODERN,54002,2
T2M53993,日吉神社,ひよしじんじゃ,県社,,,,,岐阜県,,岐阜県安八郡神戸町神戸,35.4251611,136.6043450,"https://maps.google.com/?q=35.4251611,136.6043450",,,國學院大學「神道・神社史料集成（現代）」収録社。,KOKUGAKUIN_MODERN,53993,2
T2M54008,櫻山八幡宮,さくらやまはちまんぐう,県社,,,,,岐阜県,,岐阜県高山市桜町,36.1481761,137.2607939,"https://maps.google.com/?q=36.1481761,137.2607939",,,國學院大學「神道・神社史料集成（現代）」収録社。,KOKUGAKUIN_MODERN,54008,2
T2M53998,武芸八幡宮,むげはちまんぐう,県社,,,,,岐阜県,,岐阜県関市武芸川町八幡,35.5420311,136.8508131,"https://maps.google.com/?q=35.5420311,136.8508131",,,國學院大學「神道・神社史料集成（現代）」収録社。,KOKUGAKUIN_MODERN,53998,2
T2M54004,気多若宮神社,けたわかみやじんじゃ,県社,,,,,岐阜県,,岐阜県飛騨市古川町上気多,36.2393731,137.1977139,"https://maps.google.com/?q=36.2393731,137.1977139",,,國學院大學「神道・神社史料集成（現代）」収録社。,KOKUGAKUIN_MODERN,54004,2
T2M53990,洲原神社,すはらじんじゃ,県社,,,,,岐阜県,,岐阜県美濃市須原,35.5924500,136.9485661,"https://maps.google.com/?q=35.5924500,136.9485661",,,國學院大學「神道・神社史料集成（現代）」収録社。,KOKUGAKUIN_MODERN,53990,2
T2M53997,白山中居神社,はくさんちゅうきょじんじゃ,県社,,,,,岐阜県,,岐阜県郡上市白鳥町石徹白,35.9920769,136.7686619,"https://maps.google.com/?q=35.9920769,136.7686619",,,國學院大學「神道・神社史料集成（現代）」収録社。,KOKUGAKUIN_MODERN,53997,2
T2M53992,白山神社,はくさんじんじゃ,県社,,,,,岐阜県,,岐阜県郡上郡白鳥町長滝,35.9207194,136.8307000,"https://maps.google.com/?q=35.9207194,136.8307000",,,國學院大學「神道・神社史料集成（現代）」収録社。,KOKUGAKUIN_MODERN,53992,2
T2M54003,荒城神社,あらきじんじゃ,県社,式内社,,,,岐阜県,,岐阜県高山市国府町宮地,36.2187989,137.2594900,"https://maps.google.com/?q=36.2187989,137.2594900",,,國學院大學「神道・神社史料集成（現代）」収録社。,KOKUGAKUIN_MODERN,54003,2
T2M53999,護山神社,もりやまじんじゃ,県社,,,,,岐阜県,,岐阜県中津川市付知町,35.6798250,137.4127411,"https://maps.google.com/?q=35.6798250,137.4127411",,,國學院大學「神道・神社史料集成（現代）」収録社。,KOKUGAKUIN_MODERN,53999,2
T2M54005,金神社,こがねじんじゃ,県社,,,,,岐阜県,,岐阜県岐阜市金町,35.4165619,136.7574719,"https://maps.google.com/?q=35.4165619,136.7574719",,,國學院大學「神道・神社史料集成（現代）」収録社。,KOKUGAKUIN_MODERN,54005,2
T2M53432,飛騨一宮水無神社,ひだいちのみやみなしじんじゃ,国幣小社,式内社,,,,岐阜県,,岐阜県高山市一之宮町,36.0853139,137.2517472,"https://maps.google.com/?q=36.0853139,137.2517472",,,國學院大學「神道・神社史料集成（現代）」収録社。,KOKUGAKUIN_MODERN,53432,2
T2M54007,飛騨山王宮日枝神社,ひださんのうぐうひえいじんじゃ,県社,,,,,岐阜県,,岐阜県高山市城山,36.1330939,137.2612869,"https://maps.google.com/?q=36.1330939,137.2612869",,,國學院大學「神道・神社史料集成（現代）」収録社。,KOKUGAKUIN_MODERN,54007,2
T2M53991,飛騨総社,ひだそうしゃ,県社,,,,,岐阜県,,岐阜県高山市神田町,36.1481681,137.2543269,"https://maps.google.com/?q=36.1481681,137.2543269",,,國學院大學「神道・神社史料集成（現代）」収録社。,KOKUGAKUIN_MODERN,53991,2
T2M54408,三勲神社（玉井宮境内社）,さんくんじんじゃ（たまいぐうけいだいしゃ）,県社,,,,,岡山県,,岡山県岡山市中区東山,34.6562472,133.9456917,"https://maps.google.com/?q=34.6562472,133.9456917",,,國學院大學「神道・神社史料集成（現代）」収録社。,KOKUGAKUIN_MODERN,54408,2
T2M53411,中山神社,なかやまじんじゃ,国幣中社,式内社,,,,岡山県,,岡山県津山市一宮,35.1002250,133.9779056,"https://maps.google.com/?q=35.1002250,133.9779056",,,國學院大學「神道・神社史料集成（現代）」収録社。,KOKUGAKUIN_MODERN,53411,2
T2M54422,今村宮,いまむらぐう,県社,,,,,岡山県,,岡山県岡山市北区今,34.6453139,133.8943278,"https://maps.google.com/?q=34.6453139,133.8943278",,,國學院大學「神道・神社史料集成（現代）」収録社。,KOKUGAKUIN_MODERN,54422,2
T2M54420,伊勢神社,いせじんじゃ,県社,式内社,,,,岡山県,,岡山県岡山市北区番町,34.6746556,133.9293361,"https://maps.google.com/?q=34.6746556,133.9293361",,,國學院大學「神道・神社史料集成（現代）」収録社。,KOKUGAKUIN_MODERN,54420,2
T2M54410,作楽神社,さくらじんじゃ,県社,,,,,岡山県,,岡山県津山市神戸,35.0621722,133.9431556,"https://maps.google.com/?q=35.0621722,133.9431556",,,國學院大學「神道・神社史料集成（現代）」収録社。,KOKUGAKUIN_MODERN,54410,2
T2M54405,備中國總社,びっちゅうのくにそうじゃ,県社,式内社,,,,岡山県,,岡山県総社市総社,34.6769833,133.7538500,"https://maps.google.com/?q=34.6769833,133.7538500",,,國學院大學「神道・神社史料集成（現代）」収録社。,KOKUGAKUIN_MODERN,54405,2
T2M54423,八幡神社,はちまんじんじゃ,県社,,,,,岡山県,,岡山県高梁市和田町,34.7939194,133.6208361,"https://maps.google.com/?q=34.7939194,133.6208361",,,國學院大學「神道・神社史料集成（現代）」収録社。,KOKUGAKUIN_MODERN,54423,2
T2M54427,八重籬神社,やえがきじんじゃ,県社,,,,,岡山県,,岡山県高梁市内山下,34.8044908,133.6167461,"https://maps.google.com/?q=34.8044908,133.6167461",,,國學院大學「神道・神社史料集成（現代）」収録社。,KOKUGAKUIN_MODERN,54427,2
T2M54432,吉川八幡宮,よしかわはちまんぐう,県社,,,,,岡山県,,岡山県加賀郡吉備中央町吉川,34.8196833,133.7515528,"https://maps.google.com/?q=34.8196833,133.7515528",,,國學院大學「神道・神社史料集成（現代）」収録社。,KOKUGAKUIN_MODERN,54432,2
T2M54428,和氣神社,わけじんじゃ,県社,,,,,岡山県,,岡山県和気郡和気町藤野,34.8203333,134.1756389,"https://maps.google.com/?q=34.8203333,134.1756389",,,國學院大學「神道・神社史料集成（現代）」収録社。,KOKUGAKUIN_MODERN,54428,2
T2M54424,大隅神社,おおすみじんじゃ,県社,,,,,岡山県,,岡山県津山市上之町,35.0648611,134.0154139,"https://maps.google.com/?q=35.0648611,134.0154139",,,國學院大學「神道・神社史料集成（現代）」収録社。,KOKUGAKUIN_MODERN,54424,2
T2M54414,天石門別神社,あめのいわとわけじんじゃ,県社,式内社,,,,岡山県,,岡山県美作市滝宮,34.9322500,134.2043111,"https://maps.google.com/?q=34.9322500,134.2043111",,,國學院大學「神道・神社史料集成（現代）」収録社。,KOKUGAKUIN_MODERN,54414,2
T2M53412,安仁神社,あにじんじゃ,国幣中社,式内社,,,,岡山県,,岡山県岡山市東区西大寺一宮,34.6102444,134.0959806,"https://maps.google.com/?q=34.6102444,134.0959806",,,國學院大學「神道・神社史料集成（現代）」収録社。,KOKUGAKUIN_MODERN,53412,2
T2M54419,宗形神社,むなかたじんじゃ,県社,式内社,,,,岡山県,,岡山県赤磐市是里,34.9313556,134.0494222,"https://maps.google.com/?q=34.9313556,134.0494222",,,國學院大學「神道・神社史料集成（現代）」収録社。,KOKUGAKUIN_MODERN,54419,2
T2M54407,岡山神社,おかやまじんじゃ,県社,,,,,岡山県,,岡山県岡山市北区石関町,34.6677028,133.9313667,"https://maps.google.com/?q=34.6677028,133.9313667",,,國學院大學「神道・神社史料集成（現代）」収録社。,KOKUGAKUIN_MODERN,54407,2
T2M54417,形部神社・佐波良神社,かたべじんじゃ・さわらじんじゃ,県社,式内社,,,,岡山県,,岡山県真庭市社,35.1823833,133.7602444,"https://maps.google.com/?q=35.1823833,133.7602444",,,國學院大學「神道・神社史料集成（現代）」収録社。,KOKUGAKUIN_MODERN,54417,2
T2M54429,御鴨神社,みかもじんじゃ,県社,,,,,岡山県,,岡山県真庭郡新庄村,35.1924639,133.5693500,"https://maps.google.com/?q=35.1924639,133.5693500",,,國學院大學「神道・神社史料集成（現代）」収録社。,KOKUGAKUIN_MODERN,54429,2
T2M54406,徳守神社,とくもりじんじゃ,県社,,,,,岡山県,,岡山県津山市宮脇町,35.0602444,133.9952389,"https://maps.google.com/?q=35.0602444,133.9952389",,,國學院大學「神道・神社史料集成（現代）」収録社。,KOKUGAKUIN_MODERN,54406,2
T2M54412,志呂神社,しろじんじゃ,県社,,,,,岡山県,,岡山県岡山市北区建部町下神目,34.8935333,133.9170917,"https://maps.google.com/?q=34.8935333,133.9170917",,,國學院大學「神道・神社史料集成（現代）」収録社。,KOKUGAKUIN_MODERN,54412,2
T2M54434,日咩坂鐘乳穴神社,ひめさかかなちあなじんじゃ,県社,式内社,,,,岡山県,,岡山県新見市豊永赤馬,34.9817167,133.6045333,"https://maps.google.com/?q=34.9817167,133.6045333",,,國學院大學「神道・神社史料集成（現代）」収録社。,KOKUGAKUIN_MODERN,54434,2
T2M54421,春日神社,かすがじんじゃ,県社,,,,,岡山県,,岡山県岡山市北区七日市西町,34.6415778,133.9306333,"https://maps.google.com/?q=34.6415778,133.9306333",,,國學院大學「神道・神社史料集成（現代）」収録社。,KOKUGAKUIN_MODERN,54421,2
T2M54435,木山神社,きやまじんじゃ,県社,,,,,岡山県,,岡山県真庭市木山,35.0168194,133.7224778,"https://maps.google.com/?q=35.0168194,133.7224778",,,國學院大學「神道・神社史料集成（現代）」収録社。,KOKUGAKUIN_MODERN,54435,2
T2M54430,沖田神社,おきたじんじゃ,県社,,,,,岡山県,,岡山県岡山市中区沖元,34.6378167,133.9830306,"https://maps.google.com/?q=34.6378167,133.9830306",,,國學院大學「神道・神社史料集成（現代）」収録社。,KOKUGAKUIN_MODERN,54430,2
T2M54436,牛窓神社,うしまどじんじゃ,県社,,,,,岡山県,,岡山県瀬戸内市牛窓町牛窓,34.6227917,134.1724417,"https://maps.google.com/?q=34.6227917,134.1724417",,,國學院大學「神道・神社史料集成（現代）」収録社。,KOKUGAKUIN_MODERN,54436,2
T2M54426,玉井宮・東照宮,たまいぐう・とうしょうぐう,県社,,,,,岡山県,,岡山県岡山市中区東山,34.6562472,133.9456917,"https://maps.google.com/?q=34.6562472,133.9456917",,,國學院大學「神道・神社史料集成（現代）」収録社。,KOKUGAKUIN_MODERN,54426,2
T2M54416,由加神社,ゆがじんじゃ,県社,,,,,岡山県,,岡山県倉敷市児島由加,34.5058250,133.8510861,"https://maps.google.com/?q=34.5058250,133.8510861",,,國學院大學「神道・神社史料集成（現代）」収録社。,KOKUGAKUIN_MODERN,54416,2
T2M54418,皷神社,つづみじんじゃ,県社,式内社,,,,岡山県,,岡山県岡山市北区上高田,34.7764167,133.8275444,"https://maps.google.com/?q=34.7764167,133.8275444",,,國學院大學「神道・神社史料集成（現代）」収録社。,KOKUGAKUIN_MODERN,54418,2
T2M54438,穴門山神社,あなとやまじんじゃ,県社,式内社,,,,岡山県,,岡山県高梁市川上町高山市,34.7440167,133.3921083,"https://maps.google.com/?q=34.7440167,133.3921083",,,國學院大學「神道・神社史料集成（現代）」収録社。,KOKUGAKUIN_MODERN,54438,2
T2M54415,総社,そうしゃ,県社,,,,,岡山県,,岡山県津山市総社,35.0740806,133.9944861,"https://maps.google.com/?q=35.0740806,133.9944861",,,國學院大學「神道・神社史料集成（現代）」収録社。,KOKUGAKUIN_MODERN,54415,2
T2M54431,諾神社,なぎじんじゃ,県社,,,,,岡山県,,岡山県勝田郡奈義町成松,35.1298778,134.1821278,"https://maps.google.com/?q=35.1298778,134.1821278",,,國學院大學「神道・神社史料集成（現代）」収録社。,KOKUGAKUIN_MODERN,54431,2
T2M54425,貴布禰神社,きふねじんじゃ,県社,,,,,岡山県,,岡山県津山市桑上,35.0274889,133.9141111,"https://maps.google.com/?q=35.0274889,133.9141111",,,國學院大學「神道・神社史料集成（現代）」収録社。,KOKUGAKUIN_MODERN,54425,2
T2M54411,足髙神社,あしたかじんじゃ,県社,式内社,,,,岡山県,,岡山県倉敷市笹沖,34.5774028,133.7644750,"https://maps.google.com/?q=34.5774028,133.7644750",,,國學院大學「神道・神社史料集成（現代）」収録社。,KOKUGAKUIN_MODERN,54411,2
T2M54409,閑谷神社,しずたにじんじゃ,県社,,,,,岡山県,,岡山県備前市閑谷,34.7966000,134.2203417,"https://maps.google.com/?q=34.7966000,134.2203417",,,國學院大學「神道・神社史料集成（現代）」収録社。,KOKUGAKUIN_MODERN,54409,2
T2M54437,阿智神社,あちじんじゃ,県社,,,,,岡山県,,岡山県倉敷市本町,34.5974472,133.7735056,"https://maps.google.com/?q=34.5974472,133.7735056",,,國學院大學「神道・神社史料集成（現代）」収録社。,KOKUGAKUIN_MODERN,54437,2
T2M54433,高田神社,たかたじんじゃ,県社,,,,,岡山県,,岡山県真庭市勝山,35.0849639,133.6949111,"https://maps.google.com/?q=35.0849639,133.6949111",,,國學院大學「神道・神社史料集成（現代）」収録社。,KOKUGAKUIN_MODERN,54433,2
T2M54413,高野神社,たかのじんじゃ,県社,式内社,,,,岡山県,,岡山県津山市高野本郷,35.0591500,133.9644389,"https://maps.google.com/?q=35.0591500,133.9644389",,,國學院大學「神道・神社史料集成（現代）」収録社。,KOKUGAKUIN_MODERN,54413,2
T2M54439,鴻八幡宮,こうはちまんぐう,県社,,,,,岡山県,,岡山県倉敷市児島下の町,34.4772972,133.8278250,"https://maps.google.com/?q=34.4772972,133.8278250",,,國學院大學「神道・神社史料集成（現代）」収録社。,KOKUGAKUIN_MODERN,54439,2
T2M53605,呑香稲荷神社,とんこういなりじんじゃ,県社,,,,,岩手県,,岩手県二戸市福岡字松の丸,40.2667211,141.2994039,"https://maps.google.com/?q=40.2667211,141.2994039",,,國學院大學「神道・神社史料集成（現代）」収録社。,KOKUGAKUIN_MODERN,53605,2
T2M53602,室根神社,むろねじんじゃ,県社,,,,,岩手県,,岩手県一関市室根町折壁字室根山,38.9439294,141.4517533,"https://maps.google.com/?q=38.9439294,141.4517533",,,國學院大學「神道・神社史料集成（現代）」収録社。,KOKUGAKUIN_MODERN,53602,2
T2M53600,岩手山神社,いわてさんじんじゃ,県社,,,,,岩手県,,岩手県岩手郡滝沢村柳沢,39.8123622,141.0696164,"https://maps.google.com/?q=39.8123622,141.0696164",,,國學院大學「神道・神社史料集成（現代）」収録社。,KOKUGAKUIN_MODERN,53600,2
T2M53601,志和稲荷神社,しわいなりじんじゃ,県社,,,,,岩手県,,岩手県紫波郡紫波町升沢字前平,39.5591017,141.0779500,"https://maps.google.com/?q=39.5591017,141.0779500",,,國學院大學「神道・神社史料集成（現代）」収録社。,KOKUGAKUIN_MODERN,53601,2
T2M53606,志賀理和氣神社,しがりわけじんじゃ,県社,式内社,,,,岩手県,,岩手県紫波郡紫波町桜町字本町川原,39.5472972,141.1744667,"https://maps.google.com/?q=39.5472972,141.1744667",,,國學院大學「神道・神社史料集成（現代）」収録社。,KOKUGAKUIN_MODERN,53606,2
T2M53603,早池峰神社,はやちねじんじゃ,県社,,,,,岩手県,,岩手県花巻市大迫町内川目第一地割,39.5321103,141.4171528,"https://maps.google.com/?q=39.5321103,141.4171528",,,國學院大學「神道・神社史料集成（現代）」収録社。,KOKUGAKUIN_MODERN,53603,2
T2M53598,櫻山神社,さくらやまじんじゃ,県社,,,,,岩手県,,岩手県盛岡市内丸,39.7016397,141.1517350,"https://maps.google.com/?q=39.7016397,141.1517350",,,國學院大學「神道・神社史料集成（現代）」収録社。,KOKUGAKUIN_MODERN,53598,2
T2M53597,盛岡八幡宮,もりおかはちまんぐう,県社,,,,,岩手県,,岩手県盛岡市八幡町,39.6954217,141.1637486,"https://maps.google.com/?q=39.6954217,141.1637486",,,國學院大學「神道・神社史料集成（現代）」収録社。,KOKUGAKUIN_MODERN,53597,2
T2M53599,配志和神社,はいしわじんじゃ,県社,式内社,,,,岩手県,,岩手県一関市山目字舘,38.9430386,141.1229897,"https://maps.google.com/?q=38.9430386,141.1229897",,,國學院大學「神道・神社史料集成（現代）」収録社。,KOKUGAKUIN_MODERN,53599,2
T2M53604,鎮守府八幡神社,ちんじゅふはちまんじんじゃ,県社,,,,,岩手県,,岩手県奥州市水沢区佐倉河字宮の内,39.1843750,141.1372350,"https://maps.google.com/?q=39.1843750,141.1372350",,,國學院大學「神道・神社史料集成（現代）」収録社。,KOKUGAKUIN_MODERN,53604,2
T2M53433,駒形神社,こまがたじんじゃ,国幣小社,式内社,,,,岩手県,,岩手県奥州市水沢区中上野町,39.1363833,141.1380194,"https://maps.google.com/?q=39.1363833,141.1380194",,,國學院大學「神道・神社史料集成（現代）」収録社。,KOKUGAKUIN_MODERN,53433,2
T2M54378,井戸神社,いどじんじゃ,県社,,,,,島根県,,島根県大田市大森町,35.1199222,132.4482111,"https://maps.google.com/?q=35.1199222,132.4482111",,,國學院大學「神道・神社史料集成（現代）」収録社。,KOKUGAKUIN_MODERN,54378,2
T2M54385,伊奈西波岐神社,いなせはぎじんじゃ,県社,,,,,島根県,,島根県出雲市大社町鷺浦,35.4392889,132.6866278,"https://maps.google.com/?q=35.4392889,132.6866278",,,國學院大學「神道・神社史料集成（現代）」収録社。,KOKUGAKUIN_MODERN,54385,2
T2M53523,佐太神社,さだじんじゃ,国幣小社,式内社,,,,島根県,,島根県松江市鹿島町佐陀宮内,35.5089808,133.0065581,"https://maps.google.com/?q=35.5089808,133.0065581",,,國學院大學「神道・神社史料集成（現代）」収録社。,KOKUGAKUIN_MODERN,53523,2
T2M54384,八重垣神社,やえがきじんじゃ,県社,式内社,,,,島根県,,島根県松江市佐草町,35.4290361,133.0737444,"https://maps.google.com/?q=35.4290361,133.0737444",,,國學院大學「神道・神社史料集成（現代）」収録社。,KOKUGAKUIN_MODERN,54384,2
T2M54388,六所神社,ろくしょじんじゃ,県社,,,,,島根県,,島根県松江市大草町,35.4271917,133.1042222,"https://maps.google.com/?q=35.4271917,133.1042222",,,國學院大學「神道・神社史料集成（現代）」収録社。,KOKUGAKUIN_MODERN,54388,2
T2M54392,内神社,うちじんじゃ,県社,式内社,,,,島根県,,島根県松江市大垣町,35.4895917,132.9309028,"https://maps.google.com/?q=35.4895917,132.9309028",,,國學院大學「神道・神社史料集成（現代）」収録社。,KOKUGAKUIN_MODERN,54392,2
T2M54367,城上神社,きがみじんじゃ,県社,式内社,,,,島根県,,島根県大田市大森町,35.1237639,132.4500239,"https://maps.google.com/?q=35.1237639,132.4500239",,,國學院大學「神道・神社史料集成（現代）」収録社。,KOKUGAKUIN_MODERN,54367,2
T2M54403,多倍神社,たべじんじゃ,県社,式内社,,,,島根県,,島根県出雲市佐田町反辺,35.2400611,132.7111250,"https://maps.google.com/?q=35.2400611,132.7111250",,,國學院大學「神道・神社史料集成（現代）」収録社。,KOKUGAKUIN_MODERN,54403,2
T2M54368,多鳩神社,たはとじんじゃ,県社,式内社,,,,島根県,,島根県江津市二宮町神主,34.9696000,132.2012944,"https://maps.google.com/?q=34.9696000,132.2012944",,,國學院大學「神道・神社史料集成（現代）」収録社。,KOKUGAKUIN_MODERN,54368,2
T2M54372,大祭天石門彦神社,おおまつりあめのいわとひこじんじゃ,県社,式内社,,,,島根県,,島根県浜田市黒川,34.8941472,132.1042194,"https://maps.google.com/?q=34.8941472,132.1042194",,,國學院大學「神道・神社史料集成（現代）」収録社。,KOKUGAKUIN_MODERN,54372,2
T2M54401,天健金草神社,あまたけかなかやじんじゃ,県社,式内社,,,,島根県,,島根県隠岐郡隠岐の島町都万,36.2052361,133.2310167,"https://maps.google.com/?q=36.2052361,133.2310167",,,國學院大學「神道・神社史料集成（現代）」収録社。,KOKUGAKUIN_MODERN,54401,2
T2M54369,天豊足柄姫命神社,あめとよたらしがらひめのみことじんじゃ,県社,式内社,,,,島根県,,島根県浜田市殿町,34.9005972,132.0787306,"https://maps.google.com/?q=34.9005972,132.0787306",,,國學院大學「神道・神社史料集成（現代）」収録社。,KOKUGAKUIN_MODERN,54369,2
T2M54381,宇美神社,うみじんじゃ,県社,式内社,,,,島根県,,島根県平田市平田町,35.4366972,132.8188056,"https://maps.google.com/?q=35.4366972,132.8188056",,,國學院大學「神道・神社史料集成（現代）」収録社。,KOKUGAKUIN_MODERN,54381,2
T2M54391,富田八幡宮,とだはちまんぐう,県社,式内社,,,,島根県,,島根県安来市広瀬町広瀬,35.3612250,133.1699889,"https://maps.google.com/?q=35.3612250,133.1699889",,,國學院大學「神道・神社史料集成（現代）」収録社。,KOKUGAKUIN_MODERN,54391,2
T2M54398,市木神社,いちきじんじゃ,県社,,,,,島根県,,島根県浜田市旭町市木,34.8426561,132.3879639,"https://maps.google.com/?q=34.8426561,132.3879639",,,國學院大學「神道・神社史料集成（現代）」収録社。,KOKUGAKUIN_MODERN,54398,2
T2M54394,平濱八幡宮,ひらはまはちまんぐう,県社,,,,,島根県,,島根県松江市八幡町,35.4416750,133.1167722,"https://maps.google.com/?q=35.4416750,133.1167722",,,國學院大學「神道・神社史料集成（現代）」収録社。,KOKUGAKUIN_MODERN,54394,2
T2M54390,揖夜神社,いやじんじゃ,県社,式内社,,,,島根県,,島根県松江市東出雲町揖屋,35.4307083,133.1539639,"https://maps.google.com/?q=35.4307083,133.1539639",,,國學院大學「神道・神社史料集成（現代）」収録社。,KOKUGAKUIN_MODERN,54390,2
T2M53438,日御碕神社,ひのみさきじんじゃ,国幣小社,式内社,,,,島根県,,島根県出雲市大社町日御碕,35.4295472,132.6295694,"https://maps.google.com/?q=35.4295472,132.6295694",,,國學院大學「神道・神社史料集成（現代）」収録社。,KOKUGAKUIN_MODERN,53438,2
T2M54395,朝山神社,あさやまじんじゃ,県社,式内社,,,,島根県,,島根県出雲市所原町,35.3192500,132.7728111,"https://maps.google.com/?q=35.3192500,132.7728111",,,國學院大學「神道・神社史料集成（現代）」収録社。,KOKUGAKUIN_MODERN,54395,2
T2M54373,松江神社,まつえじんじゃ,県社,,,,,島根県,,島根県松江市殿町,35.4738917,133.0503472,"https://maps.google.com/?q=35.4738917,133.0503472",,,國學院大學「神道・神社史料集成（現代）」収録社。,KOKUGAKUIN_MODERN,54373,2
T2M54399,染羽天石勝神社,そめはあめのいわかつじんじゃ,県社,式内社,,,,島根県,,島根県益田市染羽町,34.6802583,131.8609611,"https://maps.google.com/?q=34.6802583,131.8609611",,,國學院大學「神道・神社史料集成（現代）」収録社。,KOKUGAKUIN_MODERN,54399,2
T2M54370,柿本神社,かきもとじんじゃ,県社,,,,,島根県,,島根県益田市高津町,34.6776111,131.8202833,"https://maps.google.com/?q=34.6776111,131.8202833",,,國學院大學「神道・神社史料集成（現代）」収録社。,KOKUGAKUIN_MODERN,54370,2
T2M54402,櫛代賀姫神社,くしろかひめじんじゃ,県社,式内社,,,,島根県,,島根県益田市久城町,34.7012333,131.8399972,"https://maps.google.com/?q=34.7012333,131.8399972",,,國學院大學「神道・神社史料集成（現代）」収録社。,KOKUGAKUIN_MODERN,54402,2
T2M54397,比布智神社,ひふちじんじゃ,県社,式内社,,,,島根県,,島根県出雲市下古志町,35.3345528,132.7289278,"https://maps.google.com/?q=35.3345528,132.7289278",,,國學院大學「神道・神社史料集成（現代）」収録社。,KOKUGAKUIN_MODERN,54397,2
T2M53409,水若酢神社,みずわかすじんじゃ,国幣中社,式内社,,,,島根県,,島根県隠岐郡隠岐の島町郡,36.2800389,133.2488889,"https://maps.google.com/?q=36.2800389,133.2488889",,,國學院大學「神道・神社史料集成（現代）」収録社。,KOKUGAKUIN_MODERN,53409,2
T2M54380,焼火神社,たくひじんじゃ,県社,,,,,島根県,,島根県隠岐郡西ノ島町美田,36.0733500,133.0286194,"https://maps.google.com/?q=36.0733500,133.0286194",,,國學院大學「神道・神社史料集成（現代）」収録社。,KOKUGAKUIN_MODERN,54380,2
T2M53408,熊野大社,くまのたいしゃ,国幣大社,式内社,,,,島根県,,島根県松江市八雲町熊野,35.3734333,133.0705472,"https://maps.google.com/?q=35.3734333,133.0705472",,,國學院大學「神道・神社史料集成（現代）」収録社。,KOKUGAKUIN_MODERN,53408,2
T2M54393,玉作湯神社,たまづくりゆじんじゃ,県社,式内社,,,,島根県,,島根県松江市玉湯町玉造,35.4136778,133.0116639,"https://maps.google.com/?q=35.4136778,133.0116639",,,國學院大學「神道・神社史料集成（現代）」収録社。,KOKUGAKUIN_MODERN,54393,2
T2M54365,玉若酢命神社,たまわかすみことじんじゃ,県社,式内社,,,,島根県,,島根県隠岐郡隠岐の島町下西,36.2071000,133.3125556,"https://maps.google.com/?q=36.2071000,133.3125556",,,國學院大學「神道・神社史料集成（現代）」収録社。,KOKUGAKUIN_MODERN,54365,2
T2M54387,田原神社,たはらじんじゃ,県社,,,,,島根県,,島根県松江市奥谷町,35.4823167,133.0522389,"https://maps.google.com/?q=35.4823167,133.0522389",,,國學院大學「神道・神社史料集成（現代）」収録社。,KOKUGAKUIN_MODERN,54387,2
T2M54379,神魂神社,かもすじんじゃ,県社,,,,,島根県,,島根県松江市大庭町,35.4255250,133.0844000,"https://maps.google.com/?q=35.4255250,133.0844000",,,國學院大學「神道・神社史料集成（現代）」収録社。,KOKUGAKUIN_MODERN,54379,2
T2M53489,美保神社,みほじんじゃ,国幣中社,式内社,,,,島根県,,島根県松江市美保関町美保関,35.5623033,133.3060617,"https://maps.google.com/?q=35.5623033,133.3060617",,,國學院大學「神道・神社史料集成（現代）」収録社。,KOKUGAKUIN_MODERN,53489,2
T2M54371,能義神社,のきじんじゃ,県社,式内社,,,,島根県,,島根県安来市能義町,35.3996111,133.2181000,"https://maps.google.com/?q=35.3996111,133.2181000",,,國學院大學「神道・神社史料集成（現代）」収録社。,KOKUGAKUIN_MODERN,54371,2
T2M54383,許曽志神社,こそしじんじゃ,県社,式内社,,,,島根県,,島根県松江市古曽志町,35.4845889,132.9977556,"https://maps.google.com/?q=35.4845889,132.9977556",,,國學院大學「神道・神社史料集成（現代）」収録社。,KOKUGAKUIN_MODERN,54383,2
T2M54400,賀茂神社,かもじんじゃ,県社,,,,,島根県,,島根県邑智郡邑南町中野,34.9046361,132.4623981,"https://maps.google.com/?q=34.9046361,132.4623981",,,國學院大學「神道・神社史料集成（現代）」収録社。,KOKUGAKUIN_MODERN,54400,2
T2M54375,賣布神社,めふじんじゃ,県社,式内社,,,,島根県,,島根県松江市和多見町,35.4665333,133.0587778,"https://maps.google.com/?q=35.4665333,133.0587778",,,國學院大學「神道・神社史料集成（現代）」収録社。,KOKUGAKUIN_MODERN,54375,2
T2M54386,賣豆紀神社,めずきじんじゃ,県社,式内社,,,,島根県,,島根県松江市雑賀町,35.4552639,133.0637861,"https://maps.google.com/?q=35.4552639,133.0637861",,,國學院大學「神道・神社史料集成（現代）」収録社。,KOKUGAKUIN_MODERN,54386,2
T2M54382,長浜神社,ながはまじんじゃ,県社,,,,,島根県,,島根県出雲市西園町上長浜,35.3460167,132.6811500,"https://maps.google.com/?q=35.3460167,132.6811500",,,國學院大學「神道・神社史料集成（現代）」収録社。,KOKUGAKUIN_MODERN,54382,2
T2M54396,長見神社,ながみじんじゃ,県社,式内社,,,,島根県,,島根県松江市長海町,35.5332472,133.1466250,"https://maps.google.com/?q=35.5332472,133.1466250",,,國學院大學「神道・神社史料集成（現代）」収録社。,KOKUGAKUIN_MODERN,54396,2
T2M54389,阿羅波比神社,あらわいじんじゃ,県社,,,,,島根県,,島根県松江市外中原町,35.4700806,133.0423167,"https://maps.google.com/?q=35.4700806,133.0423167",,,國學院大學「神道・神社史料集成（現代）」収録社。,KOKUGAKUIN_MODERN,54389,2
T2M54404,隠岐神社,おきじんじゃ,県社,,,,,島根県,,島根県隠岐郡海士町海士,36.0957667,133.1012778,"https://maps.google.com/?q=36.0957667,133.1012778",,,國學院大學「神道・神社史料集成（現代）」収録社。,KOKUGAKUIN_MODERN,54404,2
T2M53513,須佐神社,すさじんじゃ,国幣小社,式内社,,,,島根県,,島根県出雲市佐田町須佐,35.2347008,132.7368594,"https://maps.google.com/?q=35.2347008,132.7368594",,,國學院大學「神道・神社史料集成（現代）」収録社。,KOKUGAKUIN_MODERN,53513,2
T2M54374,須我神社,すがじんじゃ,県社,,,,,島根県,,島根県雲南市大東町須賀,35.3542258,133.0315439,"https://maps.google.com/?q=35.3542258,133.0315439",,,國學院大學「神道・神社史料集成（現代）」収録社。,KOKUGAKUIN_MODERN,54374,2
T2M54366,須衛都久神社,すえつぐじんじゃ,県社,,,,,島根県,,島根県松江市西茶町,35.4687389,133.0514389,"https://maps.google.com/?q=35.4687389,133.0514389",,,國學院大學「神道・神社史料集成（現代）」収録社。,KOKUGAKUIN_MODERN,54366,2
T2M54377,飯石神社,いいしじんじゃ,県社,式内社,,,,島根県,,島根県雲南市三刀屋町多久和,35.2523611,132.8712589,"https://maps.google.com/?q=35.2523611,132.8712589",,,國學院大學「神道・神社史料集成（現代）」収録社。,KOKUGAKUIN_MODERN,54377,2
T2M54454,亀山神社,かめやまじんじゃ,県社,,,,,広島県,,広島県呉市清水,34.2415889,132.5688250,"https://maps.google.com/?q=34.2415889,132.5688250",,,國學院大學「神道・神社史料集成（現代）」収録社。,KOKUGAKUIN_MODERN,54454,2
T2M54451,今伊勢内宮・外宮,いまいせないぐう・げぐう,県社,,,,,広島県,,広島県福山市神村町,34.4573528,133.2763194,"https://maps.google.com/?q=34.4573528,133.2763194",,,國學院大學「神道・神社史料集成（現代）」収録社。,KOKUGAKUIN_MODERN,54451,2
T2M54442,備後護国神社,びんごごこくじんじゃ,県社,,,,,広島県,,広島県福山市丸之内,34.4927111,133.3601889,"https://maps.google.com/?q=34.4927111,133.3601889",,,國學院大學「神道・神社史料集成（現代）」収録社。,KOKUGAKUIN_MODERN,54442,2
T2M54446,八幡神社,はちまんじんじゃ,県社,,,,,広島県,,広島県尾道市向島町,34.3982583,133.2025139,"https://maps.google.com/?q=34.3982583,133.2025139",,,國學院大學「神道・神社史料集成（現代）」収録社。,KOKUGAKUIN_MODERN,54446,2
T2M53414,厳島神社,いつくしまじんじゃ,官幣中社,式内社,,,,広島県,,広島県廿日市市宮島,34.2959611,132.3200639,"https://maps.google.com/?q=34.2959611,132.3200639",,,國學院大學「神道・神社史料集成（現代）」収録社。,KOKUGAKUIN_MODERN,53414,2
T2M53525,吉備津神社,きびつじんじゃ,国幣小社,式内社,,,,広島県,,広島県福山市新市町宮内,34.5692769,133.2711822,"https://maps.google.com/?q=34.5692769,133.2711822",,,國學院大學「神道・神社史料集成（現代）」収録社。,KOKUGAKUIN_MODERN,53525,2
T2M54449,和理比賣神社,わりひめじんじゃ,県社,式内社,,,,広島県,,広島県世羅郡世羅町本郷,34.5948069,133.0538869,"https://maps.google.com/?q=34.5948069,133.0538869",,,國學院大學「神道・神社史料集成（現代）」収録社。,KOKUGAKUIN_MODERN,54449,2
T2M54443,和賀神社,わかじんじゃ,県社,,,,,広島県,,広島県竹原市新庄町,34.3826667,132.8915861,"https://maps.google.com/?q=34.3826667,132.8915861",,,國學院大學「神道・神社史料集成（現代）」収録社。,KOKUGAKUIN_MODERN,54443,2
T2M54441,多家神社,たけじんじゃ,県社,式内社,,,,広島県,,広島県安芸郡府中町宮の町,34.3958750,132.5101278,"https://maps.google.com/?q=34.3958750,132.5101278",,,國學院大學「神道・神社史料集成（現代）」収録社。,KOKUGAKUIN_MODERN,54441,2
T2M54453,天別豊姫神社,あめわけとよひめじんじゃ,県社,式内社,,,,広島県,,広島県福山市神辺町川北,34.5389472,133.3840556,"https://maps.google.com/?q=34.5389472,133.3840556",,,國學院大學「神道・神社史料集成（現代）」収録社。,KOKUGAKUIN_MODERN,54453,2
T2M54452,尾崎神社,おざきじんじゃ,県社,,,,,広島県,,広島県広島市安芸区矢野西,34.3521139,132.5341583,"https://maps.google.com/?q=34.3521139,132.5341583",,,國學院大學「神道・神社史料集成（現代）」収録社。,KOKUGAKUIN_MODERN,54452,2
T2M54444,御調八幡宮,みつきはちまんぐう,県社,,,,,広島県,,広島県三原市八幡町宮内,34.4711833,133.0811750,"https://maps.google.com/?q=34.4711833,133.0811750",,,國學院大學「神道・神社史料集成（現代）」収録社。,KOKUGAKUIN_MODERN,54444,2
T2M53440,沼名前神社,ぬなくまじんじゃ,国幣小社,式内社,,,,広島県,,広島県福山市鞆町後地,34.3863111,133.3786056,"https://maps.google.com/?q=34.3863111,133.3786056",,,國學院大學「神道・神社史料集成（現代）」収録社。,KOKUGAKUIN_MODERN,53440,2
T2M54447,甘南備神社,かんなびじんじゃ,県社,式内社,,,,広島県,,広島県府中市出口町,34.5826583,133.2234000,"https://maps.google.com/?q=34.5826583,133.2234000",,,國學院大學「神道・神社史料集成（現代）」収録社。,KOKUGAKUIN_MODERN,54447,2
T2M54448,福山八幡宮,ふくやまはちまんぐう,県社,,,,,広島県,,広島県福山市北吉津町,34.4947972,133.3598917,"https://maps.google.com/?q=34.4947972,133.3598917",,,國學院大學「神道・神社史料集成（現代）」収録社。,KOKUGAKUIN_MODERN,54448,2
T2M54445,糸碕神社,いとざきじんじゃ,県社,,,,,広島県,,広島県三原市糸崎,34.3846917,133.1159389,"https://maps.google.com/?q=34.3846917,133.1159389",,,國學院大學「神道・神社史料集成（現代）」収録社。,KOKUGAKUIN_MODERN,54445,2
T2M54450,素盞鳴神社,すさのおじんじゃ,県社,式内社,,,,広島県,,広島県福山市新市町戸手,34.5526806,133.2793583,"https://maps.google.com/?q=34.5526806,133.2793583",,,國學院大學「神道・神社史料集成（現代）」収録社。,KOKUGAKUIN_MODERN,54450,2
T2M53496,速谷神社,はやたにじんじゃ,国幣中社,式内社,,,,広島県,,広島県廿日市市上平良字堂垣内,34.3593067,132.3084622,"https://maps.google.com/?q=34.3593067,132.3084622",,,國學院大學「神道・神社史料集成（現代）」収録社。,KOKUGAKUIN_MODERN,53496,2
T2M54440,饒津神社,にぎつじんじゃ,県社,,,,,広島県,,広島県広島市東区二葉の里,34.4051833,132.4699306,"https://maps.google.com/?q=34.4051833,132.4699306",,,國學院大學「神道・神社史料集成（現代）」収録社。,KOKUGAKUIN_MODERN,54440,2
T2M54455,高諸神社,たかもろじんじゃ,県社,式内社,,,,広島県,,広島県福山市今津町,34.4482028,133.2442667,"https://maps.google.com/?q=34.4482028,133.2442667",,,國學院大學「神道・神社史料集成（現代）」収録社。,KOKUGAKUIN_MODERN,54455,2
T2M54504,一宮神社,いちのみやじんじゃ,県社,,,,,徳島県,,徳島県徳島市一宮町西丁,34.0378028,134.4627278,"https://maps.google.com/?q=34.0378028,134.4627278",,,國學院大學「神道・神社史料集成（現代）」収録社。,KOKUGAKUIN_MODERN,54504,2
T2M54502,國瑞彦神社,くにたまひこじんじゃ,県社,,,,,徳島県,,徳島県徳島市伊賀町,34.0661639,134.5442917,"https://maps.google.com/?q=34.0661639,134.5442917",,,國學院大學「神道・神社史料集成（現代）」収録社。,KOKUGAKUIN_MODERN,54502,2
T2M54503,大御和神社,おおみわじんじゃ,県社,式内社,,,,徳島県,,徳島県徳島市国府町府中,34.0696861,134.4798139,"https://maps.google.com/?q=34.0696861,134.4798139",,,國學院大學「神道・神社史料集成（現代）」収録社。,KOKUGAKUIN_MODERN,54503,2
T2M53483,大麻比古神社,おおあさひこじんじゃ,国幣中社,式内社,,,,徳島県,,徳島県鳴門市大麻町板東字広塚,34.1708197,134.5025925,"https://maps.google.com/?q=34.1708197,134.5025925",,,國學院大學「神道・神社史料集成（現代）」収録社。,KOKUGAKUIN_MODERN,53483,2
T2M54500,天石門別八倉比賣神社,あめのいわとわけやくらひめじんじゃ,県社,式内社,,,,徳島県,,徳島県徳島市国府町西矢野,34.0557722,134.4650444,"https://maps.google.com/?q=34.0557722,134.4650444",,,國學院大學「神道・神社史料集成（現代）」収録社。,KOKUGAKUIN_MODERN,54500,2
T2M53418,忌部神社,いんべじんじゃ,国幣中社,式内社,,,,徳島県,,徳島県徳島市二軒屋町,34.0602278,134.5456306,"https://maps.google.com/?q=34.0602278,134.5456306",,,國學院大學「神道・神社史料集成（現代）」収録社。,KOKUGAKUIN_MODERN,53418,2
T2M54501,春日神社,かすがじんじゃ,県社,,,,,徳島県,,徳島県徳島市眉山町大滝山,34.0722528,134.5427417,"https://maps.google.com/?q=34.0722528,134.5427417",,,國學院大學「神道・神社史料集成（現代）」収録社。,KOKUGAKUIN_MODERN,54501,2
T2M54505,阿波神社,あわじんじゃ,県社,,,,,徳島県,,徳島県鳴門市大麻町池谷大石,34.1591361,134.5348000,"https://maps.google.com/?q=34.1591361,134.5348000",,,國學院大學「神道・神社史料集成（現代）」収録社。,KOKUGAKUIN_MODERN,54505,2
T2M54807,吹揚神社,ふきあげじんじゃ,県社,,,,,愛媛,,愛媛今治市通町,34.0630000,133.0067500,"https://maps.google.com/?q=34.0630000,133.0067500",,,國學院大學「神道・神社史料集成（現代）」収録社。,KOKUGAKUIN_MODERN,54807,2
T2M54551,一宮神社,いっくじんじゃ,県社,,,,,愛媛県,,愛媛県新居浜市一宮町,33.9615472,133.2794333,"https://maps.google.com/?q=33.9615472,133.2794333",,,國學院大學「神道・神社史料集成（現代）」収録社。,KOKUGAKUIN_MODERN,54551,2
T2M54547,三島神社,みしまじんじゃ,県社,,,,,愛媛県,,愛媛県四国中央市三島宮川,33.9850528,133.5452889,"https://maps.google.com/?q=33.9850528,133.5452889",,,國學院大學「神道・神社史料集成（現代）」収録社。,KOKUGAKUIN_MODERN,54547,2
T2M54558,三島神社,みしまじんじゃ,県社,,,,,愛媛県,,愛媛県八幡浜市保内町宮内,33.4905417,132.3979611,"https://maps.google.com/?q=33.4905417,132.3979611",,,國學院大學「神道・神社史料集成（現代）」収録社。,KOKUGAKUIN_MODERN,54558,2
T2M54561,三島神社,みしまじんじゃ,県社,,,,,愛媛県,,愛媛県西予市宇和町神領,33.3966500,132.5366583,"https://maps.google.com/?q=33.3966500,132.5366583",,,國學院大學「神道・神社史料集成（現代）」収録社。,KOKUGAKUIN_MODERN,54561,2
T2M54540,井手神社,いでじんじゃ,県社,,,,,愛媛県,,愛媛県松山市北立花町,33.8342694,132.7719083,"https://maps.google.com/?q=33.8342694,132.7719083",,,國學院大學「神道・神社史料集成（現代）」収録社。,KOKUGAKUIN_MODERN,54540,2
T2M54522,伊佐爾波神社,いさにわじんじゃ,県社,式内社,,,,愛媛県,,愛媛県松山市桜谷町,33.8507139,132.7888417,"https://maps.google.com/?q=33.8507139,132.7888417",,,國學院大學「神道・神社史料集成（現代）」収録社。,KOKUGAKUIN_MODERN,54522,2
T2M53497,伊曾乃神社,いそのじんじゃ,国幣中社,式内社,,,,愛媛県,,愛媛県西条市中野甲,33.8927922,133.1869903,"https://maps.google.com/?q=33.8927922,133.1869903",,,國學院大學「神道・神社史料集成（現代）」収録社。,KOKUGAKUIN_MODERN,53497,2
T2M54525,伊豫神社,いよじんじゃ,県社,式内社,,,,愛媛県,,愛媛県伊予郡松前町神崎,33.7838972,132.7432750,"https://maps.google.com/?q=33.7838972,132.7432750",,,國學院大學「神道・神社史料集成（現代）」収録社。,KOKUGAKUIN_MODERN,54525,2
T2M54560,伊豫稲荷神社,いよいなりじんじゃ,県社,,,,,愛媛県,,愛媛県伊予市稲荷,33.7399167,132.7037028,"https://maps.google.com/?q=33.7399167,132.7037028",,,國學院大學「神道・神社史料集成（現代）」収録社。,KOKUGAKUIN_MODERN,54560,2
T2M54527,伊豫豆比古命神社,いよずひこのみことじんじゃ,県社,式内社,,,,愛媛県,,愛媛県松山市居相町,33.8092722,132.7709139,"https://maps.google.com/?q=33.8092722,132.7709139",,,國學院大學「神道・神社史料集成（現代）」収録社。,KOKUGAKUIN_MODERN,54527,2
T2M54555,住吉神社,すみよしじんじゃ,県社,,,,,愛媛県,,愛媛県大洲市長浜,33.6092444,132.4775167,"https://maps.google.com/?q=33.6092444,132.4775167",,,國學院大學「神道・神社史料集成（現代）」収録社。,KOKUGAKUIN_MODERN,54555,2
T2M54552,八幡神社,はちまんじんじゃ,県社,,,,,愛媛県,,愛媛県大洲市阿蔵,33.5150444,132.5374361,"https://maps.google.com/?q=33.5150444,132.5374361",,,國學院大學「神道・神社史料集成（現代）」収録社。,KOKUGAKUIN_MODERN,54552,2
T2M54559,八幡神社,はちまんじんじゃ,県社,,,,,愛媛県,,愛媛県八幡浜市,33.4583278,132.4270583,"https://maps.google.com/?q=33.4583278,132.4270583",,,國學院大學「神道・神社史料集成（現代）」収録社。,KOKUGAKUIN_MODERN,54559,2
T2M54566,八幡神社,はちまんじんじゃ,県社,,,,,愛媛県,,愛媛県宇和島市吉田町,33.2925731,132.5423700,"https://maps.google.com/?q=33.2925731,132.5423700",,,國學院大學「神道・神社史料集成（現代）」収録社。,KOKUGAKUIN_MODERN,54566,2
T2M54563,別宮大山祇神社,べっくおおやまずみじんじゃ,県社,,,,,愛媛県,,愛媛県今治市別宮町,34.0688167,132.9952306,"https://maps.google.com/?q=34.0688167,132.9952306",,,國學院大學「神道・神社史料集成（現代）」収録社。,KOKUGAKUIN_MODERN,54563,2
T2M54550,南豫護国神社,なんよごこくじんじゃ,県社,,,,,愛媛県,,愛媛県宇和島市丸之内,33.2188889,132.5634944,"https://maps.google.com/?q=33.2188889,132.5634944",,,國學院大學「神道・神社史料集成（現代）」収録社。,KOKUGAKUIN_MODERN,54550,2
T2M54533,周敷神社,すふじんじゃ,県社,式内社,,,,愛媛県,,愛媛県西条市周布,33.9101806,133.0747806,"https://maps.google.com/?q=33.9101806,133.0747806",,,國學院大學「神道・神社史料集成（現代）」収録社。,KOKUGAKUIN_MODERN,54533,2
T2M54554,和靈神社,われいじんじゃ,県社,,,,,愛媛県,,愛媛県宇和島市和霊町,33.2297944,132.5652833,"https://maps.google.com/?q=33.2297944,132.5652833",,,國學院大學「神道・神社史料集成（現代）」収録社。,KOKUGAKUIN_MODERN,54554,2
T2M54545,國津比古命神社,くにつひこのみことじんじゃ,県社,式内社,,,,愛媛県,,愛媛県松山市八反地,33.9709444,132.7968972,"https://maps.google.com/?q=33.9709444,132.7968972",,,國學院大學「神道・神社史料集成（現代）」収録社。,KOKUGAKUIN_MODERN,54545,2
T2M54531,多伎神社,たきじんじゃ,県社,式内社,,,,愛媛県,,愛媛県今治市古谷,34.0035861,132.9947778,"https://maps.google.com/?q=34.0035861,132.9947778",,,國學院大學「神道・神社史料集成（現代）」収録社。,KOKUGAKUIN_MODERN,54531,2
T2M54564,大山積神社,おおやまづみじんじゃ,県社,,,,,愛媛県,,愛媛県今治市石井町,34.0796500,132.9838722,"https://maps.google.com/?q=34.0796500,132.9838722",,,國學院大學「神道・神社史料集成（現代）」収録社。,KOKUGAKUIN_MODERN,54564,2
T2M54549,大洲神社,おおずじんじゃ,県社,,,,,愛媛県,,愛媛県大洲市大洲神楽山,33.5058500,132.5493972,"https://maps.google.com/?q=33.5058500,132.5493972",,,國學院大學「神道・神社史料集成（現代）」収録社。,KOKUGAKUIN_MODERN,54549,2
T2M54562,大浜八幡大神社,おおはまはちまんだいじんじゃ,県社,,,,,愛媛県,,愛媛県今治市大浜町,34.0994389,132.9818222,"https://maps.google.com/?q=34.0994389,132.9818222",,,國學院大學「神道・神社史料集成（現代）」収録社。,KOKUGAKUIN_MODERN,54562,2
T2M54553,姫坂神社,ひめさかじんじゃ,県社,式内社,,,,愛媛県,,愛媛県今治市宮下町,34.0656639,132.9869472,"https://maps.google.com/?q=34.0656639,132.9869472",,,國學院大學「神道・神社史料集成（現代）」収録社。,KOKUGAKUIN_MODERN,54553,2
T2M54524,宇和津彦神社,うわつひこじんじゃ,県社,,,,,愛媛県,,愛媛県宇和島市大超寺奥,33.2152389,132.5730000,"https://maps.google.com/?q=33.2152389,132.5730000",,,國學院大學「神道・神社史料集成（現代）」収録社。,KOKUGAKUIN_MODERN,54524,2
T2M54567,川上神社,かわかみじんじゃ,県社,,,,,愛媛県,,愛媛県東温市南方,33.7998333,132.9139972,"https://maps.google.com/?q=33.7998333,132.9139972",,,國學院大學「神道・神社史料集成（現代）」収録社。,KOKUGAKUIN_MODERN,54567,2
T2M54532,川之江八幡神社,かわのえはちまんじんじゃ,県社,,,,,愛媛県,,愛媛県四国中央市川之江町,34.0175194,133.5752278,"https://maps.google.com/?q=34.0175194,133.5752278",,,國學院大學「神道・神社史料集成（現代）」収録社。,KOKUGAKUIN_MODERN,54532,2
T2M54534,徳威神社,とくいじんじゃ,県社,,,,,愛媛県,,愛媛県西条市吉田,33.9078700,133.0855789,"https://maps.google.com/?q=33.9078700,133.0855789",,,國學院大學「神道・神社史料集成（現代）」収録社。,KOKUGAKUIN_MODERN,54534,2
T2M54529,日尾八幡神社,ひおはちまんじんじゃ,県社,,,,,愛媛県,,愛媛県松山市鷹子町,33.8161944,132.8081417,"https://maps.google.com/?q=33.8161944,132.8081417",,,國學院大學「神道・神社史料集成（現代）」収録社。,KOKUGAKUIN_MODERN,54529,2
T2M54565,星ヶ岡神社,ほしがおかじんじゃ,県社,,,,,愛媛県,,愛媛県松山市星岡,33.8140917,132.7863944,"https://maps.google.com/?q=33.8140917,132.7863944",,,國學院大學「神道・神社史料集成（現代）」収録社。,KOKUGAKUIN_MODERN,54565,2
T2M54528,村山神社,むらやまじんじゃ,県社,式内社,,,,愛媛県,,愛媛県四国中央市土居町津根,33.9602333,133.4549722,"https://maps.google.com/?q=33.9602333,133.4549722",,,國學院大學「神道・神社史料集成（現代）」収録社。,KOKUGAKUIN_MODERN,54528,2
T2M54530,東雲神社,しののめじんじゃ,県社,,,,,愛媛県,,愛媛県松山市丸之内,33.8449111,132.7708833,"https://maps.google.com/?q=33.8449111,132.7708833",,,國學院大學「神道・神社史料集成（現代）」収録社。,KOKUGAKUIN_MODERN,54530,2
T2M54535,浮嶋神社,うきしまじんじゃ,県社,,,,,愛媛県,,愛媛県東温市牛渕,33.7897694,132.8506056,"https://maps.google.com/?q=33.7897694,132.8506056",,,國學院大學「神道・神社史料集成（現代）」収録社。,KOKUGAKUIN_MODERN,54535,2
T2M54526,湯神社,ゆじんじゃ,県社,式内社,,,,愛媛県,,愛媛県松山市道後湯之町,33.8512556,132.7870750,"https://maps.google.com/?q=33.8512556,132.7870750",,,國學院大學「神道・神社史料集成（現代）」収録社。,KOKUGAKUIN_MODERN,54526,2
T2M54539,石岡神社,いしおかじんじゃ,県社,,,,,愛媛県,,愛媛県西条市氷見,33.9015500,133.1282139,"https://maps.google.com/?q=33.9015500,133.1282139",,,國學院大學「神道・神社史料集成（現代）」収録社。,KOKUGAKUIN_MODERN,54539,2
T2M54557,石清水八幡神社,いわしみずはちまんじんじゃ,県社,,,,,愛媛県,,愛媛県今治市五十嵐,34.0313500,132.9783722,"https://maps.google.com/?q=34.0313500,132.9783722",,,國學院大學「神道・神社史料集成（現代）」収録社。,KOKUGAKUIN_MODERN,54557,2
T2M54523,石鎚神社,いしづちじんじゃ,県社,,,,,愛媛県,,愛媛県西条市西田,33.8893167,133.1546778,"https://maps.google.com/?q=33.8893167,133.1546778",,,國學院大學「神道・神社史料集成（現代）」収録社。,KOKUGAKUIN_MODERN,54523,2
T2M54546,綱敷天満神社,つなしきてんまんじんじゃ,県社,,,,,愛媛県,,愛媛県今治市桜井,34.0196361,133.0425583,"https://maps.google.com/?q=34.0196361,133.0425583",,,國學院大學「神道・神社史料集成（現代）」収録社。,KOKUGAKUIN_MODERN,54546,2
T2M54536,綾延神社,あやのべじんじゃ,県社,,,,,愛媛県,,愛媛県西条市丹原町田野上方,33.8832111,133.0544139,"https://maps.google.com/?q=33.8832111,133.0544139",,,國學院大學「神道・神社史料集成（現代）」収録社。,KOKUGAKUIN_MODERN,54536,2
T2M54541,西條神社,さいじょうじんじゃ,県社,,,,,愛媛県,,愛媛県西条市大町,33.9030056,133.1884444,"https://maps.google.com/?q=33.9030056,133.1884444",,,國學院大學「神道・神社史料集成（現代）」収録社。,KOKUGAKUIN_MODERN,54541,2
T2M54544,野間神社,のまじんじゃ,県社,式内社,,,,愛媛県,,愛媛県今治市神宮,34.0509472,132.9571611,"https://maps.google.com/?q=34.0509472,132.9571611",,,國學院大學「神道・神社史料集成（現代）」収録社。,KOKUGAKUIN_MODERN,54544,2
T2M54548,阿沼美神社,あぬみじんじゃ,県社,式内社,,,,愛媛県,,愛媛県松山市味酒町,33.8461306,132.7564111,"https://maps.google.com/?q=33.8461306,132.7564111",,,國學院大學「神道・神社史料集成（現代）」収録社。,KOKUGAKUIN_MODERN,54548,2
T2M54543,雄郡神社,ゆうぐんじんじゃ,県社,,,,,愛媛県,,愛媛県松山市小栗,33.8265361,132.7578333,"https://maps.google.com/?q=33.8265361,132.7578333",,,國學院大學「神道・神社史料集成（現代）」収録社。,KOKUGAKUIN_MODERN,54543,2
T2M54538,高知八幡神社,こうちはちまんじんじゃ,県社,,,,,愛媛県,,愛媛県西条市丹原町高知,33.9195667,133.0427222,"https://maps.google.com/?q=33.9195667,133.0427222",,,國學院大學「神道・神社史料集成（現代）」収録社。,KOKUGAKUIN_MODERN,54538,2
T2M54542,高繩神社,たかなわじんじゃ,県社,,,,,愛媛県,,愛媛県松山市宮内,33.9513222,132.7882250,"https://maps.google.com/?q=33.9513222,132.7882250",,,國學院大學「神道・神社史料集成（現代）」収録社。,KOKUGAKUIN_MODERN,54542,2
T2M54808,若栗神社八幡宮,わかぐりじんじゃ はちまんぐう,県社,式内社,,,,愛知,,愛知一宮市島村南裏山,35.3450189,136.8145089,"https://maps.google.com/?q=35.3450189,136.8145089",,,國學院大學「神道・神社史料集成（現代）」収録社。,KOKUGAKUIN_MODERN,54808,2
T2M54084,伊多波刀神社,いたはとじんじゃ,県社,式内社,,,,愛知県,,愛知県春日井市上田楽町,35.2763939,136.9551369,"https://maps.google.com/?q=35.2763939,136.9551369",,,國學院大學「神道・神社史料集成（現代）」収録社。,KOKUGAKUIN_MODERN,54084,2
T2M54070,伊富利部神社,いぶりべじんじゃ,県社,式内社,,,,愛知県,,愛知県一宮市木曽川町門間北屋敷,35.3387739,136.7966831,"https://maps.google.com/?q=35.3387739,136.7966831",,,國學院大學「神道・神社史料集成（現代）」収録社。,KOKUGAKUIN_MODERN,54070,2
T2M54055,伊賀八幡宮,いがはちまんぐう,県社,,,,,愛知県,,愛知県岡崎市伊賀町字東郷中,34.9713769,137.1646769,"https://maps.google.com/?q=34.9713769,137.1646769",,,國學院大學「神道・神社史料集成（現代）」収録社。,KOKUGAKUIN_MODERN,54055,2
T2M54048,八幡宮,はちまんぐう,県社,,,,,愛知県,,愛知県豊川市八幡町本郷,34.8381000,137.3398219,"https://maps.google.com/?q=34.8381000,137.3398219",,,國學院大學「神道・神社史料集成（現代）」収録社。,KOKUGAKUIN_MODERN,54048,2
T2M54080,八百富神社,やおとみじんじゃ,県社,,,,,愛知県,,愛知県蒲郡市竹島町,34.8104911,137.2316461,"https://maps.google.com/?q=34.8104911,137.2316461",,,國學院大學「神道・神社史料集成（現代）」収録社。,KOKUGAKUIN_MODERN,54080,2
T2M54057,六所神社,ろくしょじんじゃ,県社,,,,,愛知県,,愛知県岡崎市明大寺町耳取,34.9494700,137.1683381,"https://maps.google.com/?q=34.9494700,137.1683381",,,國學院大學「神道・神社史料集成（現代）」収録社。,KOKUGAKUIN_MODERN,54057,2
T2M54062,六所神社,ろくしょじんじゃ,県社,,,,,愛知県,,愛知県豊田市坂上町地蔵堂,35.0638111,137.2706539,"https://maps.google.com/?q=35.0638111,137.2706539",,,國學院大學「神道・神社史料集成（現代）」収録社。,KOKUGAKUIN_MODERN,54062,2
T2M54047,内々神社,うつつじんじゃ,県社,式内社,,,,愛知県,,愛知県春日井市内津町,35.3258531,137.0613339,"https://maps.google.com/?q=35.3258531,137.0613339",,,國學院大學「神道・神社史料集成（現代）」収録社。,KOKUGAKUIN_MODERN,54047,2
T2M54072,前利神社,さきとじんじゃ,県社,式内社,,,,愛知県,,愛知県丹羽郡扶桑町斎藤宮添,35.3559050,136.9066211,"https://maps.google.com/?q=35.3559050,136.9066211",,,國學院大學「神道・神社史料集成（現代）」収録社。,KOKUGAKUIN_MODERN,54072,2
T2M54063,吉田神社,よしだじんじゃ,県社,,,,,愛知県,,愛知県豊橋市関屋町,34.7701939,137.3899231,"https://maps.google.com/?q=34.7701939,137.3899231",,,國學院大學「神道・神社史料集成（現代）」収録社。,KOKUGAKUIN_MODERN,54063,2
T2M54073,坂手神社,さかてじんじゃ,県社,式内社,,,,愛知県,,愛知県一宮市佐千原宮東,35.3293331,136.8138489,"https://maps.google.com/?q=35.3293331,136.8138489",,,國學院大學「神道・神社史料集成（現代）」収録社。,KOKUGAKUIN_MODERN,54073,2
T2M54076,堤治神社,つつみはりじんじゃ,県社,式内社,,,,愛知県,,愛知県尾西市小信中島宮浦,35.3200689,136.7443211,"https://maps.google.com/?q=35.3200689,136.7443211",,,國學院大學「神道・神社史料集成（現代）」収録社。,KOKUGAKUIN_MODERN,54076,2
T2M53495,大縣神社,おおあがたじんじゃ,国幣中社,式内社,,,,愛知県,,愛知県犬山市字宮山,35.3300306,136.9670006,"https://maps.google.com/?q=35.3300306,136.9670006",,,國學院大學「神道・神社史料集成（現代）」収録社。,KOKUGAKUIN_MODERN,53495,2
T2M54065,安久美神戸神明社,あくみかんべしんめいしゃ,県社,,,,,愛知県,,愛知県豊橋市八町通,34.7680439,137.3946681,"https://maps.google.com/?q=34.7680439,137.3946681",,,國學院大學「神道・神社史料集成（現代）」収録社。,KOKUGAKUIN_MODERN,54065,2
T2M54060,寺津八幡社,てらづはちまんしゃ,県社,,,,,愛知県,,愛知県西尾市寺津町西市場,34.8414489,137.0139719,"https://maps.google.com/?q=34.8414489,137.0139719",,,國學院大學「神道・神社史料集成（現代）」収録社。,KOKUGAKUIN_MODERN,54060,2
T2M53530,尾張大國霊神社,おわりおおくにたまじんじゃ,国幣小社,式内社,,,,愛知県,,愛知県稲沢市国府宮,35.2558175,136.8055183,"https://maps.google.com/?q=35.2558175,136.8055183",,,國學院大學「神道・神社史料集成（現代）」収録社。,KOKUGAKUIN_MODERN,53530,2
T2M54061,尾陽神社,びようじんじゃ,県社,,,,,愛知県,,愛知県名古屋市昭和区御器所,35.1478019,136.9214731,"https://maps.google.com/?q=35.1478019,136.9214731",,,國學院大學「神道・神社史料集成（現代）」収録社。,KOKUGAKUIN_MODERN,54061,2
T2M54074,川原神社,かわはらじんじゃ,県社,式内社,,,,愛知県,,愛知県名古屋市昭和区川名本町,35.1513981,136.9446200,"https://maps.google.com/?q=35.1513981,136.9446200",,,國學院大學「神道・神社史料集成（現代）」収録社。,KOKUGAKUIN_MODERN,54074,2
T2M54051,巴江神社,はこうじんじゃ,県社,,,,,愛知県,,愛知県田原市田原町巴江,34.6740350,137.2699319,"https://maps.google.com/?q=34.6740350,137.2699319",,,國學院大學「神道・神社史料集成（現代）」収録社。,KOKUGAKUIN_MODERN,54051,2
T2M54058,幡頭神社,はずじんじゃ,県社,式内社,,,,愛知県,,愛知県西尾市吉良町宮崎宮前,34.7780531,137.0874561,"https://maps.google.com/?q=34.7780531,137.0874561",,,國學院大學「神道・神社史料集成（現代）」収録社。,KOKUGAKUIN_MODERN,54058,2
T2M54066,形原神社,かたのはらじんじゃ,県社,式内社,,,,愛知県,,愛知県蒲郡市形原町八ヶ峰,34.8026289,137.1750861,"https://maps.google.com/?q=34.8026289,137.1750861",,,國學院大學「神道・神社史料集成（現代）」収録社。,KOKUGAKUIN_MODERN,54066,2
T2M54049,御津神社,みとじんじゃ,県社,式内社,,,,愛知県,,愛知県豊川市御津町広石祓田,34.8225361,137.3111681,"https://maps.google.com/?q=34.8225361,137.3111681",,,國學院大學「神道・神社史料集成（現代）」収録社。,KOKUGAKUIN_MODERN,54049,2
T2M54083,御裳神社,みもじんじゃ,県社,,,,,愛知県,,愛知県尾西市三条宮西,35.2994489,136.7527700,"https://maps.google.com/?q=35.2994489,136.7527700",,,國學院大學「神道・神社史料集成（現代）」収録社。,KOKUGAKUIN_MODERN,54083,2
T2M54077,成海神社,なるみじんじゃ,県社,式内社,,,,愛知県,,愛知県名古屋市緑区鳴海町乙子山,35.0864381,136.9532381,"https://maps.google.com/?q=35.0864381,136.9532381",,,國學院大學「神道・神社史料集成（現代）」収録社。,KOKUGAKUIN_MODERN,54077,2
T2M54078,日吉神社,ひよしじんじゃ,県社,,,,,愛知県,,愛知県清須市清洲,35.2101931,136.8428331,"https://maps.google.com/?q=35.2101931,136.8428331",,,國學院大學「神道・神社史料集成（現代）」収録社。,KOKUGAKUIN_MODERN,54078,2
T2M54044,東照宮,とうしょうぐう,県社,,,,,愛知県,,愛知県名古屋市中区丸の内,35.1774700,136.8993100,"https://maps.google.com/?q=35.1774700,136.8993100",,,國學院大學「神道・神社史料集成（現代）」収録社。,KOKUGAKUIN_MODERN,54044,2
T2M54071,櫻井神社,さくらいじんじゃ,県社,,,,,愛知県,,愛知県安城市桜井町桜林,34.9262550,137.0967281,"https://maps.google.com/?q=34.9262550,137.0967281",,,國學院大學「神道・神社史料集成（現代）」収録社。,KOKUGAKUIN_MODERN,54071,2
T2M53518,津島神社,つしまじんじゃ,国幣小社,,,,,愛知県,,愛知県津島市神明町,35.1781492,136.7186656,"https://maps.google.com/?q=35.1781492,136.7186656",,,國學院大學「神道・神社史料集成（現代）」収録社。,KOKUGAKUIN_MODERN,53518,2
T2M54081,深川神社,ふかがわじんじゃ,県社,式内社,,,,愛知県,,愛知県瀬戸市深川町,35.2279311,137.1026669,"https://maps.google.com/?q=35.2279311,137.1026669",,,國學院大學「神道・神社史料集成（現代）」収録社。,KOKUGAKUIN_MODERN,54081,2
T2M53374,熱田神宮,あつたじんぐう,官幣大社,式内社,,,,愛知県,,愛知県名古屋市熱田区神宮,35.1269028,136.9087056,"https://maps.google.com/?q=35.1269028,136.9087056",,,國學院大學「神道・神社史料集成（現代）」収録社。,KOKUGAKUIN_MODERN,53374,2
T2M54069,片山八幡神社,かたやまはちまんじんじゃ,県社,,,,,愛知県,,愛知県名古屋市東区徳川,35.1864269,136.9293850,"https://maps.google.com/?q=35.1864269,136.9293850",,,國學院大學「神道・神社史料集成（現代）」収録社。,KOKUGAKUIN_MODERN,54069,2
T2M54042,猿投神社,さなげじんじゃ,県社,式内社,,,,愛知県,,愛知県豊田市猿投町大城,35.1751500,137.1774581,"https://maps.google.com/?q=35.1751500,137.1774581",,,國學院大學「神道・神社史料集成（現代）」収録社。,KOKUGAKUIN_MODERN,54042,2
T2M54043,知立神社,ちりゅうじんじゃ,県社,式内社,,,,愛知県,,愛知県知立市西町神田,35.0130189,137.0407319,"https://maps.google.com/?q=35.0130189,137.0407319",,,國學院大學「神道・神社史料集成（現代）」収録社。,KOKUGAKUIN_MODERN,54043,2
T2M54075,石刀神社,いわとじんじゃ,県社,式内社,,,,愛知県,,愛知県一宮市今伊勢町馬寄石刀,35.3278750,136.7972250,"https://maps.google.com/?q=35.3278750,136.7972250",,,國學院大學「神道・神社史料集成（現代）」収録社。,KOKUGAKUIN_MODERN,54075,2
T2M54068,石座神社,いわくらじんじゃ,県社,式内社,,,,愛知県,,愛知県新城市大宮狐塚,34.9258369,137.5196939,"https://maps.google.com/?q=34.9258369,137.5196939",,,國學院大學「神道・神社史料集成（現代）」収録社。,KOKUGAKUIN_MODERN,54068,2
T2M54052,神前神社,かみさきじんじゃ,県社,,,,,愛知県,,愛知県半田市亀崎町,34.9183861,136.9706831,"https://maps.google.com/?q=34.9183861,136.9706831",,,國學院大學「神道・神社史料集成（現代）」収録社。,KOKUGAKUIN_MODERN,54052,2
T2M54079,神明大一社,しんめいたいいちしゃ,県社,,,,,愛知県,,愛知県岩倉市中本町西出口,35.2807931,136.8744319,"https://maps.google.com/?q=35.2807931,136.8744319",,,國學院大學「神道・神社史料集成（現代）」収録社。,KOKUGAKUIN_MODERN,54079,2
T2M54064,總社,そうじゃ,県社,,,,,愛知県,,愛知県豊川市白鳥町上郷中,34.8359269,137.3332461,"https://maps.google.com/?q=34.8359269,137.3332461",,,國學院大學「神道・神社史料集成（現代）」収録社。,KOKUGAKUIN_MODERN,54064,2
T2M54046,若宮八幡宮,わかみやはちまんぐう,県社,,,,,愛知県,,愛知県名古屋市中区栄,35.1632269,136.9034031,"https://maps.google.com/?q=35.1632269,136.9034031",,,國學院大學「神道・神社史料集成（現代）」収録社。,KOKUGAKUIN_MODERN,54046,2
T2M54056,菟足神社,うたりじんじゃ,県社,式内社,,,,愛知県,,愛知県豊川市小坂井町宮脇,34.7973011,137.3658831,"https://maps.google.com/?q=34.7973011,137.3658831",,,國學院大學「神道・神社史料集成（現代）」収録社。,KOKUGAKUIN_MODERN,54056,2
T2M54059,藤島神社,ふじしまじんじゃ,県社,式内社,,,,愛知県,,愛知県あま市七宝町秋竹柏田,35.1740450,136.8061350,"https://maps.google.com/?q=35.1740450,136.8061350",,,國學院大學「神道・神社史料集成（現代）」収録社。,KOKUGAKUIN_MODERN,54059,2
T2M54067,賀茂神社,かもじんじゃ,県社,,,,,愛知県,,愛知県豊橋市賀茂町神山,34.8394250,137.4452361,"https://maps.google.com/?q=34.8394250,137.4452361",,,國學院大學「神道・神社史料集成（現代）」収録社。,KOKUGAKUIN_MODERN,54067,2
T2M54054,赤日子神社,あかひこじんじゃ,県社,式内社,,,,愛知県,,愛知県蒲郡市神ノ郷町森,34.8410631,137.2260911,"https://maps.google.com/?q=34.8410631,137.2260911",,,國學院大學「神道・神社史料集成（現代）」収録社。,KOKUGAKUIN_MODERN,54054,2
T2M54045,那古野神社,なごやじんじゃ,県社,,,,,愛知県,,愛知県名古屋市中区丸の内,35.1773381,136.8997661,"https://maps.google.com/?q=35.1773381,136.8997661",,,國學院大學「神道・神社史料集成（現代）」収録社。,KOKUGAKUIN_MODERN,54045,2
T2M54082,酒見神社,さかみじんじゃ,県社,式内社,,,,愛知県,,愛知県一宮市今伊勢町本神戸宮山,35.3159089,136.7952861,"https://maps.google.com/?q=35.3159089,136.7952861",,,國學院大學「神道・神社史料集成（現代）」収録社。,KOKUGAKUIN_MODERN,54082,2
T2M54050,針綱神社,はりつなじんじゃ,県社,式内社,,,,愛知県,,愛知県犬山市犬山北古券,35.3872311,136.9398161,"https://maps.google.com/?q=35.3872311,136.9398161",,,國學院大學「神道・神社史料集成（現代）」収録社。,KOKUGAKUIN_MODERN,54050,2
T2M54053,龍城神社,たつきじんじゃ,県社,,,,,愛知県,,愛知県岡崎市康生町,34.9561800,137.1590819,"https://maps.google.com/?q=34.9561800,137.1590819",,,國學院大學「神道・神社史料集成（現代）」収録社。,KOKUGAKUIN_MODERN,54053,2
T2M54810,大山祇神社,おおやまづみじんじゃ,県社,,,,,新潟,,新潟佐渡市相川下山之神町,38.0384800,138.2426081,"https://maps.google.com/?q=38.0384800,138.2426081",,,國學院大學「神道・神社史料集成（現代）」収録社。,KOKUGAKUIN_MODERN,54810,2
T2M53829,三島神社,みしまじんじゃ,県社,式内社,,,,新潟県,,新潟県柏崎市剣野町,37.3554150,138.5493989,"https://maps.google.com/?q=37.3554150,138.5493989",,,國學院大學「神道・神社史料集成（現代）」収録社。,KOKUGAKUIN_MODERN,53829,2
T2M53840,五十嵐神社,いがらしじんじゃ,県社,式内社,,,,新潟県,,新潟県三条市飯田,37.5739789,139.0486500,"https://maps.google.com/?q=37.5739789,139.0486500",,,國學院大學「神道・神社史料集成（現代）」収録社。,KOKUGAKUIN_MODERN,53840,2
T2M53826,大幡神社,おおはたじんじゃ,県社,式内社,,,,新潟県,,新潟県佐渡市大倉,38.2335031,138.3922650,"https://maps.google.com/?q=38.2335031,138.3922650",,,國學院大學「神道・神社史料集成（現代）」収録社。,KOKUGAKUIN_MODERN,53826,2
T2M53849,天津神社,あまつじんじゃ,県社,式内社,,,,新潟県,,新潟県糸魚川市一の宮,37.0400700,137.8642850,"https://maps.google.com/?q=37.0400700,137.8642850",,,國學院大學「神道・神社史料集成（現代）」収録社。,KOKUGAKUIN_MODERN,53849,2
T2M53843,平潟神社,ひらかたじんじゃ,県社,,,,,新潟県,,新潟県長岡市表町,37.4468950,138.8456250,"https://maps.google.com/?q=37.4468950,138.8456250",,,國學院大學「神道・神社史料集成（現代）」収録社。,KOKUGAKUIN_MODERN,53843,2
T2M53403,彌彦神社,いやひこじんじゃ,国幣中社,式内社,,,,新潟県,,新潟県西蒲原郡弥彦村弥彦,37.7065139,138.8263083,"https://maps.google.com/?q=37.7065139,138.8263083",,,國學院大學「神道・神社史料集成（現代）」収録社。,KOKUGAKUIN_MODERN,53403,2
T2M53847,日枝神社,ひえじんじゃ,県社,,,,,新潟県,,新潟県上越市寺町,37.1135939,138.2412731,"https://maps.google.com/?q=37.1135939,138.2412731",,,國學院大學「神道・神社史料集成（現代）」収録社。,KOKUGAKUIN_MODERN,53847,2
T2M53835,春日山神社,かすがやまじんじゃ,県社,,,,,新潟県,,新潟県上越市中屋敷,37.1473919,138.2090569,"https://maps.google.com/?q=37.1473919,138.2090569",,,國學院大學「神道・神社史料集成（現代）」収録社。,KOKUGAKUIN_MODERN,53835,2
T2M53834,榊神社,さかきじんじゃ,県社,,,,,新潟県,,新潟県上越市大手町,37.1079919,138.2494400,"https://maps.google.com/?q=37.1079919,138.2494400",,,國學院大學「神道・神社史料集成（現代）」収録社。,KOKUGAKUIN_MODERN,53834,2
T2M53848,江野神社,えのじんじゃ,県社,式内社,,,,新潟県,,新潟県上越市名立区名立大町,37.1583711,138.0867800,"https://maps.google.com/?q=37.1583711,138.0867800",,,國學院大學「神道・神社史料集成（現代）」収録社。,KOKUGAKUIN_MODERN,53848,2
T2M53845,熱串彦神社,あつくしひこじんじゃ,県社,式内社,,,,新潟県,,新潟県佐渡市長江,38.0723900,138.4079211,"https://maps.google.com/?q=38.0723900,138.4079211",,,國學院大學「神道・神社史料集成（現代）」収録社。,KOKUGAKUIN_MODERN,53845,2
T2M53832,物部神社,もののべじんじゃ,県社,式内社,,,,新潟県,,新潟県佐渡市小倉乙,37.9636150,138.4310569,"https://maps.google.com/?q=37.9636150,138.4310569",,,國學院大學「神道・神社史料集成（現代）」収録社。,KOKUGAKUIN_MODERN,53832,2
T2M53841,物部神社,もののべじんじゃ,県社,式内社,,,,新潟県,,新潟県柏崎市西山町二田,37.4540200,138.6751231,"https://maps.google.com/?q=37.4540200,138.6751231",,,國學院大學「神道・神社史料集成（現代）」収録社。,KOKUGAKUIN_MODERN,53841,2
T2M53839,白山神社,はくさんじんじゃ,県社,,,,,新潟県,,新潟県新潟市中央区一番堀通町,37.9155289,139.0377011,"https://maps.google.com/?q=37.9155289,139.0377011",,,國學院大學「神道・神社史料集成（現代）」収録社。,KOKUGAKUIN_MODERN,53839,2
T2M53833,眞野宮,まのぐう,県社,,,,,新潟県,,新潟県佐渡市真野,37.9552150,138.3457819,"https://maps.google.com/?q=37.9552150,138.3457819",,,國學院大學「神道・神社史料集成（現代）」収録社。,KOKUGAKUIN_MODERN,53833,2
T2M53824,石船神社,いわふねじんじゃ,県社,式内社,,,,新潟県,,新潟県村上市岩船三日市,38.1962931,139.4321981,"https://maps.google.com/?q=38.1962931,139.4321981",,,國學院大學「神道・神社史料集成（現代）」収録社。,KOKUGAKUIN_MODERN,53824,2
T2M53850,菅原神社,すがはらじんじゃ,県社,式内社,,,,新潟県,,新潟県上越市清里区菅原,37.0740650,138.3268669,"https://maps.google.com/?q=37.0740650,138.3268669",,,國學院大學「神道・神社史料集成（現代）」収録社。,KOKUGAKUIN_MODERN,53850,2
T2M53844,蒼柴神社,あおしじんじゃ,県社,,,,,新潟県,,新潟県長岡市悠久町,37.4324131,138.8826500,"https://maps.google.com/?q=37.4324131,138.8826500",,,國學院大學「神道・神社史料集成（現代）」収録社。,KOKUGAKUIN_MODERN,53844,2
T2M53836,藤基神社,ふじもとじんじゃ,県社,,,,,新潟県,,新潟県村上市三之町,38.2208939,139.4791361,"https://maps.google.com/?q=38.2208939,139.4791361",,,國學院大學「神道・神社史料集成（現代）」収録社。,KOKUGAKUIN_MODERN,53836,2
T2M53851,西奈彌神社,せなみじんじゃ,県社,式内社,,,,新潟県,,新潟県村上市瀬波浜町,38.2321781,139.4516569,"https://maps.google.com/?q=38.2321781,139.4516569",,,國學院大學「神道・神社史料集成（現代）」収録社。,KOKUGAKUIN_MODERN,53851,2
T2M53842,西奈彌羽黒神社,せなみはぐろじんじゃ,県社,式内社,,,,新潟県,,新潟県村上市羽黒町,38.2175231,139.4784331,"https://maps.google.com/?q=38.2175231,139.4784331",,,國學院大學「神道・神社史料集成（現代）」収録社。,KOKUGAKUIN_MODERN,53842,2
T2M53837,豊田神社,とよたじんじゃ,県社,,,,,新潟県,,新潟県新発田市五十公野,37.9306400,139.3540731,"https://maps.google.com/?q=37.9306400,139.3540731",,,國學院大學「神道・神社史料集成（現代）」収録社。,KOKUGAKUIN_MODERN,53837,2
T2M53828,金峯神社,きんぷじんじゃ,県社,式内社,,,,新潟県,,新潟県長岡市西蔵王,37.4665489,138.8504261,"https://maps.google.com/?q=37.4665489,138.8504261",,,國學院大學「神道・神社史料集成（現代）」収録社。,KOKUGAKUIN_MODERN,53828,2
T2M53846,関山神社,せきやまじんじゃ,県社,式内社,,,,新潟県,,新潟県妙高市関山,36.9337689,138.2136750,"https://maps.google.com/?q=36.9337689,138.2136750",,,國學院大學「神道・神社史料集成（現代）」収録社。,KOKUGAKUIN_MODERN,53846,2
T2M53825,青海神社,あおみじんじゃ,県社,式内社,,,,新潟県,,新潟県加茂市加茂,37.6567769,139.0537239,"https://maps.google.com/?q=37.6567769,139.0537239",,,國學院大學「神道・神社史料集成（現代）」収録社。,KOKUGAKUIN_MODERN,53825,2
T2M53838,青海神社,おうみじんじゃ,県社,式内社,,,,新潟県,,新潟県糸魚川市青海,37.0199700,137.7969189,"https://maps.google.com/?q=37.0199700,137.7969189",,,國學院大學「神道・神社史料集成（現代）」収録社。,KOKUGAKUIN_MODERN,53838,2
T2M53830,魚沼神社,うおぬまじんじゃ,県社,式内社,,,,新潟県,,新潟県小千谷市土川,37.3050181,138.7878719,"https://maps.google.com/?q=37.3050181,138.7878719",,,國學院大學「神道・神社史料集成（現代）」収録社。,KOKUGAKUIN_MODERN,53830,2
T2M53802,上野東照宮,うえのとうしょうぐう,府社,,,,,東京都,,東京都台東区上野公園,35.7153681,139.7707861,"https://maps.google.com/?q=35.7153681,139.7707861",,,國學院大學「神道・神社史料集成（現代）」収録社。,KOKUGAKUIN_MODERN,53802,2
T2M53811,乃木神社,のぎじんじゃ,府社,,,,,東京都,,東京都港区赤坂,35.6687650,139.7279700,"https://maps.google.com/?q=35.6687650,139.7279700",,,國學院大學「神道・神社史料集成（現代）」収録社。,KOKUGAKUIN_MODERN,53811,2
T2M53800,亀戸天神社,かめいどてんじんしゃ,府社,,,,,東京都,,東京都江東区亀戸,35.7028819,139.8206619,"https://maps.google.com/?q=35.7028819,139.8206619",,,國學院大學「神道・神社史料集成（現代）」収録社。,KOKUGAKUIN_MODERN,53800,2
T2M53498,大國魂神社,おおくにたまじんじゃ,官幣小社,,,,,東京都,,東京都府中市宮町,35.6676803,139.4789806,"https://maps.google.com/?q=35.6676803,139.4789806",,,國學院大學「神道・神社史料集成（現代）」収録社。,KOKUGAKUIN_MODERN,53498,2
T2M53814,大宮八幡宮,おおみやはちまんぐう,府社,,,,,東京都,,東京都杉並区大宮,35.6824069,139.6398761,"https://maps.google.com/?q=35.6824069,139.6398761",,,國學院大學「神道・神社史料集成（現代）」収録社。,KOKUGAKUIN_MODERN,53814,2
T2M53803,富岡八幡宮,とみおかはちまんぐう,府社,,,,,東京都,,東京都江東区富岡,35.6717639,139.7995339,"https://maps.google.com/?q=35.6717639,139.7995339",,,國學院大學「神道・神社史料集成（現代）」収録社。,KOKUGAKUIN_MODERN,53803,2
T2M53801,新田神社,にったじんじゃ,府社,,,,,東京都,,東京都大田区矢口,35.5657939,139.6913711,"https://maps.google.com/?q=35.5657939,139.6913711",,,國學院大學「神道・神社史料集成（現代）」収録社。,KOKUGAKUIN_MODERN,53801,2
T2M53460,日枝神社,ひえじんじゃ,官幣大社,,,,,東京都,,東京都千代田区永田町,35.6746919,139.7397933,"https://maps.google.com/?q=35.6746919,139.7397933",,,國學院大學「神道・神社史料集成（現代）」収録社。,KOKUGAKUIN_MODERN,53460,2
T2M53813,東郷神社,とうごうじんじゃ,府社,,,,,東京都,,東京都渋谷区神宮前,35.6716200,139.7058200,"https://maps.google.com/?q=35.6716200,139.7058200",,,國學院大學「神道・神社史料集成（現代）」収録社。,KOKUGAKUIN_MODERN,53813,2
T2M53812,松陰神社,しょういんじんじゃ,府社,,,,,東京都,,東京都世田谷区若林,35.6471531,139.6561081,"https://maps.google.com/?q=35.6471531,139.6561081",,,國學院大學「神道・神社史料集成（現代）」収録社。,KOKUGAKUIN_MODERN,53812,2
T2M53810,根津神社,ねづじんじゃ,府社,,,,,東京都,,東京都文京区根津,35.7200889,139.7607389,"https://maps.google.com/?q=35.7200889,139.7607389",,,國學院大學「神道・神社史料集成（現代）」収録社。,KOKUGAKUIN_MODERN,53810,2
T2M53804,武蔵御獄神社,むさしみたけじんじゃ,府社,,,,,東京都,,東京都青梅市御岳山,35.7828131,139.1500689,"https://maps.google.com/?q=35.7828131,139.1500689",,,國學院大學「神道・神社史料集成（現代）」収録社。,KOKUGAKUIN_MODERN,53804,2
T2M53806,氷川神社,ひかわじんじゃ,府社,,,,,東京都,,東京都港区赤坂,35.6681639,139.7355981,"https://maps.google.com/?q=35.6681639,139.7355981",,,國學院大學「神道・神社史料集成（現代）」収録社。,KOKUGAKUIN_MODERN,53806,2
T2M53807,湯島天満宮,ゆしまてんまんぐう,府社,,,,,東京都,,東京都文京区湯島,35.7076319,139.7681681,"https://maps.google.com/?q=35.7076319,139.7681681",,,國學院大學「神道・神社史料集成（現代）」収録社。,KOKUGAKUIN_MODERN,53807,2
T2M53805,物忌奈命神社,ものいみなのみことじんじゃ,府社,式内社,,,,東京都,,東京都神津島村,34.2085150,139.1346361,"https://maps.google.com/?q=34.2085150,139.1346361",,,國學院大學「神道・神社史料集成（現代）」収録社。,KOKUGAKUIN_MODERN,53805,2
T2M53797,神田神社,かんだじんじゃ,府社,,,,,東京都,,東京都千代田区外神田,35.7018731,139.7677819,"https://maps.google.com/?q=35.7018731,139.7677819",,,國學院大學「神道・神社史料集成（現代）」収録社。,KOKUGAKUIN_MODERN,53797,2
T2M53798,芝大神宮,しばだいじんぐう,府社,,,,,東京都,,東京都港区芝大門,35.6576119,139.7532181,"https://maps.google.com/?q=35.6576119,139.7532181",,,國學院大學「神道・神社史料集成（現代）」収録社。,KOKUGAKUIN_MODERN,53798,2
T2M53808,谷保天満宮,やぼてんまんぐう,府社,,,,,東京都,,東京都国立市谷保,35.6801019,139.4436800,"https://maps.google.com/?q=35.6801019,139.4436800",,,國學院大學「神道・神社史料集成（現代）」収録社。,KOKUGAKUIN_MODERN,53808,2
T2M53799,金刀比羅宮,ことひらぐう,府社,,,,,東京都,,東京都港区虎ノ門,35.6696669,139.7481131,"https://maps.google.com/?q=35.6696669,139.7481131",,,國學院大學「神道・神社史料集成（現代）」収録社。,KOKUGAKUIN_MODERN,53799,2
T2M53809,阿波命神社,あわのみことじんじゃ,府社,式内社,,,,東京都,,東京都神津島村,34.2292681,139.1393781,"https://maps.google.com/?q=34.2292681,139.1393781",,,國學院大學「神道・神社史料集成（現代）」収録社。,KOKUGAKUIN_MODERN,53809,2
T2M53541,靖國神社,やすくにじんじゃ,別格官幣社,,,,,東京都,,東京都千代田区九段北,35.6941689,139.7432586,"https://maps.google.com/?q=35.6941689,139.7432586",,,國學院大學「神道・神社史料集成（現代）」収録社。,KOKUGAKUIN_MODERN,53541,2
T2M53735,乃木神社,のぎじんじゃ,県社,,,,,栃木県,,栃木県那須塩原市石林,36.8875200,140.0027439,"https://maps.google.com/?q=36.8875200,140.0027439",,,國學院大學「神道・神社史料集成（現代）」収録社。,KOKUGAKUIN_MODERN,53735,2
T2M53395,二荒山神社,ふたあらやまじんじゃ,国幣中社,式内社,,,,栃木県,,栃木県宇都宮市馬場通り,36.5623639,139.8858333,"https://maps.google.com/?q=36.5623639,139.8858333",,,國學院大學「神道・神社史料集成（現代）」収録社。,KOKUGAKUIN_MODERN,53395,2
T2M53480,二荒山神社,ふたらさんじんじゃ,国幣中社,式内社,,,,栃木県,,栃木県日光市山内,36.7583514,139.5964158,"https://maps.google.com/?q=36.7583514,139.5964158",,,國學院大學「神道・神社史料集成（現代）」収録社。,KOKUGAKUIN_MODERN,53480,2
T2M53736,今宮神社,いまみやじんじゃ,県社,,,,,栃木県,,栃木県鹿沼市今宮町,36.5666161,139.7459031,"https://maps.google.com/?q=36.5666161,139.7459031",,,國學院大學「神道・神社史料集成（現代）」収録社。,KOKUGAKUIN_MODERN,53736,2
T2M53732,八幡宮,はちまんぐう,県社,,,,,栃木県,,栃木県足利市八幡町,36.3239100,139.4358561,"https://maps.google.com/?q=36.3239100,139.4358561",,,國學院大學「神道・神社史料集成（現代）」収録社。,KOKUGAKUIN_MODERN,53732,2
T2M53734,加蘇山神社,かそやまじんじゃ,県社,,,,,栃木県,,栃木県鹿沼市上久我,36.5993581,139.5977189,"https://maps.google.com/?q=36.5993581,139.5977189",,,國學院大學「神道・神社史料集成（現代）」収録社。,KOKUGAKUIN_MODERN,53734,2
T2M53552,唐澤山神社,からさわやまじんじゃ,別格官幣社,,,,,栃木県,,栃木県佐野市富士町,36.3536333,139.6008414,"https://maps.google.com/?q=36.3536333,139.6008414",,,國學院大學「神道・神社史料集成（現代）」収録社。,KOKUGAKUIN_MODERN,53552,2
T2M53727,喜久澤神社,きくさわじんじゃ,県社,,,,,栃木県,,栃木県鹿沼市見野,36.6072019,139.7197889,"https://maps.google.com/?q=36.6072019,139.7197889",,,國學院大學「神道・神社史料集成（現代）」収録社。,KOKUGAKUIN_MODERN,53727,2
T2M53731,報徳二宮神社,ほうとくにのみやじんじゃ,県社,,,,,栃木県,,栃木県日光市今市,36.7254619,139.6894350,"https://maps.google.com/?q=36.7254619,139.6894350",,,國學院大學「神道・神社史料集成（現代）」収録社。,KOKUGAKUIN_MODERN,53731,2
T2M53729,大前神社,おおさきじんじゃ,県社,式内社,,,,栃木県,,栃木県真岡市東郷,36.4491950,140.0261700,"https://maps.google.com/?q=36.4491950,140.0261700",,,國學院大學「神道・神社史料集成（現代）」収録社。,KOKUGAKUIN_MODERN,53729,2
T2M53733,大神神社,おおみわじんじゃ,県社,式内社,,,,栃木県,,栃木県栃木市惣社町,36.4058019,139.7821989,"https://maps.google.com/?q=36.4058019,139.7821989",,,國學院大學「神道・神社史料集成（現代）」収録社。,KOKUGAKUIN_MODERN,53733,2
T2M53730,太平山神社,おおひらさんじんじゃ,県社,式内社,,,,栃木県,,栃木県栃木市平井町,36.3625911,139.6932919,"https://maps.google.com/?q=36.3625911,139.6932919",,,國學院大學「神道・神社史料集成（現代）」収録社。,KOKUGAKUIN_MODERN,53730,2
T2M53738,朝日森天満宮,あさひもりてんまんぐう,県社,,,,,栃木県,,栃木県佐野市天神町,36.3210450,139.5737731,"https://maps.google.com/?q=36.3210450,139.5737731",,,國學院大學「神道・神社史料集成（現代）」収録社。,KOKUGAKUIN_MODERN,53738,2
T2M53533,東照宮,とうしょうぐう,別格官幣社,,,,,栃木県,,栃木県日光市山内,36.7579108,139.5988244,"https://maps.google.com/?q=36.7579108,139.5988244",,,國學院大學「神道・神社史料集成（現代）」収録社。,KOKUGAKUIN_MODERN,53533,2
T2M53726,神明宮,しんめいぐう,県社,,,,,栃木県,,栃木県栃木市旭町,36.3800850,139.7363389,"https://maps.google.com/?q=36.3800850,139.7363389",,,國學院大學「神道・神社史料集成（現代）」収録社。,KOKUGAKUIN_MODERN,53726,2
T2M53737,荒橿神社,あらかしじんじゃ,県社,式内社,,,,栃木県,,栃木県芳賀郡茂木町小井戸,36.5389200,140.1907369,"https://maps.google.com/?q=36.5389200,140.1907369",,,國學院大學「神道・神社史料集成（現代）」収録社。,KOKUGAKUIN_MODERN,53737,2
T2M53739,蒲生神社,がもうじんじゃ,県社,,,,,栃木県,,栃木県宇都宮市塙田,36.5682031,139.8852169,"https://maps.google.com/?q=36.5682031,139.8852169",,,國學院大學「神道・神社史料集成（現代）」収録社。,KOKUGAKUIN_MODERN,53739,2
T2M53728,高椅神社,たかはしじんじゃ,県社,式内社,,,,栃木県,,栃木県小山市高椅,36.3373331,139.8920250,"https://maps.google.com/?q=36.3373331,139.8920250",,,國學院大學「神道・神社史料集成（現代）」収録社。,KOKUGAKUIN_MODERN,53728,2
T2M54793,沖縄神社,おきなわじんじゃ,県社,,,,,沖縄県,,沖縄県那覇市首里鳥堀町,26.2173778,127.7309417,"https://maps.google.com/?q=26.2173778,127.7309417",,,國學院大學「神道・神社史料集成（現代）」収録社。,KOKUGAKUIN_MODERN,54793,2
T2M53499,波上宮,なみのうえぐう,官幣小社,,,,,沖縄県,,沖縄県那覇市若狭,26.2206236,127.6711428,"https://maps.google.com/?q=26.2206236,127.6711428",,,國學院大學「神道・神社史料集成（現代）」収録社。,KOKUGAKUIN_MODERN,53499,2
T2M54124,三尾神社,みおじんじゃ,県社,,,,,滋賀県,,滋賀県大津市園城寺町,35.0115250,135.8550000,"https://maps.google.com/?q=35.0115250,135.8550000",,,國學院大學「神道・神社史料集成（現代）」収録社。,KOKUGAKUIN_MODERN,54124,2
T2M54149,上坂神社,こうざかじんじゃ,県社,,,,,滋賀県,,滋賀県長浜市東上坂町,35.4066833,136.3176194,"https://maps.google.com/?q=35.4066833,136.3176194",,,國學院大學「神道・神社史料集成（現代）」収録社。,KOKUGAKUIN_MODERN,54149,2
T2M54159,下新川神社,しもにいかわじんじゃ,県社,式内社,,,,滋賀県,,滋賀県守山市幸津川町,35.1084333,135.9838556,"https://maps.google.com/?q=35.1084333,135.9838556",,,國學院大學「神道・神社史料集成（現代）」収録社。,KOKUGAKUIN_MODERN,54159,2
T2M54128,乎加神社,おかじんじゃ,県社,式内社,,,,滋賀県,,滋賀県東近江市神郷町,35.1769833,136.1842694,"https://maps.google.com/?q=35.1769833,136.1842694",,,國學院大學「神道・神社史料集成（現代）」収録社。,KOKUGAKUIN_MODERN,54128,2
T2M54113,井伊神社,いいじんじゃ,県社,,,,,滋賀県,,滋賀県彦根市古沢町字石ヶ崎,35.2837694,136.2662778,"https://maps.google.com/?q=35.2837694,136.2662778",,,國學院大學「神道・神社史料集成（現代）」収録社。,KOKUGAKUIN_MODERN,54113,2
T2M54118,伊香具神社,いかぐじんじゃ,県社,式内社,,,,滋賀県,,滋賀県長浜市木之本町大音,35.5034611,136.2041831,"https://maps.google.com/?q=35.5034611,136.2041831",,,國學院大學「神道・神社史料集成（現代）」収録社。,KOKUGAKUIN_MODERN,54118,2
T2M54141,佐久奈度神社,さくなどじんじゃ,県社,式内社,,,,滋賀県,,滋賀県大津市大石中,34.9114611,135.9126972,"https://maps.google.com/?q=34.9114611,135.9126972",,,國學院大學「神道・神社史料集成（現代）」収録社。,KOKUGAKUIN_MODERN,54141,2
T2M54114,佐和山神社,さわやまじんじゃ,県社,,,,,滋賀県,,滋賀県彦根市古沢町字石ヶ崎,35.2837694,136.2662778,"https://maps.google.com/?q=35.2837694,136.2662778",,,國學院大學「神道・神社史料集成（現代）」収録社。,KOKUGAKUIN_MODERN,54114,2
T2M54127,兵主神社,ひょうずじんじゃ,県社,式内社,,,,滋賀県,,滋賀県野洲市五条,35.1152806,136.0101667,"https://maps.google.com/?q=35.1152806,136.0101667",,,國學院大學「神道・神社史料集成（現代）」収録社。,KOKUGAKUIN_MODERN,54127,2
T2M54135,北野神社,きたのじんじゃ,県社,,,,,滋賀県,,滋賀県彦根市馬場,35.2778361,136.2441167,"https://maps.google.com/?q=35.2778361,136.2441167",,,國學院大學「神道・神社史料集成（現代）」収録社。,KOKUGAKUIN_MODERN,54135,2
T2M54115,千代神社,ちよじんじゃ,県社,式内社,,,,滋賀県,,滋賀県彦根市京町,35.2678528,136.2554444,"https://maps.google.com/?q=35.2678528,136.2554444",,,國學院大學「神道・神社史料集成（現代）」収録社。,KOKUGAKUIN_MODERN,54115,2
T2M54134,印岐志呂神社,いきしろじんじゃ,県社,式内社,,,,滋賀県,,滋賀県草津市片岡町,35.0565333,135.9513111,"https://maps.google.com/?q=35.0565333,135.9513111",,,國學院大學「神道・神社史料集成（現代）」収録社。,KOKUGAKUIN_MODERN,54134,2
T2M54156,和泉神社,いずみじんじゃ,県社,,,,,滋賀県,,滋賀県長浜市小谷上山田町,35.4786111,136.2679194,"https://maps.google.com/?q=35.4786111,136.2679194",,,國學院大學「神道・神社史料集成（現代）」収録社。,KOKUGAKUIN_MODERN,54156,2
T2M53457,多賀大社,たがたいしゃ,官幣大社,式内社,,,,滋賀県,,滋賀県犬上郡多賀町多賀,35.2251986,136.2910678,"https://maps.google.com/?q=35.2251986,136.2910678",,,國學院大學「神道・神社史料集成（現代）」収録社。,KOKUGAKUIN_MODERN,53457,2
T2M54126,大嶋神社・奥津嶋神社,おおしまじんじゃ・おくつしまじんじゃ,県社,式内社,,,,滋賀県,,滋賀県近江八幡市北津田町,35.1708472,136.0814083,"https://maps.google.com/?q=35.1708472,136.0814083",,,國學院大學「神道・神社史料集成（現代）」収録社。,KOKUGAKUIN_MODERN,54126,2
T2M54130,天孫神社,てんそんじんじゃ,県社,,,,,滋賀県,,滋賀県大津市京町,35.0056778,135.8672750,"https://maps.google.com/?q=35.0056778,135.8672750",,,國學院大學「神道・神社史料集成（現代）」収録社。,KOKUGAKUIN_MODERN,54130,2
T2M54151,奥石神社,おいそじんじゃ,県社,式内社,,,,滋賀県,,滋賀県近江八幡市安土町東老蘇,35.1304250,136.1617167,"https://maps.google.com/?q=35.1304250,136.1617167",,,國學院大學「神道・神社史料集成（現代）」収録社。,KOKUGAKUIN_MODERN,54151,2
T2M54812,小椋神社,おぐらじんじゃ,県社,式内社,,,,滋賀県,,滋賀県大津市仰木,35.1089781,135.8750431,"https://maps.google.com/?q=35.1089781,135.8750431",,,國學院大學「神道・神社史料集成（現代）」収録社。,KOKUGAKUIN_MODERN,54812,2
T2M54136,小津神社,おづじんじゃ,県社,式内社,,,,滋賀県,,滋賀県守山市杉江町,35.0730583,135.9595278,"https://maps.google.com/?q=35.0730583,135.9595278",,,國學院大學「神道・神社史料集成（現代）」収録社。,KOKUGAKUIN_MODERN,54136,2
T2M54140,山津照神社,やまつてるじんじゃ,県社,式内社,,,,滋賀県,,滋賀県米原市能登瀬,35.3303944,136.3226278,"https://maps.google.com/?q=35.3303944,136.3226278",,,國學院大學「神道・神社史料集成（現代）」収録社。,KOKUGAKUIN_MODERN,54140,2
T2M54129,山田神社,やまだじんじゃ,県社,式内社,,,,滋賀県,,滋賀県彦根市宮田町,35.2900472,136.2800528,"https://maps.google.com/?q=35.2900472,136.2800528",,,國學院大學「神道・神社史料集成（現代）」収録社。,KOKUGAKUIN_MODERN,54129,2
T2M54161,川田神社,かわたじんじゃ,県社,式内社,,,,滋賀県,,滋賀県甲賀市水口町北内貴,34.9605139,136.1557333,"https://maps.google.com/?q=34.9605139,136.1557333",,,國學院大學「神道・神社史料集成（現代）」収録社。,KOKUGAKUIN_MODERN,54161,2
T2M53478,御上神社,みかみじんじゃ,官幣中社,式内社,,,,滋賀県,,滋賀県野洲市三上,35.0499169,136.0273961,"https://maps.google.com/?q=35.0499169,136.0273961",,,國學院大學「神道・神社史料集成（現代）」収録社。,KOKUGAKUIN_MODERN,53478,2
T2M54153,意冨布良神社,おおふらじんじゃ,県社,式内社,,,,滋賀県,,滋賀県長浜市木之本町木之本,35.5086111,136.2259944,"https://maps.google.com/?q=35.5086111,136.2259944",,,國學院大學「神道・神社史料集成（現代）」収録社。,KOKUGAKUIN_MODERN,54153,2
T2M54138,押立神社,おしたてじんじゃ,県社,,,,,滋賀県,,滋賀県東近江市北菩提寺町,35.1445694,136.2381611,"https://maps.google.com/?q=35.1445694,136.2381611",,,國學院大學「神道・神社史料集成（現代）」収録社。,KOKUGAKUIN_MODERN,54138,2
T2M53375,日吉大社,ひよしたいしゃ,官幣大社,式内社,,,,滋賀県,,滋賀県大津市坂本,35.0715972,135.8622417,"https://maps.google.com/?q=35.0715972,135.8622417",,,國學院大學「神道・神社史料集成（現代）」収録社。,KOKUGAKUIN_MODERN,53375,2
T2M54142,日撫神社,ひなでじんじゃ,県社,式内社,,,,滋賀県,,滋賀県米原市顔戸,35.3399278,136.3088222,"https://maps.google.com/?q=35.3399278,136.3088222",,,國學院大學「神道・神社史料集成（現代）」収録社。,KOKUGAKUIN_MODERN,54142,2
T2M54133,日牟禮八幡宮,ひむれはちまんぐう,県社,,,,,滋賀県,,滋賀県近江八幡市宮内町,35.1410167,136.0895889,"https://maps.google.com/?q=35.1410167,136.0895889",,,國學院大學「神道・神社史料集成（現代）」収録社。,KOKUGAKUIN_MODERN,54133,2
T2M54162,柏木神社,かしわぎじんじゃ,県社,,,,,滋賀県,,滋賀県甲賀市水口町北脇,34.9777556,136.1597667,"https://maps.google.com/?q=34.9777556,136.1597667",,,國學院大學「神道・神社史料集成（現代）」収録社。,KOKUGAKUIN_MODERN,54162,2
T2M54160,比都佐神社,ひつさじんじゃ,県社,式内社,,,,滋賀県,,滋賀県蒲生郡日野町十禅師,35.0076139,136.2279611,"https://maps.google.com/?q=35.0076139,136.2279611",,,國學院大學「神道・神社史料集成（現代）」収録社。,KOKUGAKUIN_MODERN,54160,2
T2M54152,水口神社,みなくちじんじゃ,県社,式内社,,,,滋賀県,,滋賀県甲賀市水口町宮の前,34.9676028,136.1674778,"https://maps.google.com/?q=34.9676028,136.1674778",,,國學院大學「神道・神社史料集成（現代）」収録社。,KOKUGAKUIN_MODERN,54152,2
T2M54131,水尾神社,みおじんじゃ,県社,式内社,,,,滋賀県,,滋賀県高島市拝戸,35.3065861,135.9883972,"https://maps.google.com/?q=35.3065861,135.9883972",,,國學院大學「神道・神社史料集成（現代）」収録社。,KOKUGAKUIN_MODERN,54131,2
T2M54137,沙沙貴神社,ささきじんじゃ,県社,式内社,,,,滋賀県,,滋賀県近江八幡市安土町常楽寺,35.1367333,136.1345611,"https://maps.google.com/?q=35.1367333,136.1345611",,,國學院大學「神道・神社史料集成（現代）」収録社。,KOKUGAKUIN_MODERN,54137,2
T2M54121,油日神社,あぶらひじんじゃ,県社,,,,,滋賀県,,滋賀県甲賀市甲賀町油日,34.8869028,136.2496306,"https://maps.google.com/?q=34.8869028,136.2496306",,,國學院大學「神道・神社史料集成（現代）」収録社。,KOKUGAKUIN_MODERN,54121,2
T2M54154,田村神社,たむらじんじゃ,県社,,,,,滋賀県,,滋賀県甲賀市土山町北土山,34.9310139,136.2993528,"https://maps.google.com/?q=34.9310139,136.2993528",,,國學院大學「神道・神社史料集成（現代）」収録社。,KOKUGAKUIN_MODERN,54154,2
T2M54145,白鬚神社,しらひげじんじゃ,県社,,,,,滋賀県,,滋賀県高島市鵜川,35.2744222,136.0111361,"https://maps.google.com/?q=35.2744222,136.0111361",,,國學院大學「神道・神社史料集成（現代）」収録社。,KOKUGAKUIN_MODERN,54145,2
T2M54150,石作神社・玉作神社,いしつくりじんじゃ・たまつくりじんじゃ,県社,式内社,,,,滋賀県,,滋賀県長浜市木之本町千田,35.4929500,136.2253722,"https://maps.google.com/?q=35.4929500,136.2253722",,,國學院大學「神道・神社史料集成（現代）」収録社。,KOKUGAKUIN_MODERN,54150,2
T2M54158,石部神社,いしべじんじゃ,県社,式内社,,,,滋賀県,,滋賀県愛知郡愛川町沓掛,35.1823972,136.2163861,"https://maps.google.com/?q=35.1823972,136.2163861",,,國學院大學「神道・神社史料集成（現代）」収録社。,KOKUGAKUIN_MODERN,54158,2
T2M54119,神田神社,かんだじんじゃ,県社,式内社,,,,滋賀県,,滋賀県大津市真野,35.1309750,135.9136000,"https://maps.google.com/?q=35.1309750,135.9136000",,,國學院大學「神道・神社史料集成（現代）」収録社。,KOKUGAKUIN_MODERN,54119,2
T2M54132,筑摩神社,ちくまじんじゃ,県社,,,,,滋賀県,,滋賀県米原市朝妻筑摩,35.3165056,136.2668222,"https://maps.google.com/?q=35.3165056,136.2668222",,,國學院大學「神道・神社史料集成（現代）」収録社。,KOKUGAKUIN_MODERN,54132,2
T2M54147,篠津神社,しのづじんじゃ,県社,,,,,滋賀県,,滋賀県大津市中庄,34.9906583,135.8927583,"https://maps.google.com/?q=34.9906583,135.8927583",,,國學院大學「神道・神社史料集成（現代）」収録社。,KOKUGAKUIN_MODERN,54147,2
T2M54116,胡宮神社,このみやじんじゃ,県社,式内社,,,,滋賀県,,滋賀県犬上郡多賀町敏満寺,35.2151639,136.2866278,"https://maps.google.com/?q=35.2151639,136.2866278",,,國學院大學「神道・神社史料集成（現代）」収録社。,KOKUGAKUIN_MODERN,54116,2
T2M54155,膳所神社,ぜぜじんじゃ,県社,,,,,滋賀県,,滋賀県大津市膳所行啓町,34.9947000,135.8900444,"https://maps.google.com/?q=34.9947000,135.8900444",,,國學院大學「神道・神社史料集成（現代）」収録社。,KOKUGAKUIN_MODERN,54155,2
T2M54139,苗村神社,なむらじんじゃ,県社,式内社,,,,滋賀県,,滋賀県蒲生郡竜王町綾戸,35.0649306,136.1280361,"https://maps.google.com/?q=35.0649306,136.1280361",,,國學院大學「神道・神社史料集成（現代）」収録社。,KOKUGAKUIN_MODERN,54139,2
T2M54146,藤樹神社,とうじゅじんじゃ,県社,,,,,滋賀県,,滋賀県高島市安曇川町上小川,35.3244444,136.0305972,"https://maps.google.com/?q=35.3244444,136.0305972",,,國學院大學「神道・神社史料集成（現代）」収録社。,KOKUGAKUIN_MODERN,54146,2
T2M54144,豊国神社,とよくにじんじゃ,県社,,,,,滋賀県,,滋賀県長浜市南呉服町,35.3804278,136.2647694,"https://maps.google.com/?q=35.3804278,136.2647694",,,國學院大學「神道・神社史料集成（現代）」収録社。,KOKUGAKUIN_MODERN,54144,2
T2M54157,豊満神社,とよみつじんじゃ,県社,,,,,滋賀県,,滋賀県愛知郡愛荘町豊満,35.1656222,136.2183694,"https://maps.google.com/?q=35.1656222,136.2183694",,,國學院大學「神道・神社史料集成（現代）」収録社。,KOKUGAKUIN_MODERN,54157,2
T2M54148,軽野神社,かるのじんじゃ,県社,式内社,,,,滋賀県,,滋賀県愛知郡愛荘町岩倉,35.1682528,136.2535194,"https://maps.google.com/?q=35.1682528,136.2535194",,,國學院大學「神道・神社史料集成（現代）」収録社。,KOKUGAKUIN_MODERN,54148,2
T2M53464,近江神宮,おうみじんぐう,官幣大社,,,,,滋賀県,,滋賀県大津市神宮町,35.0322936,135.8519661,"https://maps.google.com/?q=35.0322936,135.8519661",,,國學院大學「神道・神社史料集成（現代）」収録社。,KOKUGAKUIN_MODERN,53464,2
T2M54120,那波加神社,なはかじんじゃ,県社,,,,,滋賀県,,滋賀県大津市苗鹿,35.0836278,135.8895250,"https://maps.google.com/?q=35.0836278,135.8895250",,,國學院大學「神道・神社史料集成（現代）」収録社。,KOKUGAKUIN_MODERN,54120,2
T2M54143,都久夫須麻神社,ちくぶしまじんじゃ,県社,式内社,,,,滋賀県,,滋賀県長浜市早崎町,35.4145778,136.2046889,"https://maps.google.com/?q=35.4145778,136.2046889",,,國學院大學「神道・神社史料集成（現代）」収録社。,KOKUGAKUIN_MODERN,54143,2
T2M54117,長濱八幡宮,ながはまはちまんぐう,県社,,,,,滋賀県,,滋賀県長浜市宮前町,35.3827361,136.2746917,"https://maps.google.com/?q=35.3827361,136.2746917",,,國學院大學「神道・神社史料集成（現代）」収録社。,KOKUGAKUIN_MODERN,54117,2
T2M54123,長等神社,ながらじんじゃ,県社,,,,,滋賀県,,滋賀県大津市三井寺町,35.0097528,135.8557083,"https://maps.google.com/?q=35.0097528,135.8557083",,,國學院大學「神道・神社史料集成（現代）」収録社。,KOKUGAKUIN_MODERN,54123,2
T2M54125,阿自岐神社,あじきじんじゃ,県社,式内社,,,,滋賀県,,滋賀県犬上郡豊郷町安食西,35.2119556,136.2277250,"https://maps.google.com/?q=35.2119556,136.2277250",,,國學院大學「神道・神社史料集成（現代）」収録社。,KOKUGAKUIN_MODERN,54125,2
T2M54122,馬見岡綿向神社,まみおかわたむきじんじゃ,県社,式内社,,,,滋賀県,,滋賀県蒲生郡日野町村井,35.0148361,136.2618139,"https://maps.google.com/?q=35.0148361,136.2618139",,,國學院大學「神道・神社史料集成（現代）」収録社。,KOKUGAKUIN_MODERN,54122,2
T2M54705,代継宮,よつぎぐう,県社,,,,,熊本県,,熊本県熊本市北区龍田,32.8358167,130.7409861,"https://maps.google.com/?q=32.8358167,130.7409861",,,國學院大學「神道・神社史料集成（現代）」収録社。,KOKUGAKUIN_MODERN,54705,2
T2M54703,住吉神社,すみよしじんじゃ,県社,,,,,熊本県,,熊本県宇土市住吉町,32.7082056,130.5909278,"https://maps.google.com/?q=32.7082056,130.5909278",,,國學院大學「神道・神社史料集成（現代）」収録社。,KOKUGAKUIN_MODERN,54703,2
T2M53471,八代宮,やつしろぐう,官幣中社,,,,,熊本県,,熊本県八代市松江城町,32.4997997,130.6410108,"https://maps.google.com/?q=32.4997997,130.6410108",,,國學院大學「神道・神社史料集成（現代）」収録社。,KOKUGAKUIN_MODERN,53471,2
T2M54698,八代神社,やつしろじんじゃ,県社,,,,,熊本県,,熊本県八代市妙見町,32.4998444,130.6410083,"https://maps.google.com/?q=32.4998444,130.6410083",,,國學院大學「神道・神社史料集成（現代）」収録社。,KOKUGAKUIN_MODERN,54698,2
T2M54701,出水神社,いずみじんじゃ,県社,,,,,熊本県,,熊本県熊本市中央区水前寺公園,32.7918528,130.7343083,"https://maps.google.com/?q=32.7918528,130.7343083",,,國學院大學「神道・神社史料集成（現代）」収録社。,KOKUGAKUIN_MODERN,54701,2
T2M54700,加藤神社,かとうじんじゃ,県社,,,,,熊本県,,熊本県熊本市中央区本丸,32.8070500,130.7053528,"https://maps.google.com/?q=32.8070500,130.7053528",,,國學院大學「神道・神社史料集成（現代）」収録社。,KOKUGAKUIN_MODERN,54700,2
T2M54697,北岡神社,きたおかじんじゃ,県社,,,,,熊本県,,熊本県熊本市西区春日,32.7930611,130.6919472,"https://maps.google.com/?q=32.7930611,130.6919472",,,國學院大學「神道・神社史料集成（現代）」収録社。,KOKUGAKUIN_MODERN,54697,2
T2M54699,国造神社,くにのみやつこじんじゃ,県社,,,,,熊本県,,熊本県阿蘇市一の宮町手野,32.9896167,131.1243167,"https://maps.google.com/?q=32.9896167,131.1243167",,,國學院大學「神道・神社史料集成（現代）」収録社。,KOKUGAKUIN_MODERN,54699,2
T2M54708,大宮神社,おおみやじんじゃ,県社,,,,,熊本県,,熊本県山鹿市山鹿,33.0118333,130.6950389,"https://maps.google.com/?q=33.0118333,130.6950389",,,國學院大學「神道・神社史料集成（現代）」収録社。,KOKUGAKUIN_MODERN,54708,2
T2M54706,宮原両神社,みやのはるりょうじんじゃ,県社,,,,,熊本県,,熊本県阿蘇郡小国町宮原,33.1202139,131.0733417,"https://maps.google.com/?q=33.1202139,131.0733417",,,國學院大學「神道・神社史料集成（現代）」収録社。,KOKUGAKUIN_MODERN,54706,2
T2M54709,本渡諏訪神社,ほんどすわじんじゃ,県社,,,,,熊本県,,熊本県天草市諏訪町,32.4549028,130.1886417,"https://maps.google.com/?q=32.4549028,130.1886417",,,國學院大學「神道・神社史料集成（現代）」収録社。,KOKUGAKUIN_MODERN,54709,2
T2M54702,河尻神宮,かわしりじんぐう,県社,,,,,熊本県,,熊本県熊本市南区八幡,32.7479278,130.6816750,"https://maps.google.com/?q=32.7479278,130.6816750",,,國學院大學「神道・神社史料集成（現代）」収録社。,KOKUGAKUIN_MODERN,54702,2
T2M54704,疋野神社,ひきのじんじゃ,県社,式内社,,,,熊本県,,熊本県玉名市立願寺,32.9380417,130.5523639,"https://maps.google.com/?q=32.9380417,130.5523639",,,國學院大學「神道・神社史料集成（現代）」収録社。,KOKUGAKUIN_MODERN,54704,2
T2M53540,菊池神社,きくちじんじゃ,別格官幣社,,,,,熊本県,,熊本県菊池市隈府,32.9877247,130.8159444,"https://maps.google.com/?q=32.9877247,130.8159444",,,國學院大學「神道・神社史料集成（現代）」収録社。,KOKUGAKUIN_MODERN,53540,2
T2M53514,藤崎八旛宮,ふじさきはちまんぐう,国幣小社,,,,,熊本県,,熊本県熊本市中央区井川渕町,32.8082900,130.7185106,"https://maps.google.com/?q=32.8082900,130.7185106",,,國學院大學「神道・神社史料集成（現代）」収録社。,KOKUGAKUIN_MODERN,53514,2
T2M54707,青井阿蘇神社,あおいあそじんじゃ,県社,,,,,熊本県,,熊本県人吉市上青井町,32.2133333,130.7529472,"https://maps.google.com/?q=32.2133333,130.7529472",,,國學院大學「神道・神社史料集成（現代）」収録社。,KOKUGAKUIN_MODERN,54707,2
T2M53883,出城八幡宮,でじろはちまんぐう,県社,,,,,石川県,,石川県白山市成町,36.5215719,136.5596211,"https://maps.google.com/?q=36.5215719,136.5596211",,,國學院大學「神道・神社史料集成（現代）」収録社。,KOKUGAKUIN_MODERN,53883,2
T2M53875,加賀神明宮,かがしんめいぐう,県社,,,,,石川県,,石川県加賀市大聖寺神明町,36.3032239,136.3070081,"https://maps.google.com/?q=36.3032239,136.3070081",,,國學院大學「神道・神社史料集成（現代）」収録社。,KOKUGAKUIN_MODERN,53875,2
T2M53891,加賀神社,かがじんじゃ,県社,,,,,石川県,,石川県河北郡津幡町潟端,36.6581431,136.7184381,"https://maps.google.com/?q=36.6581431,136.7184381",,,國學院大學「神道・神社史料集成（現代）」収録社。,KOKUGAKUIN_MODERN,53891,2
T2M53873,多太神社,ただじんじゃ,県社,式内社,,,,石川県,,石川県小松市上本折町,36.3947781,136.4489669,"https://maps.google.com/?q=36.3947781,136.4489669",,,國學院大學「神道・神社史料集成（現代）」収録社。,KOKUGAKUIN_MODERN,53873,2
T2M53865,大穴持像石神社,おおあなもちかたいしじんじゃ,県社,式内社,,,,石川県,,石川県羽咋市寺家町,36.9256189,136.7709289,"https://maps.google.com/?q=36.9256189,136.7709289",,,國學院大學「神道・神社史料集成（現代）」収録社。,KOKUGAKUIN_MODERN,53865,2
T2M53866,大野湊神社,おおのみなとじんじゃ,県社,式内社,,,,石川県,,石川県金沢市寺中町,36.5959900,136.5983261,"https://maps.google.com/?q=36.5959900,136.5983261",,,國學院大學「神道・神社史料集成（現代）」収録社。,KOKUGAKUIN_MODERN,53866,2
T2M53890,宇多須神社,うだすじんじゃ,県社,,,,,石川県,,石川県金沢市東山,36.5730289,136.6682800,"https://maps.google.com/?q=36.5730289,136.6682800",,,國學院大學「神道・神社史料集成（現代）」収録社。,KOKUGAKUIN_MODERN,53890,2
T2M53893,安江八幡宮,やすえはちまんぐう,県社,,,,,石川県,,石川県金沢市此花町,36.5785361,136.6534450,"https://maps.google.com/?q=36.5785361,136.6534450",,,國學院大學「神道・神社史料集成（現代）」収録社。,KOKUGAKUIN_MODERN,53893,2
T2M53897,小坂神社,こさかじんじゃ,県社,,,,,石川県,,石川県金沢市山の上町,36.5785861,136.6731811,"https://maps.google.com/?q=36.5785861,136.6731811",,,國學院大學「神道・神社史料集成（現代）」収録社。,KOKUGAKUIN_MODERN,53897,2
T2M53898,小松天満宮,こまつてんまんぐう,県社,,,,,石川県,,石川県小松市天神町,36.4159969,136.4485619,"https://maps.google.com/?q=36.4159969,136.4485619",,,國學院大學「神道・神社史料集成（現代）」収録社。,KOKUGAKUIN_MODERN,53898,2
T2M53868,小濱神社,おばまじんじゃ,県社,式内社,,,,石川県,,石川県河北郡内灘町大根布,36.6522281,136.6493489,"https://maps.google.com/?q=36.6522281,136.6493489",,,國學院大學「神道・神社史料集成（現代）」収録社。,KOKUGAKUIN_MODERN,53868,2
T2M53554,尾山神社,おやまじんじゃ,別格官幣社,,,,,石川県,,石川県金沢市尾山町,36.5660900,136.6552664,"https://maps.google.com/?q=36.5660900,136.6552664",,,國學院大學「神道・神社史料集成（現代）」収録社。,KOKUGAKUIN_MODERN,53554,2
T2M53895,幡生神社,はたさやじんじゃ,県社,式内社,,,,石川県,,石川県小松市吉竹町,36.3871800,136.4833261,"https://maps.google.com/?q=36.3871800,136.4833261",,,國學院大學「神道・神社史料集成（現代）」収録社。,KOKUGAKUIN_MODERN,53895,2
T2M53882,忌浪神社,いみなみじんじゃ,県社,式内社,,,,石川県,,石川県加賀市弓波町,36.3250711,136.3628089,"https://maps.google.com/?q=36.3250711,136.3628089",,,國學院大學「神道・神社史料集成（現代）」収録社。,KOKUGAKUIN_MODERN,53882,2
T2M53876,服部神社,はっとりじんじゃ,県社,式内社,,,,石川県,,石川県加賀市山代温泉,36.2875900,136.3616050,"https://maps.google.com/?q=36.2875900,136.3616050",,,國學院大學「神道・神社史料集成（現代）」収録社。,KOKUGAKUIN_MODERN,53876,2
T2M53899,本折日吉神社,もとおりひよしじんじゃ,県社,,,,,石川県,,石川県小松市本折町,36.3984811,136.4470839,"https://maps.google.com/?q=36.3984811,136.4470839",,,國學院大學「神道・神社史料集成（現代）」収録社。,KOKUGAKUIN_MODERN,53899,2
T2M53877,本村井神社,もとむらいじんじゃ,県社,式内社,,,,石川県,,石川県白山市村井町,36.5078531,136.5591600,"https://maps.google.com/?q=36.5078531,136.5591600",,,國學院大學「神道・神社史料集成（現代）」収録社。,KOKUGAKUIN_MODERN,53877,2
T2M53878,松任金剣宮,まつとうかなつるぎぐう,県社,,,,,石川県,,石川県白山市西新町,36.5263489,136.5631269,"https://maps.google.com/?q=36.5263489,136.5631269",,,國學院大學「神道・神社史料集成（現代）」収録社。,KOKUGAKUIN_MODERN,53878,2
T2M53871,椿原天満宮,つばきはらてんまんぐう,県社,,,,,石川県,,石川県金沢市天神町,36.5582889,136.6754100,"https://maps.google.com/?q=36.5582889,136.6754100",,,國學院大學「神道・神社史料集成（現代）」収録社。,KOKUGAKUIN_MODERN,53871,2
T2M53888,楢本神社,ならもとじんじゃ,県社,式内社,,,,石川県,,石川県白山市宮丸町,36.5083100,136.5534819,"https://maps.google.com/?q=36.5083100,136.5534819",,,國學院大學「神道・神社史料集成（現代）」収録社。,KOKUGAKUIN_MODERN,53888,2
T2M53401,気多大社,けたたいしゃ,国幣大社,式内社,,,,石川県,,石川県羽咋市寺家町,36.9261083,136.7674306,"https://maps.google.com/?q=36.9261083,136.7674306",,,國學院大學「神道・神社史料集成（現代）」収録社。,KOKUGAKUIN_MODERN,53401,2
T2M53874,江沼神社,えぬまじんじゃ,県社,,,,,石川県,,石川県加賀市大聖寺八間道,36.3090800,136.3078831,"https://maps.google.com/?q=36.3090800,136.3078831",,,國學院大學「神道・神社史料集成（現代）」収録社。,KOKUGAKUIN_MODERN,53874,2
T2M53886,狭野神社,さのじんじゃ,県社,式内社,,,,石川県,,石川県能美市佐野町,36.4287889,136.5119931,"https://maps.google.com/?q=36.4287889,136.5119931",,,國學院大學「神道・神社史料集成（現代）」収録社。,KOKUGAKUIN_MODERN,53886,2
T2M53435,白山比咩神社,しらやまひめじんじゃ,国幣中社,式内社,,,,石川県,,石川県白山市三宮町,36.4343028,136.6361278,"https://maps.google.com/?q=36.4343028,136.6361278",,,國學院大學「神道・神社史料集成（現代）」収録社。,KOKUGAKUIN_MODERN,53435,2
T2M53901,石浦神社,いしうらじんじゃ,県社,,,,,石川県,,石川県金沢市本多町,36.5612661,136.6596889,"https://maps.google.com/?q=36.5612661,136.6596889",,,國學院大學「神道・神社史料集成（現代）」収録社。,KOKUGAKUIN_MODERN,53901,2
T2M53900,神明宮,しんめいぐう,県社,,,,,石川県,,石川県金沢市野町,36.5579919,136.6490361,"https://maps.google.com/?q=36.5579919,136.6490361",,,國學院大學「神道・神社史料集成（現代）」収録社。,KOKUGAKUIN_MODERN,53900,2
T2M53884,笠間神社,かさまじんじゃ,県社,式内社,,,,石川県,,石川県白山市笠間町,36.5053219,136.5259950,"https://maps.google.com/?q=36.5053219,136.5259950",,,國學院大學「神道・神社史料集成（現代）」収録社。,KOKUGAKUIN_MODERN,53884,2
T2M53872,羽咋神社,はくいじんじゃ,県社,式内社,,,,石川県,,石川県羽咋市川原町,36.8969781,136.7796831,"https://maps.google.com/?q=36.8969781,136.7796831",,,國學院大學「神道・神社史料集成（現代）」収録社。,KOKUGAKUIN_MODERN,53872,2
T2M53894,能登比咩神社,のとひめじんじゃ,県社,式内社,,,,石川県,,石川県鹿島郡中能登町能登部下,36.9591639,136.8585561,"https://maps.google.com/?q=36.9591639,136.8585561",,,國學院大學「神道・神社史料集成（現代）」収録社。,KOKUGAKUIN_MODERN,53894,2
T2M53864,能登生國玉比古神社,のといくくにたまひこじんじゃ,県社,式内社,,,,石川県,,石川県七尾市所口町,37.0376550,136.9640639,"https://maps.google.com/?q=37.0376550,136.9640639",,,國學院大學「神道・神社史料集成（現代）」収録社。,KOKUGAKUIN_MODERN,53864,2
T2M53869,若宮八幡宮,わかみやはちまんぐう,県社,,,,,石川県,,石川県白山市若宮,36.5204361,136.5734831,"https://maps.google.com/?q=36.5204361,136.5734831",,,國學院大學「神道・神社史料集成（現代）」収録社。,KOKUGAKUIN_MODERN,53869,2
T2M53881,莵橋神社,うはしじんじゃ,県社,式内社,,,,石川県,,石川県小松市浜田町,36.4064339,136.4458531,"https://maps.google.com/?q=36.4064339,136.4458531",,,國學院大學「神道・神社史料集成（現代）」収録社。,KOKUGAKUIN_MODERN,53881,2
T2M53887,菅原神社,すがわらじんじゃ,県社,,,,,石川県,,石川県羽咋郡宝達志水町菅原,36.8730081,136.8010739,"https://maps.google.com/?q=36.8730081,136.8010739",,,國學院大學「神道・神社史料集成（現代）」収録社。,KOKUGAKUIN_MODERN,53887,2
T2M53512,菅生石部神社,すごういそべじんじゃ,国幣小社,式内社,,,,石川県,,石川県加賀市大聖寺敷地,36.3129553,136.3208861,"https://maps.google.com/?q=36.3129553,136.3208861",,,國學院大學「神道・神社史料集成（現代）」収録社。,KOKUGAKUIN_MODERN,53512,2
T2M53867,藤塚神社,ふじつかじんじゃ,県社,,,,,石川県,,石川県白山市美川南町,36.4858900,136.4841681,"https://maps.google.com/?q=36.4858900,136.4841681",,,國學院大學「神道・神社史料集成（現代）」収録社。,KOKUGAKUIN_MODERN,53867,2
T2M53870,賀茂神社,かもじんじゃ,県社,式内社,,,,石川県,,石川県かほく市横山,36.7453169,136.7226219,"https://maps.google.com/?q=36.7453169,136.7226219",,,國學院大學「神道・神社史料集成（現代）」収録社。,KOKUGAKUIN_MODERN,53870,2
T2M53892,重蔵神社,じゅうぞうじんじゃ,県社,式内社,,,,石川県,,石川県輪島市河井町,37.3943581,136.9062000,"https://maps.google.com/?q=37.3943581,136.9062000",,,國學院大學「神道・神社史料集成（現代）」収録社。,KOKUGAKUIN_MODERN,53892,2
T2M53880,金劔宮,つるぎのみや,県社,,,,,石川県,,石川県白山市鶴来町日詰町,36.4499439,136.6298581,"https://maps.google.com/?q=36.4499439,136.6298581",,,國學院大學「神道・神社史料集成（現代）」収録社。,KOKUGAKUIN_MODERN,53880,2
T2M53879,須須神社,すずじんじゃ,県社,式内社,,,,石川県,,石川県珠洲市三崎町寺家,37.4982269,137.3461850,"https://maps.google.com/?q=37.4982269,137.3461850",,,國學院大學「神道・神社史料集成（現代）」収録社。,KOKUGAKUIN_MODERN,53879,2
T2M53889,高爪神社,たかつめじんじゃ,県社,,,,,石川県,,石川県羽咋郡志賀町大福寺,37.1887731,136.7135861,"https://maps.google.com/?q=37.1887731,136.7135861",,,國學院大學「神道・神社史料集成（現代）」収録社。,KOKUGAKUIN_MODERN,53889,2
T2M53817,伊勢山皇大神宮,いせやまこうたいじんぐう,県社,,,,,神奈川県,,神奈川県横浜市西区宮崎町,35.4501589,139.6258719,"https://maps.google.com/?q=35.4501589,139.6258719",,,國學院大學「神道・神社史料集成（現代）」収録社。,KOKUGAKUIN_MODERN,53817,2
T2M53822,児玉神社,こだまじんじゃ,県社,,,,,神奈川県,,神奈川県藤沢市江の島,35.3006569,139.4811100,"https://maps.google.com/?q=35.3006569,139.4811100",,,國學院大學「神道・神社史料集成（現代）」収録社。,KOKUGAKUIN_MODERN,53822,2
T2M53820,報徳二宮神社,ほうとくにのみやじんじゃ,県社,,,,,神奈川県,,神奈川県小田原市城内,35.2499431,139.1528589,"https://maps.google.com/?q=35.2499431,139.1528589",,,國學院大學「神道・神社史料集成（現代）」収録社。,KOKUGAKUIN_MODERN,53820,2
T2M53819,大久保神社,おおくぼじんじゃ,県社,,,,,神奈川県,,神奈川県小田原市城山,35.2526089,139.1474939,"https://maps.google.com/?q=35.2526089,139.1474939",,,國學院大學「神道・神社史料集成（現代）」収録社。,KOKUGAKUIN_MODERN,53819,2
T2M53816,大山阿夫利神社,おおやまあふりじんじゃ,県社,式内社,,,,神奈川県,,神奈川県伊勢原市大山,35.4317739,139.2380569,"https://maps.google.com/?q=35.4317739,139.2380569",,,國學院大學「神道・神社史料集成（現代）」収録社。,KOKUGAKUIN_MODERN,53816,2
T2M53390,寒川神社,さむかわじんじゃ,国幣中社,式内社,,,,神奈川県,,神奈川県高座郡寒川町宮山,35.3794139,139.3833056,"https://maps.google.com/?q=35.3794139,139.3833056",,,國學院大學「神道・神社史料集成（現代）」収録社。,KOKUGAKUIN_MODERN,53390,2
T2M53823,寒田神社,さむたじんじゃ,県社,式内社,,,,神奈川県,,神奈川県足柄上郡松田町松田惣領,35.3458611,139.1337939,"https://maps.google.com/?q=35.3458611,139.1337939",,,國學院大學「神道・神社史料集成（現代）」収録社。,KOKUGAKUIN_MODERN,53823,2
T2M53821,平塚八幡宮,ひらつかはちまんぐう,県社,,,,,神奈川県,,神奈川県平塚市浅間町,35.3338639,139.3491319,"https://maps.google.com/?q=35.3338639,139.3491319",,,國學院大學「神道・神社史料集成（現代）」収録社。,KOKUGAKUIN_MODERN,53821,2
T2M53815,松原神社,まつばらじんじゃ,県社,,,,,神奈川県,,神奈川県小田原市本町,35.2493650,139.1599050,"https://maps.google.com/?q=35.2493650,139.1599050",,,國學院大學「神道・神社史料集成（現代）」収録社。,KOKUGAKUIN_MODERN,53815,2
T2M53818,江島神社,えのしまじんじゃ,県社,,,,,神奈川県,,神奈川県藤沢市江の島,35.3003900,139.4796889,"https://maps.google.com/?q=35.3003900,139.4796889",,,國學院大學「神道・神社史料集成（現代）」収録社。,KOKUGAKUIN_MODERN,53818,2
T2M53520,箱根神社,はこねじんじゃ,国幣小社,,,,,神奈川県,,神奈川県足柄下郡箱根町元箱根,35.2046875,139.0254056,"https://maps.google.com/?q=35.2046875,139.0254056",,,國學院大學「神道・神社史料集成（現代）」収録社。,KOKUGAKUIN_MODERN,53520,2
T2M53469,鎌倉宮,かまくらぐう,官幣中社,,,,,神奈川県,,神奈川県鎌倉市二階堂,35.3261553,139.5667747,"https://maps.google.com/?q=35.3261553,139.5667747",,,國學院大學「神道・神社史料集成（現代）」収録社。,KOKUGAKUIN_MODERN,53469,2
T2M53910,三國神社,みくにじんじゃ,県社,式内社,,,,福井県,,福井県坂井市三国町山王,36.2089750,136.1578211,"https://maps.google.com/?q=36.2089750,136.1578211",,,國學院大學「神道・神社史料集成（現代）」収録社。,KOKUGAKUIN_MODERN,53910,2
T2M53913,佐伎治神社,さきちじんじゃ,県社,式内社,,,,福井県,,福井県大飯郡高浜町宮崎,35.4841369,135.5517089,"https://maps.google.com/?q=35.4841369,135.5517089",,,國學院大學「神道・神社史料集成（現代）」収録社。,KOKUGAKUIN_MODERN,53913,2
T2M53919,佐佳枝迺社,さかえのやしろ,県社,,,,,福井県,,福井県福井市大手,36.0642339,136.2182750,"https://maps.google.com/?q=36.0642339,136.2182750",,,國學院大學「神道・神社史料集成（現代）」収録社。,KOKUGAKUIN_MODERN,53919,2
T2M53920,八幡神社,はちまんじんじゃ,県社,,,,,福井県,,福井県小浜市小浜男山,35.4923089,135.7400431,"https://maps.google.com/?q=35.4923089,135.7400431",,,國學院大學「神道・神社史料集成（現代）」収録社。,KOKUGAKUIN_MODERN,53920,2
T2M53926,八幡神社,はちまんじんじゃ,県社,,,,,福井県,,福井県敦賀市三島町,35.6518739,136.0666819,"https://maps.google.com/?q=35.6518739,136.0666819",,,國學院大學「神道・神社史料集成（現代）」収録社。,KOKUGAKUIN_MODERN,53926,2
T2M53521,劔神社,つるぎじんじゃ,国幣小社,式内社,,,,福井県,,福井県丹生郡越前町織田,35.9578433,136.0553956,"https://maps.google.com/?q=35.9578433,136.0553956",,,國學院大學「神道・神社史料集成（現代）」収録社。,KOKUGAKUIN_MODERN,53521,2
T2M53907,國神神社,くにつかみじんじゃ,県社,式内社,,,,福井県,,福井県坂井市丸岡町石城戸町,36.1503619,136.2718981,"https://maps.google.com/?q=36.1503619,136.2718981",,,國學院大學「神道・神社史料集成（現代）」収録社。,KOKUGAKUIN_MODERN,53907,2
T2M53906,大塩八幡宮,おおしおはちまんぐう,県社,式内社,,,,福井県,,福井県越前市国兼町,35.8492919,136.1711281,"https://maps.google.com/?q=35.8492919,136.1711281",,,國學院大學「神道・神社史料集成（現代）」収録社。,KOKUGAKUIN_MODERN,53906,2
T2M53925,大滝神社,おおたきじんじゃ,県社,式内社,,,,福井県,,福井県越前市大滝町,35.9067450,136.2532089,"https://maps.google.com/?q=35.9067450,136.2532089",,,國學院大學「神道・神社史料集成（現代）」収録社。,KOKUGAKUIN_MODERN,53925,2
T2M53908,大虫神社,おおむしじんじゃ,県社,式内社,,,,福井県,,福井県越前市大虫町,35.9008750,136.1265869,"https://maps.google.com/?q=35.9008750,136.1265869",,,國學院大學「神道・神社史料集成（現代）」収録社。,KOKUGAKUIN_MODERN,53908,2
T2M53905,宇波西神社,うわせじんじゃ,県社,式内社,,,,福井県,,福井県三方上中郡若狭町気山,35.5870511,135.9060850,"https://maps.google.com/?q=35.5870511,135.9060850",,,國學院大學「神道・神社史料集成（現代）」収録社。,KOKUGAKUIN_MODERN,53905,2
T2M53917,安波賀春日神社,あばかかすがじんじゃ,県社,,,,,福井県,,福井県福井市安波賀町,36.0098419,136.2997211,"https://maps.google.com/?q=36.0098419,136.2997211",,,國學院大學「神道・神社史料集成（現代）」収録社。,KOKUGAKUIN_MODERN,53917,2
T2M53924,小濱神社,おばまじんじゃ,県社,,,,,福井県,,福井県小浜市城内,35.5040939,135.7459569,"https://maps.google.com/?q=35.5040939,135.7459569",,,國學院大學「神道・神社史料集成（現代）」収録社。,KOKUGAKUIN_MODERN,53924,2
T2M53909,岡太神社,おかふとじんじゃ,県社,式内社,,,,福井県,,福井県越前市粟田部町,35.9192139,136.2376411,"https://maps.google.com/?q=35.9192139,136.2376411",,,國學院大學「神道・神社史料集成（現代）」収録社。,KOKUGAKUIN_MODERN,53909,2
T2M53918,常宮神社,じょうぐうじんじゃ,県社,式内社,,,,福井県,,福井県敦賀市常宮,35.6903461,136.0297461,"https://maps.google.com/?q=35.6903461,136.0297461",,,國學院大學「神道・神社史料集成（現代）」収録社。,KOKUGAKUIN_MODERN,53918,2
T2M53928,廣嶺神社,ひろみねじんじゃ,県社,,,,,福井県,,福井県小浜市千種,35.4993169,135.7493500,"https://maps.google.com/?q=35.4993169,135.7493500",,,國學院大學「神道・神社史料集成（現代）」収録社。,KOKUGAKUIN_MODERN,53928,2
T2M53923,彌美神社,みみじんじゃ,県社,式内社,,,,福井県,,福井県三方郡美浜町宮代,35.5942931,135.9610519,"https://maps.google.com/?q=35.5942931,135.9610519",,,國學院大學「神道・神社史料集成（現代）」収録社。,KOKUGAKUIN_MODERN,53923,2
T2M53927,杣山神社,そまやまじんじゃ,県社,,,,,福井県,,福井県南条郡南越前町阿久和,35.8147811,136.2103789,"https://maps.google.com/?q=35.8147811,136.2103789",,,國學院大學「神道・神社史料集成（現代）」収録社。,KOKUGAKUIN_MODERN,53927,2
T2M53922,柳迺社,やなぎのやしろ,県社,,,,,福井県,,福井県大野市城町,35.9851061,136.4838439,"https://maps.google.com/?q=35.9851061,136.4838439",,,國學院大學「神道・神社史料集成（現代）」収録社。,KOKUGAKUIN_MODERN,53922,2
T2M53400,氣比神宮,けひじんぐう,官幣大社,式内社,,,,福井県,,福井県敦賀市曙町,35.6547833,136.0747889,"https://maps.google.com/?q=35.6547833,136.0747889",,,國學院大學「神道・神社史料集成（現代）」収録社。,KOKUGAKUIN_MODERN,53400,2
T2M53921,白山神社,はくさんじんじゃ,県社,,,,,福井県,,福井県勝山市平泉寺町平泉寺,36.0439161,136.5420611,"https://maps.google.com/?q=36.0439161,136.5420611",,,國學院大學「神道・神社史料集成（現代）」収録社。,KOKUGAKUIN_MODERN,53921,2
T2M53914,神明社,しんめいしゃ,県社,,,,,福井県,,福井県鯖江市水落町,35.9711581,136.1825000,"https://maps.google.com/?q=35.9711581,136.1825000",,,國學院大學「神道・神社史料集成（現代）」収録社。,KOKUGAKUIN_MODERN,53914,2
T2M53902,神明神社,しんめいじんじゃ,県社,,,,,福井県,,福井県勝山市元町,36.0582981,136.5003469,"https://maps.google.com/?q=36.0582981,136.5003469",,,國學院大學「神道・神社史料集成（現代）」収録社。,KOKUGAKUIN_MODERN,53902,2
T2M53903,神明神社,しんめいじんじゃ,県社,,,,,福井県,,福井県福井市宝永,36.0684689,136.2195661,"https://maps.google.com/?q=36.0684689,136.2195661",,,國學院大學「神道・神社史料集成（現代）」収録社。,KOKUGAKUIN_MODERN,53903,2
T2M53559,福井神社,ふくいじんじゃ,別格官幣社,,,,,福井県,,福井県福井市大手,36.0660208,136.2195200,"https://maps.google.com/?q=36.0660208,136.2195200",,,國學院大學「神道・神社史料集成（現代）」収録社。,KOKUGAKUIN_MODERN,53559,2
T2M53916,篠座神社,しのくらじんじゃ,県社,式内社,,,,福井県,,福井県大野市篠座,35.9716200,136.4890419,"https://maps.google.com/?q=35.9716200,136.4890419",,,國學院大學「神道・神社史料集成（現代）」収録社。,KOKUGAKUIN_MODERN,53916,2
T2M53911,總社大神宮,そうじゃだいじんぐう,県社,,,,,福井県,,福井県越前市京町,35.9033039,136.1642931,"https://maps.google.com/?q=35.9033039,136.1642931",,,國學院大學「神道・神社史料集成（現代）」収録社。,KOKUGAKUIN_MODERN,53911,2
T2M53915,舟津神社,ふなつじんじゃ,県社,式内社,,,,福井県,,福井県鯖江市舟津町,35.9387850,136.1863119,"https://maps.google.com/?q=35.9387850,136.1863119",,,國學院大學「神道・神社史料集成（現代）」収録社。,KOKUGAKUIN_MODERN,53915,2
T2M53399,若狭彦神社,わかさひこじんじゃ,国幣中社,式内社,,,,福井県,,福井県小浜市龍前,35.4661028,135.7787056,"https://maps.google.com/?q=35.4661028,135.7787056",,,國學院大學「神道・神社史料集成（現代）」収録社。,KOKUGAKUIN_MODERN,53399,2
T2M53538,藤島神社,ふじしまじんじゃ,別格官幣社,,,,,福井県,,福井県福井市毛矢,36.0563178,136.2110711,"https://maps.google.com/?q=36.0563178,136.2110711",,,國學院大學「神道・神社史料集成（現代）」収録社。,KOKUGAKUIN_MODERN,53538,2
T2M53912,足羽神社,あすわじんじゃ,県社,式内社,,,,福井県,,福井県福井市足羽,36.0583889,136.2095131,"https://maps.google.com/?q=36.0583889,136.2095131",,,國學院大學「神道・神社史料集成（現代）」収録社。,KOKUGAKUIN_MODERN,53912,2
T2M53473,金崎宮,かねがさきぐう,官幣中社,,,,,福井県,,福井県敦賀市金ヶ崎町,35.6644878,136.0742275,"https://maps.google.com/?q=35.6644878,136.0742275",,,國學院大學「神道・神社史料集成（現代）」収録社。,KOKUGAKUIN_MODERN,53473,2
T2M53904,須波阿須疑神社,すわあずきじんじゃ,県社,式内社,,,,福井県,,福井県今立郡上池田町稲荷,35.8861989,136.3454600,"https://maps.google.com/?q=35.8861989,136.3454600",,,國學院大學「神道・神社史料集成（現代）」収録社。,KOKUGAKUIN_MODERN,53904,2
T2M54595,三柱神社,みはしらじんじゃ,県社,,,,,福岡県,,福岡県柳川市三橋町高畑,33.1702972,130.4153833,"https://maps.google.com/?q=33.1702972,130.4153833",,,國學院大學「神道・神社史料集成（現代）」収録社。,KOKUGAKUIN_MODERN,54595,2
T2M54596,三笠神社,みかさじんじゃ,県社,,,,,福岡県,,福岡県大牟田市鳥塚町,33.0416528,130.4601972,"https://maps.google.com/?q=33.0416528,130.4601972",,,國學院大學「神道・神社史料集成（現代）」収録社。,KOKUGAKUIN_MODERN,54596,2
T2M54588,伊勢天照御祖神社,いせあまてらすみおやじんじゃ,県社,式内社,,,,福岡県,,福岡県久留米市大石町,33.3166250,130.4976222,"https://maps.google.com/?q=33.3166250,130.4976222",,,國學院大學「神道・神社史料集成（現代）」収録社。,KOKUGAKUIN_MODERN,54588,2
T2M53501,住吉神社,すみよしじんじゃ,官幣小社,式内社,,,,福岡県,,福岡県福岡市博多区住吉,33.5858803,130.4135861,"https://maps.google.com/?q=33.5858803,130.4135861",,,國學院大學「神道・神社史料集成（現代）」収録社。,KOKUGAKUIN_MODERN,53501,2
T2M54594,光雲神社,てるもじんじゃ,県社,,,,,福岡県,,福岡県福岡市中央区西公園,33.5973278,130.3765139,"https://maps.google.com/?q=33.5973278,130.3765139",,,國學院大學「神道・神社史料集成（現代）」収録社。,KOKUGAKUIN_MODERN,54594,2
T2M54591,八坂神社,やさかじんじゃ,県社,,,,,福岡県,,福岡県北九州市小倉北区城内,33.8855500,130.8733722,"https://maps.google.com/?q=33.8855500,130.8733722",,,國學院大學「神道・神社史料集成（現代）」収録社。,KOKUGAKUIN_MODERN,54591,2
T2M54632,八坂神社,やさかじんじゃ,県社,,,,,福岡県,,福岡県みやま市瀬高町上庄,33.1524333,130.5113000,"https://maps.google.com/?q=33.1524333,130.5113000",,,國學院大學「神道・神社史料集成（現代）」収録社。,KOKUGAKUIN_MODERN,54632,2
T2M54613,八幡古表神社,はちまんこひょうじんじゃ,県社,,,,,福岡県,,福岡県築上郡吉富町小犬丸,33.6143889,131.1803944,"https://maps.google.com/?q=33.6143889,131.1803944",,,國學院大學「神道・神社史料集成（現代）」収録社。,KOKUGAKUIN_MODERN,54613,2
T2M54641,八幡宮,はちまんぐう,県社,,,,,福岡県,,福岡県朝倉市上秋月,33.4634581,130.6939111,"https://maps.google.com/?q=33.4634581,130.6939111",,,國學院大學「神道・神社史料集成（現代）」収録社。,KOKUGAKUIN_MODERN,54641,2
T2M54652,八幡神社,はちまんじんじゃ,県社,,,,,福岡県,,福岡県うきは市吉井町若宮,33.3466556,130.7349000,"https://maps.google.com/?q=33.3466556,130.7349000",,,國學院大學「神道・神社史料集成（現代）」収録社。,KOKUGAKUIN_MODERN,54652,2
T2M54651,八所神社,はっしょじんじゃ,県社,,,,,福岡県,,福岡県宗像市吉留,33.8092583,130.6176667,"https://maps.google.com/?q=33.8092583,130.6176667",,,國學院大學「神道・神社史料集成（現代）」収録社。,KOKUGAKUIN_MODERN,54651,2
T2M54647,六所神社,ろくしょじんじゃ,県社,,,,,福岡県,,福岡県糸島市志摩馬場,33.5876750,130.2046972,"https://maps.google.com/?q=33.5876750,130.2046972",,,國學院大學「神道・神社史料集成（現代）」収録社。,KOKUGAKUIN_MODERN,54647,2
T2M54634,到津八幡神社,いとうづはちまんじんじゃ,県社,,,,,福岡県,,福岡県北九州市小倉北区上到津,33.8776583,130.8533972,"https://maps.google.com/?q=33.8776583,130.8533972",,,國學院大學「神道・神社史料集成（現代）」収録社。,KOKUGAKUIN_MODERN,54634,2
T2M54650,北斗宮,ほくとぐう,県社,,,,,福岡県,,福岡県嘉麻市大隈町,33.5484417,130.7457500,"https://maps.google.com/?q=33.5484417,130.7457500",,,國學院大學「神道・神社史料集成（現代）」収録社。,KOKUGAKUIN_MODERN,54650,2
T2M54592,和布刈神社,めかりじんじゃ,県社,,,,,福岡県,,福岡県北九州市門司区門司,33.9608806,130.9623278,"https://maps.google.com/?q=33.9608806,130.9623278",,,國學院大學「神道・神社史料集成（現代）」収録社。,KOKUGAKUIN_MODERN,54592,2
T2M54610,嚴嶌神社,いつくしまじんじゃ,県社,,,,,福岡県,,福岡県飯塚市鹿毛馬,33.6729056,130.7348889,"https://maps.google.com/?q=33.6729056,130.7348889",,,國學院大學「神道・神社史料集成（現代）」収録社。,KOKUGAKUIN_MODERN,54610,2
T2M54619,垂裕神社,すいようじんじゃ,県社,,,,,福岡県,,福岡県朝倉市秋月野鳥,33.4653500,130.6963250,"https://maps.google.com/?q=33.4653500,130.6963250",,,國學院大學「神道・神社史料集成（現代）」収録社。,KOKUGAKUIN_MODERN,54619,2
T2M54611,多賀神社,たがじんじゃ,県社,,,,,福岡県,,福岡県直方市直方,33.7438611,130.7253139,"https://maps.google.com/?q=33.7438611,130.7253139",,,國學院大學「神道・神社史料集成（現代）」収録社。,KOKUGAKUIN_MODERN,54611,2
T2M54599,大富神社,おおとみじんじゃ,県社,,,,,福岡県,,福岡県豊前市四郎丸,33.6047583,131.1013139,"https://maps.google.com/?q=33.6047583,131.1013139",,,國學院大學「神道・神社史料集成（現代）」収録社。,KOKUGAKUIN_MODERN,54599,2
T2M54607,大己貴神社,おおなむちじんじゃ,県社,式内社,,,,福岡県,,福岡県朝倉郡筑前町弥永,33.4434611,130.6540528,"https://maps.google.com/?q=33.4434611,130.6540528",,,國學院大學「神道・神社史料集成（現代）」収録社。,KOKUGAKUIN_MODERN,54607,2
T2M54603,大祖大神社,たいそだいじんじゃ,県社,,,,,福岡県,,福岡県行橋市元永,33.7197778,131.0099833,"https://maps.google.com/?q=33.7197778,131.0099833",,,國學院大學「神道・神社史料集成（現代）」収録社。,KOKUGAKUIN_MODERN,54603,2
T2M54604,天満神社,てんまんじんじゃ,県社,,,,,福岡県,,福岡県久留米市北野町中,33.3436139,130.5844694,"https://maps.google.com/?q=33.3436139,130.5844694",,,國學院大學「神道・神社史料集成（現代）」収録社。,KOKUGAKUIN_MODERN,54604,2
T2M54629,天照皇太神宮,てんしょうこうたいじんぐう,県社,,,,,福岡県,,福岡県糟屋郡久山町猪野,33.6702250,130.5119806,"https://maps.google.com/?q=33.6702250,130.5119806",,,國學院大學「神道・神社史料集成（現代）」収録社。,KOKUGAKUIN_MODERN,54629,2
T2M54653,天照神社,てんしょうじんじゃ,県社,,,,,福岡県,,福岡県宮若市磯光,33.7244444,130.6855917,"https://maps.google.com/?q=33.7244444,130.6855917",,,國學院大學「神道・神社史料集成（現代）」収録社。,KOKUGAKUIN_MODERN,54653,2
T2M54606,太祖神社,たいそじんじゃ,県社,,,,,福岡県,,福岡県糟屋郡篠栗町若杉,33.6114972,130.5209972,"https://maps.google.com/?q=33.6114972,130.5209972",,,國學院大學「神道・神社史料集成（現代）」収録社。,KOKUGAKUIN_MODERN,54606,2
T2M54601,宇美八幡宮,うみはちまんぐう,県社,,,,,福岡県,,福岡県糟屋郡宇美町宇美,33.5703500,130.5087889,"https://maps.google.com/?q=33.5703500,130.5087889",,,國學院大學「神道・神社史料集成（現代）」収録社。,KOKUGAKUIN_MODERN,54601,2
T2M54620,宇美八幡宮,うみはちまんぐう,県社,,,,,福岡県,,福岡県糸島市川付,33.5079000,130.1929028,"https://maps.google.com/?q=33.5079000,130.1929028",,,國學院大學「神道・神社史料集成（現代）」収録社。,KOKUGAKUIN_MODERN,54620,2
T2M53422,宗像大社,むなかたたいしゃ,官幣大社,式内社,,,,福岡県,,福岡県宗像市田島,33.8312611,130.5141222,"https://maps.google.com/?q=33.8312611,130.5141222",,,國學院大學「神道・神社史料集成（現代）」収録社。,KOKUGAKUIN_MODERN,53422,2
T2M54609,宮地嶽神社,みやじだけじんじゃ,県社,,,,,福岡県,,福岡県福津市宮司元町,33.7799361,130.4862639,"https://maps.google.com/?q=33.7799361,130.4862639",,,國學院大學「神道・神社史料集成（現代）」収録社。,KOKUGAKUIN_MODERN,54609,2
T2M54600,小笠原神社,おがさわらじんじゃ,県社,,,,,福岡県,,福岡県京都郡みやこ町豊津,33.6714222,130.9711333,"https://maps.google.com/?q=33.6714222,130.9711333",,,國學院大學「神道・神社史料集成（現代）」収録社。,KOKUGAKUIN_MODERN,54600,2
T2M54590,御勢大霊石神社,みせたいれいせきじんじゃ,県社,式内社,,,,福岡県,,福岡県小郡市大保,33.4120472,130.5633361,"https://maps.google.com/?q=33.4120472,130.5633361",,,國學院大學「神道・神社史料集成（現代）」収録社。,KOKUGAKUIN_MODERN,54590,2
T2M54635,御祖神社,みおやじんじゃ,県社,,,,,福岡県,,福岡県北九州市小倉北区妙見町,33.8625667,130.9029556,"https://maps.google.com/?q=33.8625667,130.9029556",,,國學院大學「神道・神社史料集成（現代）」収録社。,KOKUGAKUIN_MODERN,54635,2
T2M54617,志登神社,しとじんじゃ,県社,式内社,,,,福岡県,,福岡県糸島市志登,33.5741667,130.2221528,"https://maps.google.com/?q=33.5741667,130.2221528",,,國學院大學「神道・神社史料集成（現代）」収録社。,KOKUGAKUIN_MODERN,54617,2
T2M53502,志賀海神社,しかうみじんじゃ,官幣小社,式内社,,,,福岡県,,福岡県福岡市東区志賀島字勝山,33.6679053,130.3132342,"https://maps.google.com/?q=33.6679053,130.3132342",,,國學院大學「神道・神社史料集成（現代）」収録社。,KOKUGAKUIN_MODERN,53502,2
T2M54656,戸上神社,とのえじんじゃ,県社,,,,,福岡県,,福岡県北九州市門司区大里戸ノ上,33.9015722,130.9439000,"https://maps.google.com/?q=33.9015722,130.9439000",,,國學院大學「神道・神社史料集成（現代）」収録社。,KOKUGAKUIN_MODERN,54656,2
T2M54645,日吉神社,ひよしじんじゃ,県社,,,,,福岡県,,福岡県柳川市坂本町,33.1633083,130.4024500,"https://maps.google.com/?q=33.1633083,130.4024500",,,國學院大學「神道・神社史料集成（現代）」収録社。,KOKUGAKUIN_MODERN,54645,2
T2M54642,春日神社,かすがじんじゃ,県社,,,,,福岡県,,福岡県春日市春日,33.5218333,130.4694167,"https://maps.google.com/?q=33.5218333,130.4694167",,,國學院大學「神道・神社史料集成（現代）」収録社。,KOKUGAKUIN_MODERN,54642,2
T2M54654,春日神社,かすがじんじゃ,県社,,,,,福岡県,,福岡県北九州市八幡西区藤田,33.8653778,130.7732167,"https://maps.google.com/?q=33.8653778,130.7732167",,,國學院大學「神道・神社史料集成（現代）」収録社。,KOKUGAKUIN_MODERN,54654,2
T2M54633,曩祖八幡宮,のうそはちまんぐう,県社,,,,,福岡県,,福岡県飯塚市宮町,33.6408528,130.6838472,"https://maps.google.com/?q=33.6408528,130.6838472",,,國學院大學「神道・神社史料集成（現代）」収録社。,KOKUGAKUIN_MODERN,54633,2
T2M54637,枝光八幡宮,えだみつはちまんぐう,県社,,,,,福岡県,,福岡県北九州市八幡東区諏訪,33.8718556,130.8201222,"https://maps.google.com/?q=33.8718556,130.8201222",,,國學院大學「神道・神社史料集成（現代）」収録社。,KOKUGAKUIN_MODERN,54637,2
T2M54615,櫛田神社,くしだじんじゃ,県社,,,,,福岡県,,福岡県福岡市博多区上川端町,33.5930583,130.4106306,"https://maps.google.com/?q=33.5930583,130.4106306",,,國學院大學「神道・神社史料集成（現代）」収録社。,KOKUGAKUIN_MODERN,54615,2
T2M54630,櫻井神社,さくらいじんじゃ,県社,,,,,福岡県,,福岡県糸島市志摩桜井,33.6282667,130.1919972,"https://maps.google.com/?q=33.6282667,130.1919972",,,國學院大學「神道・神社史料集成（現代）」収録社。,KOKUGAKUIN_MODERN,54630,2
T2M54587,水天宮,すいてんぐう,県社,,,,,福岡県,,福岡県久留米市瀬下町,33.3203250,130.4959583,"https://maps.google.com/?q=33.3203250,130.4959583",,,國學院大學「神道・神社史料集成（現代）」収録社。,KOKUGAKUIN_MODERN,54587,2
T2M54605,水田天満宮,みずたてんまんぐう,県社,,,,,福岡県,,福岡県筑後市水田,33.1985306,130.4856917,"https://maps.google.com/?q=33.1985306,130.4856917",,,國學院大學「神道・神社史料集成（現代）」収録社。,KOKUGAKUIN_MODERN,54605,2
T2M54598,玉垂宮,たまたれぐう,県社,,,,,福岡県,,福岡県久留米市大善寺町宮本,33.2756833,130.4742889,"https://maps.google.com/?q=33.2756833,130.4742889",,,國學院大學「神道・神社史料集成（現代）」収録社。,KOKUGAKUIN_MODERN,54598,2
T2M54655,生立八幡宮,おいたつはちまんぐう,県社,,,,,福岡県,,福岡県京都郡犀川町生立,33.6547389,130.9359722,"https://maps.google.com/?q=33.6547389,130.9359722",,,國學院大學「神道・神社史料集成（現代）」収録社。,KOKUGAKUIN_MODERN,54655,2
T2M54625,甲宗八幡神社,こうそうはちまんじんじゃ,県社,,,,,福岡県,,福岡県北九州市門司区旧門司,33.9528167,130.9677167,"https://maps.google.com/?q=33.9528167,130.9677167",,,國學院大學「神道・神社史料集成（現代）」収録社。,KOKUGAKUIN_MODERN,54625,2
T2M54658,白山神社,はくさんじんじゃ,県社,,,,,福岡県,,福岡県北九州市若松区白山,33.9059528,130.8009528,"https://maps.google.com/?q=33.9059528,130.8009528",,,國學院大學「神道・神社史料集成（現代）」収録社。,KOKUGAKUIN_MODERN,54658,2
T2M54623,神武天皇社,じんむてんのうしゃ,県社,,,,,福岡県,,福岡県遠賀郡芦屋町正門町,33.8888667,130.6599611,"https://maps.google.com/?q=33.8888667,130.6599611",,,國學院大學「神道・神社史料集成（現代）」収録社。,KOKUGAKUIN_MODERN,54623,2
T2M53500,竈門神社,かまどじんじゃ,官幣小社,式内社,,,,福岡県,,福岡県太宰府市内山字御供屋谷,33.5288097,130.5522592,"https://maps.google.com/?q=33.5288097,130.5522592",,,國學院大學「神道・神社史料集成（現代）」収録社。,KOKUGAKUIN_MODERN,53500,2
T2M54616,筑紫神社,ちくしじんじゃ,県社,式内社,,,,福岡県,,福岡県筑紫野市原田,33.4570528,130.5428417,"https://maps.google.com/?q=33.4570528,130.5428417",,,國學院大學「神道・神社史料集成（現代）」収録社。,KOKUGAKUIN_MODERN,54616,2
T2M54597,篠山神社,ささやまじんじゃ,県社,,,,,福岡県,,福岡県久留米市篠山町,33.3288972,130.5079278,"https://maps.google.com/?q=33.3288972,130.5079278",,,國學院大學「神道・神社史料集成（現代）」収録社。,KOKUGAKUIN_MODERN,54597,2
T2M54638,篠崎八幡神社,しのざきはちまんじんじゃ,県社,,,,,福岡県,,福岡県北九州市小倉北区篠崎,33.8648778,130.8694611,"https://maps.google.com/?q=33.8648778,130.8694611",,,國學院大學「神道・神社史料集成（現代）」収録社。,KOKUGAKUIN_MODERN,54638,2
T2M54626,紅葉八幡宮,もみじはちまんぐう,県社,,,,,福岡県,,福岡県福岡市早良区高取,33.5782889,130.3510278,"https://maps.google.com/?q=33.5782889,130.3510278",,,國學院大學「神道・神社史料集成（現代）」収録社。,KOKUGAKUIN_MODERN,54626,2
T2M54643,綱分八幡宮,つなわけはちまんぐう,県社,,,,,福岡県,,福岡県飯塚市綱分,33.6359169,130.7321511,"https://maps.google.com/?q=33.6359169,130.7321511",,,國學院大學「神道・神社史料集成（現代）」収録社。,KOKUGAKUIN_MODERN,54643,2
T2M54624,綱敷天満宮,つなしきてんまんぐう,県社,,,,,福岡県,,福岡県築上郡築上町高塚,33.6604111,131.0639722,"https://maps.google.com/?q=33.6604111,131.0639722",,,國學院大學「神道・神社史料集成（現代）」収録社。,KOKUGAKUIN_MODERN,54624,2
T2M54639,織幡神社,おりはたじんじゃ,県社,式内社,,,,福岡県,,福岡県宗像市鐘崎字岬,33.8877250,130.5256111,"https://maps.google.com/?q=33.8877250,130.5256111",,,國學院大學「神道・神社史料集成（現代）」収録社。,KOKUGAKUIN_MODERN,54639,2
T2M54608,美奈宜神社,みなぎじんじゃ,県社,式内社,,,,福岡県,,福岡県朝倉市林田,33.3744444,130.6736444,"https://maps.google.com/?q=33.3744444,130.6736444",,,國學院大學「神道・神社史料集成（現代）」収録社。,KOKUGAKUIN_MODERN,54608,2
T2M54614,美奈宜神社,みなぎじんじゃ,県社,式内社,,,,福岡県,,福岡県朝倉市荷原,33.4305889,130.7173472,"https://maps.google.com/?q=33.4305889,130.7173472",,,國學院大學「神道・神社史料集成（現代）」収録社。,KOKUGAKUIN_MODERN,54614,2
T2M54657,若宮八幡宮,わかみやはちまんぐう,県社,,,,,福岡県,,福岡県久留米市草野町吉木,33.3092500,130.6258083,"https://maps.google.com/?q=33.3092500,130.6258083",,,國學院大學「神道・神社史料集成（現代）」収録社。,KOKUGAKUIN_MODERN,54657,2
T2M53443,英彦山神宮,ひこさんじんぐう,官幣中社,,,,,福岡県,,福岡県田川郡添田町英彦山,33.4779611,130.9261472,"https://maps.google.com/?q=33.4779611,130.9261472",,,國學院大學「神道・神社史料集成（現代）」収録社。,KOKUGAKUIN_MODERN,53443,2
T2M54659,荒穂神社,あらほじんじゃ,県社,,,,,福岡県,,福岡県嘉麻市牛隈,33.5687889,130.7299611,"https://maps.google.com/?q=33.5687889,130.7299611",,,國學院大學「神道・神社史料集成（現代）」収録社。,KOKUGAKUIN_MODERN,54659,2
T2M54649,菊池神社,きくちじんじゃ,県社,,,,,福岡県,,福岡県福岡市城南区七隈,33.5518194,130.3608778,"https://maps.google.com/?q=33.5518194,130.3608778",,,國學院大學「神道・神社史料集成（現代）」収録社。,KOKUGAKUIN_MODERN,54649,2
T2M54631,蒲生八幡神社,がもうはちまんじんじゃ,県社,,,,,福岡県,,福岡県北九州市小倉南区蒲生,33.8371333,130.8584500,"https://maps.google.com/?q=33.8371333,130.8584500",,,國學院大學「神道・神社史料集成（現代）」収録社。,KOKUGAKUIN_MODERN,54631,2
T2M54618,警固神社,けごじんじゃ,県社,,,,,福岡県,,福岡県福岡市中央区天神,33.5877500,130.3998000,"https://maps.google.com/?q=33.5877500,130.3998000",,,國學院大學「神道・神社史料集成（現代）」収録社。,KOKUGAKUIN_MODERN,54618,2
T2M54627,豊山八幡神社,とよやまはちまんじんじゃ,県社,,,,,福岡県,,福岡県北九州市八幡東区春の町,33.8673194,130.8007000,"https://maps.google.com/?q=33.8673194,130.8007000",,,國學院大學「神道・神社史料集成（現代）」収録社。,KOKUGAKUIN_MODERN,54627,2
T2M54621,雷神社,いかづちじんじゃ,県社,,,,,福岡県,,福岡県糸島市雷山,33.4037139,130.6945667,"https://maps.google.com/?q=33.4037139,130.6945667",,,國學院大學「神道・神社史料集成（現代）」収録社。,KOKUGAKUIN_MODERN,54621,2
T2M54602,須佐神社,すさじんじゃ,県社,,,,,福岡県,,福岡県行橋市元永,33.7198694,131.0099333,"https://maps.google.com/?q=33.7198694,131.0099333",,,國學院大學「神道・神社史料集成（現代）」収録社。,KOKUGAKUIN_MODERN,54602,2
T2M54589,風浪宮,ふうろうぐう,県社,,,,,福岡県,,福岡県大川市酒見,33.2112222,130.3867389,"https://maps.google.com/?q=33.2112222,130.3867389",,,國學院大學「神道・神社史料集成（現代）」収録社。,KOKUGAKUIN_MODERN,54589,2
T2M54646,飛幡八幡宮,とびはたはちまんぐう,県社,,,,,福岡県,,福岡県北九州市戸畑区浅生,33.8935806,130.8274806,"https://maps.google.com/?q=33.8935806,130.8274806",,,國學院大學「神道・神社史料集成（現代）」収録社。,KOKUGAKUIN_MODERN,54646,2
T2M54593,香春神社,かわらじんじゃ,県社,式内社,,,,福岡県,,福岡県田川郡香春町,33.6695833,130.8400889,"https://maps.google.com/?q=33.6695833,130.8400889",,,國學院大學「神道・神社史料集成（現代）」収録社。,KOKUGAKUIN_MODERN,54593,2
T2M53423,香椎宮,かしいぐう,官幣大社,,,,,福岡県,,福岡県福岡市東区香椎,33.6533528,130.4527250,"https://maps.google.com/?q=33.6533528,130.4527250",,,國學院大學「神道・神社史料集成（現代）」収録社。,KOKUGAKUIN_MODERN,53423,2
T2M54644,高住神社,たかすみじんじゃ,県社,,,,,福岡県,,福岡県田川郡添田町英彦山,33.4843250,130.9327778,"https://maps.google.com/?q=33.4843250,130.9327778",,,國學院大學「神道・神社史料集成（現代）」収録社。,KOKUGAKUIN_MODERN,54644,2
T2M54622,高倉神社,たかくらじんじゃ,県社,,,,,福岡県,,福岡県遠賀郡岡垣町高倉,33.8467667,130.6006528,"https://maps.google.com/?q=33.8467667,130.6006528",,,國學院大學「神道・神社史料集成（現代）」収録社。,KOKUGAKUIN_MODERN,54622,2
T2M54640,高木神社,たかきじんじゃ,県社,,,,,福岡県,,福岡県嘉麻市小野谷,33.5149722,130.7814667,"https://maps.google.com/?q=33.5149722,130.7814667",,,國學院大學「神道・神社史料集成（現代）」収録社。,KOKUGAKUIN_MODERN,54640,2
T2M54636,高祖神社,たかすじんじゃ,県社,,,,,福岡県,,福岡県糸島市高祖,33.5447583,130.2603861,"https://maps.google.com/?q=33.5447583,130.2603861",,,國學院大學「神道・神社史料集成（現代）」収録社。,KOKUGAKUIN_MODERN,54636,2
T2M53424,高良大社,こうらたいしゃ,国幣大社,式内社,,,,福岡県,,福岡県久留米市御井町,33.3016583,130.5657389,"https://maps.google.com/?q=33.3016583,130.5657389",,,國學院大學「神道・神社史料集成（現代）」収録社。,KOKUGAKUIN_MODERN,53424,2
T2M54612,鳥野神社,とりのじんじゃ,県社,,,,,福岡県,,福岡県直方市頓野,33.7535194,130.7772444,"https://maps.google.com/?q=33.7535194,130.7772444",,,國學院大學「神道・神社史料集成（現代）」収録社。,KOKUGAKUIN_MODERN,54612,2
T2M54586,鳥飼八幡宮,とりかいはちまんぐう,県社,,,,,福岡県,,福岡県福岡市中央区今川,33.5873167,130.3660444,"https://maps.google.com/?q=33.5873167,130.3660444",,,國學院大學「神道・神社史料集成（現代）」収録社。,KOKUGAKUIN_MODERN,54586,2
T2M54648,鷹尾神社,たかおじんじゃ,県社,,,,,福岡県,,福岡県柳川市大和町鷹ノ尾,33.1297972,130.4416167,"https://maps.google.com/?q=33.1297972,130.4416167",,,國學院大學「神道・神社史料集成（現代）」収録社。,KOKUGAKUIN_MODERN,54648,2
T2M53699,くさ野神社,くさのじんじゃ,県社,式内社,,,,福島県,,福島県双葉郡浪江町請戸東迎,37.4806669,141.0393931,"https://maps.google.com/?q=37.4806669,141.0393931",,,國學院大學「神道・神社史料集成（現代）」収録社。,KOKUGAKUIN_MODERN,53699,2
T2M53688,三春大神宮,みはるだいじんぐう,県社,,,,,福島県,,福島県田村郡三春町馬場,37.4380281,140.4858739,"https://maps.google.com/?q=37.4380281,140.4858739",,,國學院大學「神道・神社史料集成（現代）」収録社。,KOKUGAKUIN_MODERN,53688,2
T2M53693,二本松神社,にほんまつじんじゃ,県社,,,,,福島県,,福島県二本松市本町,37.5924211,140.4345550,"https://maps.google.com/?q=37.5924211,140.4345550",,,國學院大學「神道・神社史料集成（現代）」収録社。,KOKUGAKUIN_MODERN,53693,2
T2M53703,住吉神社,すみよしじんじゃ,県社,式内社,,,,福島県,,福島県いわき市内郷高坂町三本杉,37.0412319,140.8527839,"https://maps.google.com/?q=37.0412319,140.8527839",,,國學院大學「神道・神社史料集成（現代）」収録社。,KOKUGAKUIN_MODERN,53703,2
T2M53706,北宮諏方神社,きたみやすわじんじゃ,県社,,,,,福島県,,福島県喜多方市字諏訪,37.6537461,139.8697139,"https://maps.google.com/?q=37.6537461,139.8697139",,,國學院大學「神道・神社史料集成（現代）」収録社。,KOKUGAKUIN_MODERN,53706,2
T2M53697,南湖神社,なんこじんじゃ,県社,,,,,福島県,,福島県白河市菅生舘,37.1128131,140.2189731,"https://maps.google.com/?q=37.1128131,140.2189731",,,國學院大學「神道・神社史料集成（現代）」収録社。,KOKUGAKUIN_MODERN,53697,2
T2M53675,土津神社,はにつじんじゃ,県社,,,,,福島県,,福島県耶麻郡猪苗代町見禰山,37.5706800,140.1005719,"https://maps.google.com/?q=37.5706800,140.1005719",,,國學院大學「神道・神社史料集成（現代）」収録社。,KOKUGAKUIN_MODERN,53675,2
T2M53709,多珂神社,たかじんじゃ,県社,式内社,,,,福島県,,福島県南相馬市原町区高城ノ内,37.6007469,140.9926989,"https://maps.google.com/?q=37.6007469,140.9926989",,,國學院大學「神道・神社史料集成（現代）」収録社。,KOKUGAKUIN_MODERN,53709,2
T2M53698,大国魂神社,おおくにたまじんじゃ,県社,式内社,,,,福島県,,福島県いわき市平菅波宮前,37.0525081,140.9398781,"https://maps.google.com/?q=37.0525081,140.9398781",,,國學院大學「神道・神社史料集成（現代）」収録社。,KOKUGAKUIN_MODERN,53698,2
T2M53673,子鍬倉神社,こくわくらじんじゃ,県社,式内社,,,,福島県,,福島県いわき市平揚土,37.0567850,140.8859469,"https://maps.google.com/?q=37.0567850,140.8859469",,,國學院大學「神道・神社史料集成（現代）」収録社。,KOKUGAKUIN_MODERN,53673,2
T2M53708,宇迦神社,うがじんじゃ,県社,,,,,福島県,,福島県東白川郡棚倉町棚倉風呂ヶ沢,37.0394269,140.3802381,"https://maps.google.com/?q=37.0394269,140.3802381",,,國學院大學「神道・神社史料集成（現代）」収録社。,KOKUGAKUIN_MODERN,53708,2
T2M53689,安積国造神社,あさかくにつこじんじゃ,県社,,,,,福島県,,福島県郡山市字清水台,37.3987181,140.3821550,"https://maps.google.com/?q=37.3987181,140.3821550",,,國學院大學「神道・神社史料集成（現代）」収録社。,KOKUGAKUIN_MODERN,53689,2
T2M53694,安達太良神社,あだたらじんじゃ,県社,,,,,福島県,,福島県本宮市本宮舘ノ越,37.5211039,140.4044200,"https://maps.google.com/?q=37.5211039,140.4044200",,,國學院大學「神道・神社史料集成（現代）」収録社。,KOKUGAKUIN_MODERN,53694,2
T2M53700,心清水八幡神社,こころしみずはちまんじんじゃ,県社,,,,,福島県,,福島県河沼郡会津坂下町塔寺松原,37.5750189,139.7977400,"https://maps.google.com/?q=37.5750189,139.7977400",,,國學院大學「神道・神社史料集成（現代）」収録社。,KOKUGAKUIN_MODERN,53700,2
T2M53707,愛宕花園神社,あたごはなぞのじんじゃ,県社,,,,,福島県,,福島県いわき市平下神谷宿,37.0696439,140.9432469,"https://maps.google.com/?q=37.0696439,140.9432469",,,國學院大學「神道・神社史料集成（現代）」収録社。,KOKUGAKUIN_MODERN,53707,2
T2M53691,板倉神社,いたくらじんじゃ,県社,,,,,福島県,,福島県福島市杉妻町,37.7500289,140.4688789,"https://maps.google.com/?q=37.7500289,140.4688789",,,國學院大學「神道・神社史料集成（現代）」収録社。,KOKUGAKUIN_MODERN,53691,2
T2M53682,桙衝神社,ほこつきじんじゃ,県社,式内社,,,,福島県,,福島県須賀川市桙衡字亀居山,37.2709431,140.2614911,"https://maps.google.com/?q=37.2709431,140.2614911",,,國學院大學「神道・神社史料集成（現代）」収録社。,KOKUGAKUIN_MODERN,53682,2
T2M53704,温泉神社,おんせんじんじゃ,県社,式内社,,,,福島県,,福島県いわき市常盤湯本町三函,37.0084019,140.8454161,"https://maps.google.com/?q=37.0084019,140.8454161",,,國學院大學「神道・神社史料集成（現代）」収録社。,KOKUGAKUIN_MODERN,53704,2
T2M53690,熊野神社,くまのじんじゃ,県社,,,,,福島県,,福島県いわき市錦町字御宝殿,36.9126069,140.7874131,"https://maps.google.com/?q=36.9126069,140.7874131",,,國學院大學「神道・神社史料集成（現代）」収録社。,KOKUGAKUIN_MODERN,53690,2
T2M53702,熊野神社,くまのじんじゃ,県社,,,,,福島県,,福島県喜多方市慶徳町新宮,37.6190539,139.8301681,"https://maps.google.com/?q=37.6190539,139.8301681",,,國學院大學「神道・神社史料集成（現代）」収録社。,KOKUGAKUIN_MODERN,53702,2
T2M53696,田村神社,たむらじんじゃ,県社,,,,,福島県,,福島県郡山市田村町山中字本郷,37.3383719,140.4062261,"https://maps.google.com/?q=37.3383719,140.4062261",,,國學院大學「神道・神社史料集成（現代）」収録社。,KOKUGAKUIN_MODERN,53696,2
T2M53701,白和瀬神社,しらわせじんじゃ,県社,式内社,,,,福島県,,福島県福島市大笹生折戸,37.7956950,140.3914039,"https://maps.google.com/?q=37.7956950,140.3914039",,,國學院大學「神道・神社史料集成（現代）」収録社。,KOKUGAKUIN_MODERN,53701,2
T2M53680,相馬中村神社,そうまなかむらじんじゃ,県社,,,,,福島県,,福島県相馬市中村北町,37.7972269,140.9130750,"https://maps.google.com/?q=37.7972269,140.9130750",,,國學院大學「神道・神社史料集成（現代）」収録社。,KOKUGAKUIN_MODERN,53680,2
T2M53683,相馬太田神社,そうまおおたじんじゃ,県社,,,,,福島県,,福島県南相馬市原町区中太田字舘腰,37.6107869,140.9675131,"https://maps.google.com/?q=37.6107869,140.9675131",,,國學院大學「神道・神社史料集成（現代）」収録社。,KOKUGAKUIN_MODERN,53683,2
T2M53687,相馬小高神社,そうまおだかじんじゃ,県社,,,,,福島県,,福島県南相馬市小高区小高古城,37.5687561,140.9902581,"https://maps.google.com/?q=37.5687561,140.9902581",,,國學院大學「神道・神社史料集成（現代）」収録社。,KOKUGAKUIN_MODERN,53687,2
T2M53679,相馬神社,そうまじんじゃ,県社,,,,,福島県,,福島県相馬市中村北町,37.7981750,140.9144961,"https://maps.google.com/?q=37.7981750,140.9144961",,,國學院大學「神道・神社史料集成（現代）」収録社。,KOKUGAKUIN_MODERN,53679,2
T2M53674,磐椅神社,いわはしじんじゃ,県社,式内社,,,,福島県,,福島県耶麻郡猪苗代町西峯,37.5711839,140.1047911,"https://maps.google.com/?q=37.5711839,140.1047911",,,國學院大學「神道・神社史料集成（現代）」収録社。,KOKUGAKUIN_MODERN,53674,2
T2M53681,福島稲荷神社,ふくしまいなりじんじゃ,県社,,,,,福島県,,福島県福島市宮町,37.7554819,140.4687611,"https://maps.google.com/?q=37.7554819,140.4687611",,,國學院大學「神道・神社史料集成（現代）」収録社。,KOKUGAKUIN_MODERN,53681,2
T2M53705,稲荷神社,いなりじんじゃ,県社,,,,,福島県,,福島県南相馬市小高区蛯沢廣畑,37.5398900,141.0196519,"https://maps.google.com/?q=37.5398900,141.0196519",,,國學院大學「神道・神社史料集成（現代）」収録社。,KOKUGAKUIN_MODERN,53705,2
T2M53677,蠶養国神社,こがいくにじんじゃ,県社,式内社,,,,福島県,,福島県会津若松市蚕養町,37.5046511,139.9390361,"https://maps.google.com/?q=37.5046511,139.9390361",,,國學院大學「神道・神社史料集成（現代）」収録社。,KOKUGAKUIN_MODERN,53677,2
T2M53695,諏訪神社,すわじんじゃ,県社,,,,,福島県,,福島県会津若松市本町,37.4931411,139.9211431,"https://maps.google.com/?q=37.4931411,139.9211431",,,國學院大學「神道・神社史料集成（現代）」収録社。,KOKUGAKUIN_MODERN,53695,2
T2M53396,都々古別神社,つつこわけじんじゃ,国幣中社,式内社,,,,福島県,,福島県東白川郡棚倉町八槻,36.9944139,140.3921389,"https://maps.google.com/?q=36.9944139,140.3921389",,,國學院大學「神道・神社史料集成（現代）」収録社。,KOKUGAKUIN_MODERN,53396,2
T2M53481,都々古別神社,つつこわけじんじゃ,国幣中社,式内社,,,,福島県,,福島県東白川郡棚倉町大字棚倉字馬場,37.0320428,140.3759247,"https://maps.google.com/?q=37.0320428,140.3759247",,,國學院大學「神道・神社史料集成（現代）」収録社。,KOKUGAKUIN_MODERN,53481,2
T2M53676,開成山大神宮,かいせいざんだいじんぐう,県社,,,,,福島県,,福島県郡山市開成,37.3976100,140.3532650,"https://maps.google.com/?q=37.3976100,140.3532650",,,國學院大學「神道・神社史料集成（現代）」収録社。,KOKUGAKUIN_MODERN,53676,2
T2M53685,隠津島神社,おきつしまじんじゃ,県社,式内社,,,,福島県,,福島県郡山市喜久田町堀之内宮,37.6220711,140.5770261,"https://maps.google.com/?q=37.6220711,140.5770261",,,國學院大學「神道・神社史料集成（現代）」収録社。,KOKUGAKUIN_MODERN,53685,2
T2M53548,霊山神社,りょうぜんじんじゃ,別格官幣社,,,,,福島県,,福島県伊達市霊山町大字大石字古屋舘,37.7990183,140.6462217,"https://maps.google.com/?q=37.7990183,140.6462217",,,國學院大學「神道・神社史料集成（現代）」収録社。,KOKUGAKUIN_MODERN,53548,2
T2M53686,飯豊山神社,いいでさんじんじゃ,県社,,,,,福島県,,福島県喜多方市山都町一ノ木中在家乙,37.7207669,139.7789831,"https://maps.google.com/?q=37.7207669,139.7789831",,,國學院大學「神道・神社史料集成（現代）」収録社。,KOKUGAKUIN_MODERN,53686,2
T2M53678,飯野八幡宮,いいのはちまんぐう,県社,,,,,福島県,,福島県いわき市平字八幡小路,37.0601789,140.8821250,"https://maps.google.com/?q=37.0601789,140.8821250",,,國學院大學「神道・神社史料集成（現代）」収録社。,KOKUGAKUIN_MODERN,53678,2
T2M53684,鹿嶋神社,かしまじんじゃ,県社,,,,,福島県,,福島県白河市大鹿島,37.1226861,140.2365250,"https://maps.google.com/?q=37.1226861,140.2365250",,,國學院大學「神道・神社史料集成（現代）」収録社。,KOKUGAKUIN_MODERN,53684,2
T2M53672,黒沼神社,くろのまじんじゃ,県社,式内社,,,,福島県,,福島県福島市堂殿,37.6837461,140.4699600,"https://maps.google.com/?q=37.6837461,140.4699600",,,國學院大學「神道・神社史料集成（現代）」収録社。,KOKUGAKUIN_MODERN,53672,2
T2M53629,七座神社,ななくらじんじゃ,県社,,,,,秋田県,,秋田県能代市二ツ井町小繋天神道上,40.2019750,140.2571589,"https://maps.google.com/?q=40.2019750,140.2571589",,,國學院大學「神道・神社史料集成（現代）」収録社。,KOKUGAKUIN_MODERN,53629,2
T2M53619,保呂羽山波宇志別神社,ほろわさんはうしわけじんじゃ,県社,式内社,,,,秋田県,,秋田県横手市大森町八沢木字木ノ根坂,39.3677919,140.3657539,"https://maps.google.com/?q=39.3677919,140.3657539",,,國學院大學「神道・神社史料集成（現代）」収録社。,KOKUGAKUIN_MODERN,53619,2
T2M53628,八幡神社,はちまんじんじゃ,県社,,,,,秋田県,,秋田県大仙市神岡町神宮寺,39.4889481,140.4326669,"https://maps.google.com/?q=39.4889481,140.4326669",,,國學院大學「神道・神社史料集成（現代）」収録社。,KOKUGAKUIN_MODERN,53628,2
T2M53630,八幡神社,はちまんじんじゃ,県社,,,,,秋田県,,秋田県由利本荘市東町,39.3906100,140.0546631,"https://maps.google.com/?q=39.3906100,140.0546631",,,國學院大學「神道・神社史料集成（現代）」収録社。,KOKUGAKUIN_MODERN,53630,2
T2M53631,八幡神社,はちまんじんじゃ,県社,,,,,秋田県,,秋田県横手市平鹿町浅舞字蒋沼,39.2599011,140.4915150,"https://maps.google.com/?q=39.2599011,140.4915150",,,國學院大學「神道・神社史料集成（現代）」収録社。,KOKUGAKUIN_MODERN,53631,2
T2M53638,八幡神社,はちまんじんじゃ,県社,,,,,秋田県,,秋田県能代市字柳町,40.2080961,140.0255911,"https://maps.google.com/?q=40.2080961,140.0255911",,,國學院大學「神道・神社史料集成（現代）」収録社。,KOKUGAKUIN_MODERN,53638,2
T2M53620,八幡秋田神社,はちまんあきたじんじゃ,県社,,,,,秋田県,,秋田県秋田市千秋公園,39.7215261,140.1233200,"https://maps.google.com/?q=39.7215261,140.1233200",,,國學院大學「神道・神社史料集成（現代）」収録社。,KOKUGAKUIN_MODERN,53620,2
T2M53507,古四王神社,こしおうじんじゃ,国幣小社,,,,,秋田県,,秋田県秋田市寺内字児桜,39.7362486,140.0830489,"https://maps.google.com/?q=39.7362486,140.0830489",,,國學院大學「神道・神社史料集成（現代）」収録社。,KOKUGAKUIN_MODERN,53507,2
T2M53626,土崎神明社,つちざきしんめいしゃ,県社,,,,,秋田県,,秋田県秋田市土崎港中央,39.7572550,140.0711800,"https://maps.google.com/?q=39.7572550,140.0711800",,,國學院大學「神道・神社史料集成（現代）」収録社。,KOKUGAKUIN_MODERN,53626,2
T2M53623,太平山三吉神社,たいへいざんみよしじんじゃ,県社,,,,,秋田県,,秋田県秋田市広面字赤沼,39.7260339,140.1441931,"https://maps.google.com/?q=39.7260339,140.1441931",,,國學院大學「神道・神社史料集成（現代）」収録社。,KOKUGAKUIN_MODERN,53623,2
T2M53633,彌高神社,いやたかじんじゃ,県社,,,,,秋田県,,秋田県秋田市千秋公園,39.7230031,140.1253211,"https://maps.google.com/?q=39.7230031,140.1253211",,,國學院大學「神道・神社史料集成（現代）」収録社。,KOKUGAKUIN_MODERN,53633,2
T2M53632,愛宕神社,あたごじんじゃ,県社,,,,,秋田県,,秋田県湯沢市愛宕町,39.1495819,140.4942561,"https://maps.google.com/?q=39.1495819,140.4942561",,,國學院大學「神道・神社史料集成（現代）」収録社。,KOKUGAKUIN_MODERN,53632,2
T2M53621,日吉八幡神社,ひよしはちまんじんじゃ,県社,,,,,秋田県,,秋田県秋田市八橋本町,39.7225289,140.0975731,"https://maps.google.com/?q=39.7225289,140.0975731",,,國學院大學「神道・神社史料集成（現代）」収録社。,KOKUGAKUIN_MODERN,53621,2
T2M53622,日吉神社,ひよしじんじゃ,県社,,,,,秋田県,,秋田県秋田市新屋日吉町,39.6774789,140.0825231,"https://maps.google.com/?q=39.6774789,140.0825231",,,國學院大學「神道・神社史料集成（現代）」収録社。,KOKUGAKUIN_MODERN,53622,2
T2M53635,日吉神社,ひよしじんじゃ,県社,,,,,秋田県,,秋田県能代市御指南町,40.2115619,140.0364861,"https://maps.google.com/?q=40.2115619,140.0364861",,,國學院大學「神道・神社史料集成（現代）」収録社。,KOKUGAKUIN_MODERN,53635,2
T2M53636,月山神社,がっさんじんじゃ,県社,,,,,秋田県,,秋田県鹿角市十和田毛馬内毛馬内沢,40.2761289,140.7321061,"https://maps.google.com/?q=40.2761289,140.7321061",,,國學院大學「神道・神社史料集成（現代）」収録社。,KOKUGAKUIN_MODERN,53636,2
T2M53625,東湖八坂神社,とうこやさかじんじゃ,県社,,,,,秋田県,,秋田県潟上市天王,39.8971969,139.9628589,"https://maps.google.com/?q=39.8971969,139.9628589",,,國學院大學「神道・神社史料集成（現代）」収録社。,KOKUGAKUIN_MODERN,53625,2
T2M53627,真山神社,しんざんじんじゃ,県社,,,,,秋田県,,秋田県男鹿市北浦真山字水喰沢,39.9271789,139.7670261,"https://maps.google.com/?q=39.9271789,139.7670261",,,國學院大學「神道・神社史料集成（現代）」収録社。,KOKUGAKUIN_MODERN,53627,2
T2M53634,秋田諏訪宮,あきたすわぐう,県社,,,,,秋田県,,秋田県仙北郡美郷町六郷,39.4236439,140.5430161,"https://maps.google.com/?q=39.4236439,140.5430161",,,國學院大學「神道・神社史料集成（現代）」収録社。,KOKUGAKUIN_MODERN,53634,2
T2M53624,総社神社,そうしゃじんじゃ,県社,,,,,秋田県,,秋田県秋田市川尻総社町,39.7105750,140.1000681,"https://maps.google.com/?q=39.7105750,140.1000681",,,國學院大學「神道・神社史料集成（現代）」収録社。,KOKUGAKUIN_MODERN,53624,2
T2M53637,金沢八幡宮,かねざわはちまんぐう,県社,,,,,秋田県,,秋田県横手市金沢安本館,39.3736450,140.5760361,"https://maps.google.com/?q=39.3736450,140.5760361",,,國學院大學「神道・神社史料集成（現代）」収録社。,KOKUGAKUIN_MODERN,53637,2
T2M53394,一之宮貫前神社,いちのみやぬきさきじんじゃ,国幣中社,式内社,,,,群馬県,,群馬県富岡市一ノ宮,36.2551000,138.8577139,"https://maps.google.com/?q=36.2551000,138.8577139",,,國學院大學「神道・神社史料集成（現代）」収録社。,KOKUGAKUIN_MODERN,53394,2
T2M53756,伊勢崎神社,いせさきじんじゃ,県社,,,,,群馬県,,群馬県伊勢崎市本町,36.3196400,139.1935211,"https://maps.google.com/?q=36.3196400,139.1935211",,,國學院大學「神道・神社史料集成（現代）」収録社。,KOKUGAKUIN_MODERN,53756,2
T2M53741,伊香保神社,いかほじんじゃ,県社,式内社,,,,群馬県,,群馬県渋川市伊香保町伊香保,36.4959281,138.9157731,"https://maps.google.com/?q=36.4959281,138.9157731",,,國學院大學「神道・神社史料集成（現代）」収録社。,KOKUGAKUIN_MODERN,53741,2
T2M53740,八幡宮,はちまんぐう,県社,,,,,群馬県,,群馬県前橋市本町,36.3888989,139.0704769,"https://maps.google.com/?q=36.3888989,139.0704769",,,國學院大學「神道・神社史料集成（現代）」収録社。,KOKUGAKUIN_MODERN,53740,2
T2M53757,大森神社,おおもりじんじゃ,県社,,,,,群馬県,,群馬県高崎市下室田町,36.3844211,138.8829431,"https://maps.google.com/?q=36.3844211,138.8829431",,,國學院大學「神道・神社史料集成（現代）」収録社。,KOKUGAKUIN_MODERN,53757,2
T2M53754,妙義神社,みょうぎじんじゃ,県社,,,,,群馬県,,群馬県富岡市妙義町妙義,36.3004789,138.7623911,"https://maps.google.com/?q=36.3004789,138.7623911",,,國學院大學「神道・神社史料集成（現代）」収録社。,KOKUGAKUIN_MODERN,53754,2
T2M53743,新田神社,にったじんじゃ,県社,,,,,群馬県,,群馬県太田市金山町,36.3175411,139.3777919,"https://maps.google.com/?q=36.3175411,139.3777919",,,國學院大學「神道・神社史料集成（現代）」収録社。,KOKUGAKUIN_MODERN,53743,2
T2M53748,木曾三社神社,きそさんしゃじんじゃ,県社,,,,,群馬県,,群馬県渋川市北橘町下箱田,36.4721300,139.0455700,"https://maps.google.com/?q=36.4721300,139.0455700",,,國學院大學「神道・神社史料集成（現代）」収録社。,KOKUGAKUIN_MODERN,53748,2
T2M53753,東照宮,とうしょうぐう,県社,,,,,群馬県,,群馬県前橋市大手町,36.3946119,139.0623561,"https://maps.google.com/?q=36.3946119,139.0623561",,,國學院大學「神道・神社史料集成（現代）」収録社。,KOKUGAKUIN_MODERN,53753,2
T2M53751,桐生天満宮,きりゅうてんまんぐう,県社,,,,,群馬県,,群馬県桐生市天神町,36.4220250,139.3462919,"https://maps.google.com/?q=36.4220250,139.3462919",,,國學院大學「神道・神社史料集成（現代）」収録社。,KOKUGAKUIN_MODERN,53751,2
T2M53746,榛名神社,はるなじんじゃ,県社,式内社,,,,群馬県,,群馬県高崎市榛名山町,36.4584611,138.8522050,"https://maps.google.com/?q=36.4584611,138.8522050",,,國學院大學「神道・神社史料集成（現代）」収録社。,KOKUGAKUIN_MODERN,53746,2
T2M53747,熊野神社,くまのじんじゃ,県社,,,,,群馬県,,群馬県安中市松井田町峠,36.3697450,138.6562239,"https://maps.google.com/?q=36.3697450,138.6562239",,,國學院大學「神道・神社史料集成（現代）」収録社。,KOKUGAKUIN_MODERN,53747,2
T2M53750,玉村八幡宮,たまむらはちまんぐう,県社,,,,,群馬県,,群馬県佐波郡玉村町下新田,36.3049619,139.1088381,"https://maps.google.com/?q=36.3049619,139.1088381",,,國學院大學「神道・神社史料集成（現代）」収録社。,KOKUGAKUIN_MODERN,53750,2
T2M53755,生品神社,いくしなじんじゃ,県社,,,,,群馬県,,群馬県太田市金山町,36.3174181,139.3074531,"https://maps.google.com/?q=36.3174181,139.3074531",,,國學院大學「神道・神社史料集成（現代）」収録社。,KOKUGAKUIN_MODERN,53755,2
T2M53742,総社神社,そうじゃじんじゃ,県社,,,,,群馬県,,群馬県前橋市元総社町,36.3879269,139.0378811,"https://maps.google.com/?q=36.3879269,139.0378811",,,國學院大學「神道・神社史料集成（現代）」収録社。,KOKUGAKUIN_MODERN,53742,2
T2M53744,赤城神社,あかぎじんじゃ,県社,式内社,,,,群馬県,,群馬県前橋市三夜沢町,36.4844150,139.1780419,"https://maps.google.com/?q=36.4844150,139.1780419",,,國學院大學「神道・神社史料集成（現代）」収録社。,KOKUGAKUIN_MODERN,53744,2
T2M53745,高山神社,たかやまじんじゃ,県社,,,,,群馬県,,群馬県太田市本町,36.3006669,139.3734381,"https://maps.google.com/?q=36.3006669,139.3734381",,,國學院大學「神道・神社史料集成（現代）」収録社。,KOKUGAKUIN_MODERN,53745,2
T2M53749,高崎神社,たかさきじんじゃ,県社,,,,,群馬県,,群馬県高崎市赤坂町,36.3295800,139.0003989,"https://maps.google.com/?q=36.3295800,139.0003989",,,國學院大學「神道・神社史料集成（現代）」収録社。,KOKUGAKUIN_MODERN,53749,2
T2M53723,健田須賀神社,たけだすがじんじゃ,県社,式内社,,,,茨城県,,茨城県結城市結城,36.3023681,139.8748450,"https://maps.google.com/?q=36.3023681,139.8748450",,,國學院大學「神道・神社史料集成（現代）」収録社。,KOKUGAKUIN_MODERN,53723,2
T2M53724,八幡宮,はちまんぐう,県社,,,,,茨城県,,茨城県高萩市安良川,36.7145139,140.7036531,"https://maps.google.com/?q=36.7145139,140.7036531",,,國學院大學「神道・神社史料集成（現代）」収録社。,KOKUGAKUIN_MODERN,53724,2
T2M53710,吉田神社,よしだじんじゃ,県社,式内社,,,,茨城県,,茨城県水戸市宮内町,36.3617939,140.4824350,"https://maps.google.com/?q=36.3617939,140.4824350",,,國學院大學「神道・神社史料集成（現代）」収録社。,KOKUGAKUIN_MODERN,53710,2
T2M53721,大宝八幡宮,だいほうはちまんぐう,県社,,,,,茨城県,,茨城県下妻市大宝,36.2045289,139.9714481,"https://maps.google.com/?q=36.2045289,139.9714481",,,國學院大學「神道・神社史料集成（現代）」収録社。,KOKUGAKUIN_MODERN,53721,2
T2M53487,大洗磯前神社,おおあらいいそさきじんじゃ,国幣中社,式内社,,,,茨城県,,茨城県東茨城郡大洗町磯浜町,36.3158233,140.5875269,"https://maps.google.com/?q=36.3158233,140.5875269",,,國學院大學「神道・神社史料集成（現代）」収録社。,KOKUGAKUIN_MODERN,53487,2
T2M53545,常磐神社,ときわじんじゃ,別格官幣社,,,,,茨城県,,茨城県水戸市常磐町,36.3748261,140.4557069,"https://maps.google.com/?q=36.3748261,140.4557069",,,國學院大學「神道・神社史料集成（現代）」収録社。,KOKUGAKUIN_MODERN,53545,2
T2M53716,息栖神社,いきすじんじゃ,県社,,,,,茨城県,,茨城県神栖市息栖,35.8857969,140.6250650,"https://maps.google.com/?q=35.8857969,140.6250650",,,國學院大學「神道・神社史料集成（現代）」収録社。,KOKUGAKUIN_MODERN,53716,2
T2M53715,東照宮,とうしょうぐう,県社,,,,,茨城県,,茨城県水戸市宮町,36.3724681,140.4733669,"https://maps.google.com/?q=36.3724681,140.4733669",,,國學院大學「神道・神社史料集成（現代）」収録社。,KOKUGAKUIN_MODERN,53715,2
T2M53712,楯縫神社,たてぬいじんじゃ,県社,式内社,,,,茨城県,,茨城県稲敷郡美浦村郷中,36.0131700,140.3030089,"https://maps.google.com/?q=36.0131700,140.3030089",,,國學院大學「神道・神社史料集成（現代）」収録社。,KOKUGAKUIN_MODERN,53712,2
T2M53719,橿原神宮,かしはらじんぐう,県社,,,,,茨城県,,茨城県ひたちなか市富士ノ上,36.3459411,140.5966219,"https://maps.google.com/?q=36.3459411,140.5966219",,,國學院大學「神道・神社史料集成（現代）」収録社。,KOKUGAKUIN_MODERN,53719,2
T2M53717,水戸八幡宮,みとはちまんぐう,県社,,,,,茨城県,,茨城県水戸市八幡町,36.3878000,140.4598561,"https://maps.google.com/?q=36.3878000,140.4598561",,,國學院大學「神道・神社史料集成（現代）」収録社。,KOKUGAKUIN_MODERN,53717,2
T2M53720,稲田神社,いなだじんじゃ,県社,式内社,,,,茨城県,,茨城県笠間市稲田,36.3685589,140.2065589,"https://maps.google.com/?q=36.3685589,140.2065589",,,國學院大學「神道・神社史料集成（現代）」収録社。,KOKUGAKUIN_MODERN,53720,2
T2M53714,筑波山神社,つくばさんじんじゃ,県社,式内社,,,,茨城県,,茨城県つくば市筑波,36.2135731,140.1012719,"https://maps.google.com/?q=36.2135731,140.1012719",,,國學院大學「神道・神社史料集成（現代）」収録社。,KOKUGAKUIN_MODERN,53714,2
T2M53722,総社宮,そうしゃぐう,県社,,,,,茨城県,,茨城県石岡市総社,36.1878800,140.2690650,"https://maps.google.com/?q=36.1878800,140.2690650",,,國學院大學「神道・神社史料集成（現代）」収録社。,KOKUGAKUIN_MODERN,53722,2
T2M53725,西金砂神社,にしかなさじんじゃ,県社,,,,,茨城県,,茨城県常陸太田市上宮河内,36.6563139,140.4516219,"https://maps.google.com/?q=36.6563139,140.4516219",,,國學院大學「神道・神社史料集成（現代）」収録社。,KOKUGAKUIN_MODERN,53725,2
T2M53486,酒列磯前神社,さかつらいそさきじんじゃ,国幣中社,式内社,,,,茨城県,,茨城県ひたちなか市磯崎町,36.3823694,140.6233531,"https://maps.google.com/?q=36.3823694,140.6233531",,,國學院大學「神道・神社史料集成（現代）」収録社。,KOKUGAKUIN_MODERN,53486,2
T2M53713,阿彌神社,あみじんじゃ,県社,式内社,,,,茨城県,,茨城県稲敷郡阿見町竹来,36.0342511,140.2346739,"https://maps.google.com/?q=36.0342511,140.2346739",,,國學院大學「神道・神社史料集成（現代）」収録社。,KOKUGAKUIN_MODERN,53713,2
T2M53711,静神社,しずじんじゃ,県社,式内社,,,,茨城県,,茨城県那珂市静,36.5019419,140.4222300,"https://maps.google.com/?q=36.5019419,140.4222300",,,國學院大學「神道・神社史料集成（現代）」収録社。,KOKUGAKUIN_MODERN,53711,2
T2M53718,鹿島神社,かしまじんじゃ,県社,,,,,茨城県,,茨城県水戸市三の丸,36.3752211,140.4765050,"https://maps.google.com/?q=36.3752211,140.4765050",,,國學院大學「神道・神社史料集成（現代）」収録社。,KOKUGAKUIN_MODERN,53718,2
T2M54689,亀山八幡宮,かめやまはちまんぐう,県社,,,,,長崎県,,長崎県佐世保市八幡町,33.1818222,129.7171778,"https://maps.google.com/?q=33.1818222,129.7171778",,,國學院大學「神道・神社史料集成（現代）」収録社。,KOKUGAKUIN_MODERN,54689,2
T2M54677,亀岡神社,かめおかじんじゃ,県社,,,,,長崎県,,長崎県平戸市岩の上町,33.3681083,129.5568917,"https://maps.google.com/?q=33.3681083,129.5568917",,,國學院大學「神道・神社史料集成（現代）」収録社。,KOKUGAKUIN_MODERN,54677,2
T2M53429,住吉神社,すみよしじんじゃ,国幣中社,式内社,,,,長崎県,,長崎県壱岐市芦辺町住吉東触,33.7883944,129.7064694,"https://maps.google.com/?q=33.7883944,129.7064694",,,國學院大學「神道・神社史料集成（現代）」収録社。,KOKUGAKUIN_MODERN,53429,2
T2M54694,住吉神社,すみよしじんじゃ,県社,式内社,,,,長崎県,,長崎県対馬市美津島町,34.2688944,129.3149444,"https://maps.google.com/?q=34.2688944,129.3149444",,,國學院大學「神道・神社史料集成（現代）」収録社。,KOKUGAKUIN_MODERN,54694,2
T2M54685,八幡宮神社,はちまんぐうじんじゃ,県社,式内社,,,,長崎県,,長崎県対馬市厳原町中村,34.2063889,129.2892083,"https://maps.google.com/?q=34.2063889,129.2892083",,,國學院大學「神道・神社史料集成（現代）」収録社。,KOKUGAKUIN_MODERN,54685,2
T2M54693,八幡神社,はちまんじんじゃ,県社,,,,,長崎県,,長崎県五島市下大津町,32.6862583,128.8560028,"https://maps.google.com/?q=32.6862583,128.8560028",,,國學院大學「神道・神社史料集成（現代）」収録社。,KOKUGAKUIN_MODERN,54693,2
T2M54687,城山神社,しろやまじんじゃ,県社,,,,,長崎県,,長崎県五島市池田町,32.6946528,128.8465500,"https://maps.google.com/?q=32.6946528,128.8465500",,,國學院大學「神道・神社史料集成（現代）」収録社。,KOKUGAKUIN_MODERN,54687,2
T2M54682,大村神社,おおむらじんじゃ,県社,,,,,長崎県,,長崎県大村市玖島,32.8974444,129.9571722,"https://maps.google.com/?q=32.8974444,129.9571722",,,國學院大學「神道・神社史料集成（現代）」収録社。,KOKUGAKUIN_MODERN,54682,2
T2M54688,太祝詞神社,ふとのりとじんじゃ,県社,式内社,,,,長崎県,,長崎県対馬市美津島町加志,34.2788500,129.2399028,"https://maps.google.com/?q=34.2788500,129.2399028",,,國學院大學「神道・神社史料集成（現代）」収録社。,KOKUGAKUIN_MODERN,54688,2
T2M54678,宗像神社,むなかたじんじゃ,県社,,,,,長崎県,,長崎県平戸市田平町里免,33.3613194,129.5949556,"https://maps.google.com/?q=33.3613194,129.5949556",,,國學院大學「神道・神社史料集成（現代）」収録社。,KOKUGAKUIN_MODERN,54678,2
T2M54680,小茂田濱神社,こもたはまじんじゃ,県社,,,,,長崎県,,長崎県対馬市厳原町小茂田,34.2341917,129.1919889,"https://maps.google.com/?q=34.2341917,129.1919889",,,國學院大學「神道・神社史料集成（現代）」収録社。,KOKUGAKUIN_MODERN,54680,2
T2M54679,志々伎神社,しじきじんじゃ,県社,式内社,,,,長崎県,,長崎県平戸市野子町,33.1789778,129.3690194,"https://maps.google.com/?q=33.1789778,129.3690194",,,國學院大學「神道・神社史料集成（現代）」収録社。,KOKUGAKUIN_MODERN,54679,2
T2M54681,松森神社,まつのもりじんじゃ,県社,,,,,長崎県,,長崎県長崎市上西山町,32.7549833,129.8842528,"https://maps.google.com/?q=32.7549833,129.8842528",,,國學院大學「神道・神社史料集成（現代）」収録社。,KOKUGAKUIN_MODERN,54681,2
T2M54692,橘神社,たちばなじんじゃ,県社,,,,,長崎県,,長崎県雲仙市千々石町,32.7865389,130.2064556,"https://maps.google.com/?q=32.7865389,130.2064556",,,國學院大學「神道・神社史料集成（現代）」収録社。,KOKUGAKUIN_MODERN,54692,2
T2M54695,淵神社,ふちじんじゃ,県社,,,,,長崎県,,長崎県長崎市淵町,32.7582639,129.8596611,"https://maps.google.com/?q=32.7582639,129.8596611",,,國學院大學「神道・神社史料集成（現代）」収録社。,KOKUGAKUIN_MODERN,54695,2
T2M54684,温泉神社,おんせんじんじゃ,県社,,,,,長崎県,,長崎県雲仙市小浜町雲仙,32.7421028,130.2615528,"https://maps.google.com/?q=32.7421028,130.2615528",,,國學院大學「神道・神社史料集成（現代）」収録社。,KOKUGAKUIN_MODERN,54684,2
T2M54690,猛島神社,たけしまじんじゃ,県社,,,,,長崎県,,長崎県島原市宮の町,32.7932500,130.3715611,"https://maps.google.com/?q=32.7932500,130.3715611",,,國學院大學「神道・神社史料集成（現代）」収録社。,KOKUGAKUIN_MODERN,54690,2
T2M54686,白鳥神社,しらとりじんじゃ,県社,,,,,長崎県,,長崎県五島市玉之浦町玉之浦,32.6287278,128.6206806,"https://maps.google.com/?q=32.6287278,128.6206806",,,國學院大學「神道・神社史料集成（現代）」収録社。,KOKUGAKUIN_MODERN,54686,2
T2M54676,皇大神宮,こうだいじんぐう,県社,,,,,長崎県,,長崎県長崎市坂本,32.7673889,129.8686061,"https://maps.google.com/?q=32.7673889,129.8686061",,,國學院大學「神道・神社史料集成（現代）」収録社。,KOKUGAKUIN_MODERN,54676,2
T2M54696,諌早神社,いさはやじんじゃ,県社,,,,,長崎県,,長崎県諫早市宇都町,32.8483917,130.0432972,"https://maps.google.com/?q=32.8483917,130.0432972",,,國學院大學「神道・神社史料集成（現代）」収録社。,KOKUGAKUIN_MODERN,54696,2
T2M53494,諏訪神社,すわじんじゃ,国幣中社,,,,,長崎県,,長崎県長崎市上西山町,32.7542681,129.8820233,"https://maps.google.com/?q=32.7542681,129.8820233",,,國學院大學「神道・神社史料集成（現代）」収録社。,KOKUGAKUIN_MODERN,53494,2
T2M54691,霊丘神社,れいきゅうじんじゃ,県社,,,,,長崎県,,長崎県島原市弁天町,32.7821806,130.3759667,"https://maps.google.com/?q=32.7821806,130.3759667",,,國學院大學「神道・神社史料集成（現代）」収録社。,KOKUGAKUIN_MODERN,54691,2
T2M54683,高城神社,たかしろじんじゃ,県社,,,,,長崎県,,長崎県諫早市高城町,32.8444194,130.0489056,"https://maps.google.com/?q=32.8444194,130.0489056",,,國學院大學「神道・神社史料集成（現代）」収録社。,KOKUGAKUIN_MODERN,54683,2
T2M53945,仁科神明宮,にしなしんめいぐう,県社,,,,,長野県,,長野県大町市社,36.4498339,137.8790269,"https://maps.google.com/?q=36.4498339,137.8790269",,,國學院大學「神道・神社史料集成（現代）」収録社。,KOKUGAKUIN_MODERN,53945,2
T2M53962,伊豆毛神社,いずもじんじゃ,県社,式内社,,,,長野県,,長野県長野市豊野町豊野,36.7142600,138.2784939,"https://maps.google.com/?q=36.7142600,138.2784939",,,國學院大學「神道・神社史料集成（現代）」収録社。,KOKUGAKUIN_MODERN,53962,2
T2M53951,住吉神社,すみよしじんじゃ,県社,,,,,長野県,,長野県安曇野市三郷温,36.2684389,137.8798311,"https://maps.google.com/?q=36.2684389,137.8798311",,,國學院大學「神道・神社史料集成（現代）」収録社。,KOKUGAKUIN_MODERN,53951,2
T2M53942,健御名方富命彦神別神社,たけみなかたとみのみことひこかみわけじんじゃ,県社,式内社,,,,長野県,,長野県長野市箱清水,36.6615083,138.1921028,"https://maps.google.com/?q=36.6615083,138.1921028",,,國學院大學「神道・神社史料集成（現代）」収録社。,KOKUGAKUIN_MODERN,53942,2
T2M53943,健御名方富命彦神別神社,たけみなかたとみのみことひこかみわけじんじゃ,県社,,,,,長野県,,長野県飯山市豊田,36.9210319,138.3748839,"https://maps.google.com/?q=36.9210319,138.3748839",,,國學院大學「神道・神社史料集成（現代）」収録社。,KOKUGAKUIN_MODERN,53943,2
T2M53981,八剣神社,やつるぎじんじゃ,県社,,,,,長野県,,長野県諏訪市小和田,36.0406761,138.1206911,"https://maps.google.com/?q=36.0406761,138.1206911",,,國學院大學「神道・神社史料集成（現代）」収録社。,KOKUGAKUIN_MODERN,53981,2
T2M53975,坂城神社,さかきじんじゃ,県社,式内社,,,,長野県,,長野県埴科郡坂城町坂城,36.4696089,138.1804939,"https://maps.google.com/?q=36.4696089,138.1804939",,,國學院大學「神道・神社史料集成（現代）」収録社。,KOKUGAKUIN_MODERN,53975,2
T2M53984,塩野神社,しおのじんじゃ,県社,式内社,,,,長野県,,長野県上田市前山,36.3372511,138.1876281,"https://maps.google.com/?q=36.3372511,138.1876281",,,國學院大學「神道・神社史料集成（現代）」収録社。,KOKUGAKUIN_MODERN,53984,2
T2M53965,墨坂神社,すみさかじんじゃ,県社,式内社,,,,長野県,,長野県須坂市須坂,36.6565569,138.3111900,"https://maps.google.com/?q=36.6565569,138.3111900",,,國學院大學「神道・神社史料集成（現代）」収録社。,KOKUGAKUIN_MODERN,53965,2
T2M53966,墨坂神社,すみさかじんじゃ,県社,式内社,,,,長野県,,長野県須坂市須坂,36.6511528,138.3020028,"https://maps.google.com/?q=36.6511528,138.3020028",,,國學院大學「神道・神社史料集成（現代）」収録社。,KOKUGAKUIN_MODERN,53966,2
T2M53985,大宮熱田神社,おおみやあつたじんじゃ,県社,,,,,長野県,,長野県松本市梓川梓,36.2309531,137.8453619,"https://maps.google.com/?q=36.2309531,137.8453619",,,國學院大學「神道・神社史料集成（現代）」収録社。,KOKUGAKUIN_MODERN,53985,2
T2M53976,大宮諏訪神社,おおみやすわじんじゃ,県社,,,,,長野県,,長野県飯田市宮の前,35.5248181,137.8265919,"https://maps.google.com/?q=35.5248181,137.8265919",,,國學院大學「神道・神社史料集成（現代）」収録社。,KOKUGAKUIN_MODERN,53976,2
T2M53963,大星神社,おおぼしじんじゃ,県社,,,,,長野県,,長野県上田市中央北,36.4141619,138.2551661,"https://maps.google.com/?q=36.4141619,138.2551661",,,國學院大學「神道・神社史料集成（現代）」収録社。,KOKUGAKUIN_MODERN,53963,2
T2M53968,妻科神社,つましなじんじゃ,県社,式内社,,,,長野県,,長野県長野市南長野妻科,36.6536781,138.1791069,"https://maps.google.com/?q=36.6536781,138.1791069",,,國學院大學「神道・神社史料集成（現代）」収録社。,KOKUGAKUIN_MODERN,53968,2
T2M53986,子檀嶺神社,こまゆみのねじんじゃ,県社,式内社,,,,長野県,,長野県小県郡青木村田沢,36.3860400,138.1099700,"https://maps.google.com/?q=36.3860400,138.1099700",,,國學院大學「神道・神社史料集成（現代）」収録社。,KOKUGAKUIN_MODERN,53986,2
T2M53971,守田神社,もりたじんじゃ,県社,式内社,,,,長野県,,長野県長野市七二会,36.6233311,138.0820000,"https://maps.google.com/?q=36.6233311,138.0820000",,,國學院大學「神道・神社史料集成（現代）」収録社。,KOKUGAKUIN_MODERN,53971,2
T2M53960,小坂神社,おざかじんじゃ,県社,式内社,,,,長野県,,長野県須坂市井上,36.6314981,138.2838961,"https://maps.google.com/?q=36.6314981,138.2838961",,,國學院大學「神道・神社史料集成（現代）」収録社。,KOKUGAKUIN_MODERN,53960,2
T2M53957,小川八幡宮,おがわはちまんぐう,県社,式内社,,,,長野県,,長野県上水内郡小川村小根山,36.6126944,137.9490333,"https://maps.google.com/?q=36.6126944,137.9490333",,,國學院大學「神道・神社史料集成（現代）」収録社。,KOKUGAKUIN_MODERN,53957,2
T2M53970,小菅神社,こすげじんじゃ,県社,,,,,長野県,,長野県飯山市瑞穂,36.8960700,138.4227239,"https://maps.google.com/?q=36.8960700,138.4227239",,,國學院大學「神道・神社史料集成（現代）」収録社。,KOKUGAKUIN_MODERN,53970,2
T2M53950,小野神社,おのじんじゃ,県社,,,,,長野県,,長野県塩尻市北小野,36.0549761,137.9695589,"https://maps.google.com/?q=36.0549761,137.9695589",,,國學院大學「神道・神社史料集成（現代）」収録社。,KOKUGAKUIN_MODERN,53950,2
T2M53967,山家神社,やまがじんじゃ,県社,式内社,,,,長野県,,長野県上田市真田町真田,36.4503711,138.3311750,"https://maps.google.com/?q=36.4503711,138.3311750",,,國學院大學「神道・神社史料集成（現代）」収録社。,KOKUGAKUIN_MODERN,53967,2
T2M53978,岡宮神社,おかみやじんじゃ,県社,,,,,長野県,,長野県松本市女鳥羽,36.2434469,137.9779839,"https://maps.google.com/?q=36.2434469,137.9779839",,,國學院大學「神道・神社史料集成（現代）」収録社。,KOKUGAKUIN_MODERN,53978,2
T2M53958,御嶽神社,おんたけじんじゃ,県社,,,,,長野県,,長野県木曽郡木曽町三岳,35.8440722,137.6261278,"https://maps.google.com/?q=35.8440722,137.6261278",,,國學院大學「神道・神社史料集成（現代）」収録社。,KOKUGAKUIN_MODERN,53958,2
T2M53979,御嶽神社,おんたけじんじゃ,県社,,,,,長野県,,長野県木曽郡王滝村,35.8149161,137.5525561,"https://maps.google.com/?q=35.8149161,137.5525561",,,國學院大學「神道・神社史料集成（現代）」収録社。,KOKUGAKUIN_MODERN,53979,2
T2M53511,戸隠神社,とがくしじんじゃ,国幣小社,,,,,長野県,,長野県長野市戸隠,36.7424972,138.0851278,"https://maps.google.com/?q=36.7424972,138.0851278",,,國學院大學「神道・神社史料集成（現代）」収録社。,KOKUGAKUIN_MODERN,53511,2
T2M53961,手長神社,てながじんじゃ,県社,,,,,長野県,,長野県諏訪市上諏訪,36.0457719,138.1208439,"https://maps.google.com/?q=36.0457719,138.1208439",,,國學院大學「神道・神社史料集成（現代）」収録社。,KOKUGAKUIN_MODERN,53961,2
T2M53959,新海三社神社,しんがいさんしゃじんじゃ,県社,,,,,長野県,,長野県佐久市田口,36.1958350,138.5121489,"https://maps.google.com/?q=36.1958350,138.5121489",,,國學院大學「神道・神社史料集成（現代）」収録社。,KOKUGAKUIN_MODERN,53959,2
T2M53944,武水別神社,たけみずわけじんじゃ,県社,式内社,,,,長野県,,長野県千曲市八幡,36.5193950,138.1030019,"https://maps.google.com/?q=36.5193950,138.1030019",,,國學院大學「神道・神社史料集成（現代）」収録社。,KOKUGAKUIN_MODERN,53944,2
T2M53974,水無神社,すいむじんじゃ,県社,,,,,長野県,,長野県木曽郡木曽町福島,35.8486869,137.7090200,"https://maps.google.com/?q=35.8486869,137.7090200",,,國學院大學「神道・神社史料集成（現代）」収録社。,KOKUGAKUIN_MODERN,53974,2
T2M53956,沙田神社,いさごだじんじゃ,県社,式内社,,,,長野県,,長野県松本市島立,36.2210481,137.9425069,"https://maps.google.com/?q=36.2210481,137.9425069",,,國學院大學「神道・神社史料集成（現代）」収録社。,KOKUGAKUIN_MODERN,53956,2
T2M53954,治田神社,はるたじんじゃ,県社,式内社,,,,長野県,,長野県千曲市桑原,36.5253119,138.0855700,"https://maps.google.com/?q=36.5253119,138.0855700",,,國學院大學「神道・神社史料集成（現代）」収録社。,KOKUGAKUIN_MODERN,53954,2
T2M53964,深志神社,ふかしじんじゃ,県社,,,,,長野県,,長野県松本市深志,36.2299339,137.9737489,"https://maps.google.com/?q=36.2299339,137.9737489",,,國學院大學「神道・神社史料集成（現代）」収録社。,KOKUGAKUIN_MODERN,53964,2
T2M53946,熊野皇大神社,くまのこうたいじんじゃ,県社,,,,,長野県,,長野県北佐久郡軽井沢町峠町,36.3696150,138.6562261,"https://maps.google.com/?q=36.3696150,138.6562261",,,國學院大學「神道・神社史料集成（現代）」収録社。,KOKUGAKUIN_MODERN,53946,2
T2M53491,生島足島神社,いくしまたるしまじんじゃ,国幣中社,式内社,,,,長野県,,長野県上田市下之郷中池西,36.3603125,138.2181036,"https://maps.google.com/?q=36.3603125,138.2181036",,,國學院大學「神道・神社史料集成（現代）」収録社。,KOKUGAKUIN_MODERN,53491,2
T2M53972,白山社,はくさんしゃ,県社,,,,,長野県,,長野県飯田市滝の沢,35.5252028,137.8080639,"https://maps.google.com/?q=35.5252028,137.8080639",,,國學院大學「神道・神社史料集成（現代）」収録社。,KOKUGAKUIN_MODERN,53972,2
T2M53948,白鳥神社,しろとりじんじゃ,県社,,,,,長野県,,長野県長野市松代町西条,36.5480931,138.2064361,"https://maps.google.com/?q=36.5480931,138.2064361",,,國學院大學「神道・神社史料集成（現代）」収録社。,KOKUGAKUIN_MODERN,53948,2
T2M53987,矢原神明宮,やはらしんめいぐう,県社,,,,,長野県,,長野県安曇野市穂高,36.3255589,137.8966889,"https://maps.google.com/?q=36.3255589,137.8966889",,,國學院大學「神道・神社史料集成（現代）」収録社。,KOKUGAKUIN_MODERN,53987,2
T2M53955,矢彦神社,やひこじんじゃ,県社,,,,,長野県,,長野県塩尻市北小野,36.0544489,137.9692831,"https://maps.google.com/?q=36.0544489,137.9692831",,,國學院大學「神道・神社史料集成（現代）」収録社。,KOKUGAKUIN_MODERN,53955,2
T2M53947,科野大宮社,しなのおおみやしゃ,県社,,,,,長野県,,長野県上田市常入,36.3943900,138.2579511,"https://maps.google.com/?q=36.3943900,138.2579511",,,國學院大學「神道・神社史料集成（現代）」収録社。,KOKUGAKUIN_MODERN,53947,2
T2M53529,穂高神社,ほたかじんじゃ,国幣小社,式内社,,,,長野県,,長野県安曇野市穂高,36.3386447,137.8843806,"https://maps.google.com/?q=36.3386447,137.8843806",,,國學院大學「神道・神社史料集成（現代）」収録社。,KOKUGAKUIN_MODERN,53529,2
T2M53941,筑摩神社,つかまじんじゃ,県社,,,,,長野県,,長野県松本市筑摩,36.2261461,137.9825519,"https://maps.google.com/?q=36.2261461,137.9825519",,,國學院大學「神道・神社史料集成（現代）」収録社。,KOKUGAKUIN_MODERN,53941,2
T2M53973,美和神社,みわじんじゃ,県社,式内社,,,,長野県,,長野県長野市三輪,36.6629481,138.2032311,"https://maps.google.com/?q=36.6629481,138.2032311",,,國學院大學「神道・神社史料集成（現代）」収録社。,KOKUGAKUIN_MODERN,53973,2
T2M53969,若一王子神社,にゃくいちおうじじんじゃ,県社,,,,,長野県,,長野県大町市大町,36.5156381,137.8534731,"https://maps.google.com/?q=36.5156381,137.8534731",,,國學院大學「神道・神社史料集成（現代）」収録社。,KOKUGAKUIN_MODERN,53969,2
T2M53393,諏訪大社,すわたいしゃ,官幣大社,式内社,,,,長野県,,長野県諏訪市中洲,35.9982500,138.1194472,"https://maps.google.com/?q=35.9982500,138.1194472",,,國學院大學「神道・神社史料集成（現代）」収録社。,KOKUGAKUIN_MODERN,53393,2
T2M53988,諏訪社,すわしゃ,県社,,,,,長野県,,長野県北安曇郡白馬村北城,36.6683500,137.8787250,"https://maps.google.com/?q=36.6683500,137.8787250",,,國學院大學「神道・神社史料集成（現代）」収録社。,KOKUGAKUIN_MODERN,53988,2
T2M53980,諏訪神社,すわじんじゃ,県社,,,,,長野県,,長野県上伊那郡辰野町伊那富,35.9764139,137.9855278,"https://maps.google.com/?q=35.9764139,137.9855278",,,國學院大學「神道・神社史料集成（現代）」収録社。,KOKUGAKUIN_MODERN,53980,2
T2M53977,象山神社,ぞうざんじんじゃ,県社,,,,,長野県,,長野県長野市松代町松代,36.5598850,138.1962139,"https://maps.google.com/?q=36.5598850,138.1962139",,,國學院大學「神道・神社史料集成（現代）」収録社。,KOKUGAKUIN_MODERN,53977,2
T2M53983,郊戸八幡宮,ごうどはちまんぐう,県社,,,,,長野県,,長野県飯田市今宮町,35.5260231,137.8171700,"https://maps.google.com/?q=35.5260231,137.8171700",,,國學院大學「神道・神社史料集成（現代）」収録社。,KOKUGAKUIN_MODERN,53983,2
T2M53982,鉾持神社,ほこじじんじゃ,県社,,,,,長野県,,長野県伊那市高遠町西高遠,35.8402319,138.0556339,"https://maps.google.com/?q=35.8402319,138.0556339",,,國學院大學「神道・神社史料集成（現代）」収録社。,KOKUGAKUIN_MODERN,53982,2
T2M53949,高杜神社,たかもりじんじゃ,県社,式内社,,,,長野県,,長野県中野市赤岩,36.7867969,138.3702811,"https://maps.google.com/?q=36.7867969,138.3702811",,,國學院大學「神道・神社史料集成（現代）」収録社。,KOKUGAKUIN_MODERN,53949,2
T2M53953,鳩ヶ嶺八幡宮,はとがみねはちまんぐう,県社,,,,,長野県,,長野県飯田市八幡町,35.4964711,137.8373400,"https://maps.google.com/?q=35.4964711,137.8373400",,,國學院大學「神道・神社史料集成（現代）」収録社。,KOKUGAKUIN_MODERN,53953,2
T2M53587,三八城神社,みやぎじんじゃ,県社,,,,,青森県,,青森県八戸市内丸,40.5140031,141.4878881,"https://maps.google.com/?q=40.5140031,141.4878881",,,國學院大學「神道・神社史料集成（現代）」収録社。,KOKUGAKUIN_MODERN,53587,2
T2M53585,善知鳥神社,うとうじんじゃ,県社,,,,,青森県,,青森県青森市安方,40.8266600,140.7428508,"https://maps.google.com/?q=40.8266600,140.7428508",,,國學院大學「神道・神社史料集成（現代）」収録社。,KOKUGAKUIN_MODERN,53585,2
T2M53504,岩木山神社,いわきやまじんじゃ,国幣小社,,,,,青森県,,青森県弘前市大字百沢字寺沢,40.6218519,140.3407019,"https://maps.google.com/?q=40.6218519,140.3407019",,,國學院大學「神道・神社史料集成（現代）」収録社。,KOKUGAKUIN_MODERN,53504,2
T2M53589,弘前八幡宮,ひろさきはちまんぐう,県社,,,,,青森県,,青森県弘前市八幡町,40.6162003,140.4793561,"https://maps.google.com/?q=40.6162003,140.4793561",,,國學院大學「神道・神社史料集成（現代）」収録社。,KOKUGAKUIN_MODERN,53589,2
T2M53592,東照宮,とうしょうぐう,県社,,,,,青森県,,青森県弘前市笹森町,40.6080556,140.4744906,"https://maps.google.com/?q=40.6080556,140.4744906",,,國學院大學「神道・神社史料集成（現代）」収録社。,KOKUGAKUIN_MODERN,53592,2
T2M53595,浪岡八幡宮,なみおかはちまんぐう,県社,,,,,青森県,,青森県青森市浪岡大字浪岡林本,40.7158242,140.5980383,"https://maps.google.com/?q=40.7158242,140.5980383",,,國學院大學「神道・神社史料集成（現代）」収録社。,KOKUGAKUIN_MODERN,53595,2
T2M53588,熊野奥照神社,くまのおくてるじんじゃ,県社,,,,,青森県,,青森県弘前市田町,40.6126025,140.4798925,"https://maps.google.com/?q=40.6126025,140.4798925",,,國學院大學「神道・神社史料集成（現代）」収録社。,KOKUGAKUIN_MODERN,53588,2
T2M53594,猿賀神社,さるかじんじゃ,県社,,,,,青森県,,青森県平川市猿賀石林,40.6165178,140.5629872,"https://maps.google.com/?q=40.6165178,140.5629872",,,國學院大學「神道・神社史料集成（現代）」収録社。,KOKUGAKUIN_MODERN,53594,2
T2M53590,神明宮,しんめいぐう,県社,,,,,青森県,,青森県弘前市東城北,40.6160861,140.4739219,"https://maps.google.com/?q=40.6160861,140.4739219",,,國學院大學「神道・神社史料集成（現代）」収録社。,KOKUGAKUIN_MODERN,53590,2
T2M53586,糠部神社,ぬかべじんじゃ,県社,,,,,青森県,,青森県三戸郡三戸町大字梅内字城ノ下,40.3816425,141.2644842,"https://maps.google.com/?q=40.3816425,141.2644842",,,國學院大學「神道・神社史料集成（現代）」収録社。,KOKUGAKUIN_MODERN,53586,2
T2M53596,長者山新羅神社,ちょうじゃやましんらじんじゃ,県社,,,,,青森県,,青森県八戸市長者,40.5029297,141.4912731,"https://maps.google.com/?q=40.5029297,141.4912731",,,國學院大學「神道・神社史料集成（現代）」収録社。,KOKUGAKUIN_MODERN,53596,2
T2M53591,高照神社,たかてるじんじゃ,県社,,,,,青森県,,青森県弘前市大字高岡,40.6232303,140.3547728,"https://maps.google.com/?q=40.6232303,140.3547728",,,國學院大學「神道・神社史料集成（現代）」収録社。,KOKUGAKUIN_MODERN,53591,2
T2M53593,黒石神社,くろいしじんじゃ,県社,,,,,青森県,,青森県黒石市市ノ町,40.6413956,140.5934786,"https://maps.google.com/?q=40.6413956,140.5934786",,,國學院大學「神道・神社史料集成（現代）」収録社。,KOKUGAKUIN_MODERN,53593,2
T2M54030,三熊野神社,みくまのじんじゃ,県社,,,,,静岡県,,静岡県掛川市西大渕,34.6824169,137.9834689,"https://maps.google.com/?q=34.6824169,137.9834689",,,國學院大學「神道・神社史料集成（現代）」収録社。,KOKUGAKUIN_MODERN,54030,2
T2M54019,丸子神社・浅間神社,まるこじんじゃ・せんげんじんじゃ,県社,式内社,,,,静岡県,,静岡県沼津市浅間町,35.0951511,138.8555389,"https://maps.google.com/?q=35.0951511,138.8555389",,,國學院大學「神道・神社史料集成（現代）」収録社。,KOKUGAKUIN_MODERN,54019,2
T2M53550,久能山東照宮,くのうざんとうしょうぐう,別格官幣社,,,,,静岡県,,静岡県静岡市駿河区根古屋,34.9646867,138.4675061,"https://maps.google.com/?q=34.9646867,138.4675061",,,國學院大學「神道・神社史料集成（現代）」収録社。,KOKUGAKUIN_MODERN,53550,2
T2M54013,事任八幡宮,ことのままはちまんぐう,県社,式内社,,,,静岡県,,静岡県掛川市八坂,34.7983850,138.0754261,"https://maps.google.com/?q=34.7983850,138.0754261",,,國學院大學「神道・神社史料集成（現代）」収録社。,KOKUGAKUIN_MODERN,54013,2
T2M54016,五社神社,ごしゃじんじゃ,県社,,,,,静岡県,,静岡県浜松市中区利町,34.7063861,137.7250469,"https://maps.google.com/?q=34.7063861,137.7250469",,,國學院大學「神道・神社史料集成（現代）」収録社。,KOKUGAKUIN_MODERN,54016,2
T2M53470,井伊谷宮,いいのやぐう,官幣中社,,,,,静岡県,,静岡県浜松市北区引佐町井伊谷,34.8292675,137.6681114,"https://maps.google.com/?q=34.8292675,137.6681114",,,國學院大學「神道・神社史料集成（現代）」収録社。,KOKUGAKUIN_MODERN,53470,2
T2M54018,伊古奈比咩命神社,いこなひめのみことじんじゃ,県社,式内社,,,,静岡県,,静岡県下田市白浜,34.6936411,138.9729119,"https://maps.google.com/?q=34.6936411,138.9729119",,,國學院大學「神道・神社史料集成（現代）」収録社。,KOKUGAKUIN_MODERN,54018,2
T2M53522,伊豆山神社,いずさんじんじゃ,国幣小社,式内社,,,,静岡県,,静岡県熱海市伊豆山上野地,35.1154722,139.0825742,"https://maps.google.com/?q=35.1154722,139.0825742",,,國學院大學「神道・神社史料集成（現代）」収録社。,KOKUGAKUIN_MODERN,53522,2
T2M54039,佐野原神社,さのはらじんじゃ,県社,,,,,静岡県,,静岡県裾野市平松,35.1696489,138.9080939,"https://maps.google.com/?q=35.1696489,138.9080939",,,國學院大學「神道・神社史料集成（現代）」収録社。,KOKUGAKUIN_MODERN,54039,2
T2M54028,大井神社,おおいじんじゃ,県社,,,,,静岡県,,静岡県島田市大井町,34.8336600,138.1717850,"https://maps.google.com/?q=34.8336600,138.1717850",,,國學院大學「神道・神社史料集成（現代）」収録社。,KOKUGAKUIN_MODERN,54028,2
T2M53510,大歳御祖神社,おおとしみおやじんじゃ,国幣小社,式内社,,,,静岡県,,静岡県静岡市葵区宮ヶ崎町,34.9825706,138.3752408,"https://maps.google.com/?q=34.9825706,138.3752408",,,國學院大學「神道・神社史料集成（現代）」収録社。,KOKUGAKUIN_MODERN,53510,2
T2M54037,天宮神社,あめのみやじんじゃ,県社,,,,,静岡県,,静岡県周智郡森町天宮,34.8438111,137.9342800,"https://maps.google.com/?q=34.8438111,137.9342800",,,國學院大學「神道・神社史料集成（現代）」収録社。,KOKUGAKUIN_MODERN,54037,2
T2M54027,小梳神社,おぐしじんじゃ,県社,式内社,,,,静岡県,,静岡県静岡市葵区紺屋町,34.9734669,138.3862750,"https://maps.google.com/?q=34.9734669,138.3862750",,,國學院大學「神道・神社史料集成（現代）」収録社。,KOKUGAKUIN_MODERN,54027,2
T2M54041,小笠神社,おがさじんじゃ,県社,,,,,静岡県,,静岡県掛川市入山瀬,34.7362231,138.0127861,"https://maps.google.com/?q=34.7362231,138.0127861",,,國學院大學「神道・神社史料集成（現代）」収録社。,KOKUGAKUIN_MODERN,54041,2
T2M54014,山住神社,やまずみじんじゃ,県社,式内社,,,,静岡県,,静岡県浜松市天竜区水窪町山住,35.1348131,137.9140989,"https://maps.google.com/?q=35.1348131,137.9140989",,,國學院大學「神道・神社史料集成（現代）」収録社。,KOKUGAKUIN_MODERN,54014,2
T2M54026,広瀬神社,ひろせじんじゃ,県社,式内社,,,,静岡県,,静岡県伊豆の国市田京,35.0105389,138.9461539,"https://maps.google.com/?q=35.0105389,138.9461539",,,國學院大學「神道・神社史料集成（現代）」収録社。,KOKUGAKUIN_MODERN,54026,2
T2M54023,府八幡宮,ふはちまんぐう,県社,式内社,,,,静岡県,,静岡県磐田市中泉,34.7198011,137.8534519,"https://maps.google.com/?q=34.7198011,137.8534519",,,國學院大學「神道・神社史料集成（現代）」収録社。,KOKUGAKUIN_MODERN,54023,2
T2M54025,御穂神社,みほじんじゃ,県社,式内社,,,,静岡県,,静岡県静岡市清水区三保,34.9999469,138.5209119,"https://maps.google.com/?q=34.9999469,138.5209119",,,國學院大學「神道・神社史料集成（現代）」収録社。,KOKUGAKUIN_MODERN,54025,2
T2M54033,日枝神社,ひえじんじゃ,県社,,,,,静岡県,,静岡県沼津市平町,35.1011269,138.8688611,"https://maps.google.com/?q=35.1011269,138.8688611",,,國學院大學「神道・神社史料集成（現代）」収録社。,KOKUGAKUIN_MODERN,54033,2
T2M54038,曽許乃御立神社,そこのみたてのじんじゃ,県社,式内社,,,,静岡県,,静岡県浜松市西区呉松町,34.7674581,137.6391619,"https://maps.google.com/?q=34.7674581,137.6391619",,,國學院大學「神道・神社史料集成（現代）」収録社。,KOKUGAKUIN_MODERN,54038,2
T2M54032,村山浅間神社,むらやませんげんじんじゃ,県社,,,,,静岡県,,静岡県富士宮市村山,35.2613350,138.6661181,"https://maps.google.com/?q=35.2613350,138.6661181",,,國學院大學「神道・神社史料集成（現代）」収録社。,KOKUGAKUIN_MODERN,54032,2
T2M54024,東口本宮冨士浅間神社,ひがしぐちほんぐうふじあさまじんじゃ,県社,,,,,静岡県,,静岡県駿東郡小山町須走,35.3626511,138.8633981,"https://maps.google.com/?q=35.3626511,138.8633981",,,國學院大學「神道・神社史料集成（現代）」収録社。,KOKUGAKUIN_MODERN,54024,2
T2M53509,浅間神社,あさまじんじゃ,国幣小社,式内社,,,,静岡県,,静岡県静岡市葵区宮ヶ崎町,34.9837286,138.3757719,"https://maps.google.com/?q=34.9837286,138.3757719",,,國學院大學「神道・神社史料集成（現代）」収録社。,KOKUGAKUIN_MODERN,53509,2
T2M54012,淡海国玉神社,おおみくにたまじんじゃ,県社,式内社,,,,静岡県,,静岡県磐田市見付,34.7276969,137.8571511,"https://maps.google.com/?q=34.7276969,137.8571511",,,國學院大學「神道・神社史料集成（現代）」収録社。,KOKUGAKUIN_MODERN,54012,2
T2M54022,焼津神社,やいづじんじゃ,県社,式内社,,,,静岡県,,静岡県焼津市焼津,34.8649319,138.3136711,"https://maps.google.com/?q=34.8649319,138.3136711",,,國學院大學「神道・神社史料集成（現代）」収録社。,KOKUGAKUIN_MODERN,54022,2
T2M54036,白羽神社,しろわじんじゃ,県社,,,,,静岡県,,静岡県御前崎市白羽,34.6123100,138.1870950,"https://maps.google.com/?q=34.6123100,138.1870950",,,國學院大學「神道・神社史料集成（現代）」収録社。,KOKUGAKUIN_MODERN,54036,2
T2M54017,皇大神社,こうたいじんじゃ,県社,,,,,静岡県,,静岡県伊豆の国市韮山山木,35.0571931,138.9650511,"https://maps.google.com/?q=35.0571931,138.9650511",,,國學院大學「神道・神社史料集成（現代）」収録社。,KOKUGAKUIN_MODERN,54017,2
T2M54011,矢奈比賣神社,やなひめじんじゃ,県社,式内社,,,,静岡県,,静岡県磐田市見付,34.7297381,137.8640489,"https://maps.google.com/?q=34.7297381,137.8640489",,,國學院大學「神道・神社史料集成（現代）」収録社。,KOKUGAKUIN_MODERN,54011,2
T2M53508,神部神社,かんべじんじゃ,国幣小社,式内社,,,,静岡県,,静岡県静岡市葵区宮ヶ崎町,34.9838406,138.3757344,"https://maps.google.com/?q=34.9838406,138.3757344",,,國學院大學「神道・神社史料集成（現代）」収録社。,KOKUGAKUIN_MODERN,53508,2
T2M54015,秋葉山本宮秋葉神社,あきはさんほんぐうあきはじんじゃ,県社,,,,,静岡県,,静岡県浜松市天竜区春野町領家,34.9811381,137.8660819,"https://maps.google.com/?q=34.9811381,137.8660819",,,國學院大學「神道・神社史料集成（現代）」収録社。,KOKUGAKUIN_MODERN,54015,2
T2M54034,縣居神社,あがたいじんじゃ,県社,,,,,静岡県,,静岡県浜松市中区東伊場,34.7006600,137.7163481,"https://maps.google.com/?q=34.7006600,137.7163481",,,國學院大學「神道・神社史料集成（現代）」収録社。,KOKUGAKUIN_MODERN,54034,2
T2M54020,草薙神社,くさなぎじんじゃ,県社,式内社,,,,静岡県,,静岡県静岡市清水区草薙,34.9944919,138.4529469,"https://maps.google.com/?q=34.9944919,138.4529469",,,國學院大學「神道・神社史料集成（現代）」収録社。,KOKUGAKUIN_MODERN,54020,2
T2M54029,蒲神明宮,かばしんめいぐう,県社,式内社,,,,静岡県,,静岡県浜松市東区神立町,34.7168569,137.7515250,"https://maps.google.com/?q=34.7168569,137.7515250",,,國學院大學「神道・神社史料集成（現代）」収録社。,KOKUGAKUIN_MODERN,54029,2
T2M54040,諏訪神社,すわじんじゃ,県社,,,,,静岡県,,静岡県浜松市中区利町,34.7063861,137.7250469,"https://maps.google.com/?q=34.7063861,137.7250469",,,國學院大學「神道・神社史料集成（現代）」収録社。,KOKUGAKUIN_MODERN,54040,2
T2M54035,賀久留神社,かくるじんじゃ,県社,式内社,,,,静岡県,,静岡県浜松市西区神ヶ谷町,34.7216061,137.6724081,"https://maps.google.com/?q=34.7216061,137.6724081",,,國學院大學「神道・神社史料集成（現代）」収録社。,KOKUGAKUIN_MODERN,54035,2
T2M54021,鎌田神明宮,かまだしんめいぐう,県社,式内社,,,,静岡県,,静岡県磐田市鎌田,34.7178411,137.8883819,"https://maps.google.com/?q=34.7178411,137.8883819",,,國學院大學「神道・神社史料集成（現代）」収録社。,KOKUGAKUIN_MODERN,54021,2
T2M54031,高松神社,たかまつじんじゃ,県社,,,,,静岡県,,静岡県御前崎市門屋,34.6535561,138.0926431,"https://maps.google.com/?q=34.6535561,138.0926431",,,國學院大學「神道・神社史料集成（現代）」収録社。,KOKUGAKUIN_MODERN,54031,2
T2M54515,冠纓神社,かんえいじんじゃ,県社,,,,,香川県,,香川県高松市香南町由佐,34.2386028,134.0117278,"https://maps.google.com/?q=34.2386028,134.0117278",,,國學院大學「神道・神社史料集成（現代）」収録社。,KOKUGAKUIN_MODERN,54515,2
T2M54514,城山神社,きやまじんじゃ,県社,式内社,,,,香川県,,香川県坂出市府中町,34.2940417,133.9114194,"https://maps.google.com/?q=34.2940417,133.9114194",,,國學院大學「神道・神社史料集成（現代）」収録社。,KOKUGAKUIN_MODERN,54514,2
T2M54518,大水上神社,おおみなかみじんじゃ,県社,式内社,,,,香川県,,香川県三豊市高瀬町羽方,34.1480667,133.7552333,"https://maps.google.com/?q=34.1480667,133.7552333",,,國學院大學「神道・神社史料集成（現代）」収録社。,KOKUGAKUIN_MODERN,54518,2
T2M54519,大麻神社,おおあさじんじゃ,県社,式内社,,,,香川県,,香川県善通寺市大麻町,34.1966639,133.8085389,"https://maps.google.com/?q=34.1966639,133.8085389",,,國學院大學「神道・神社史料集成（現代）」収録社。,KOKUGAKUIN_MODERN,54519,2
T2M54510,天満神社,てんまんじんじゃ,県社,,,,,香川県,,香川県綾歌郡綾川町滝宮,34.2489639,133.9202917,"https://maps.google.com/?q=34.2489639,133.9202917",,,國學院大學「神道・神社史料集成（現代）」収録社。,KOKUGAKUIN_MODERN,54510,2
T2M54512,宇夫階神社,うぶしなじんじゃ,県社,,,,,香川県,,香川県綾歌郡宇多津町,34.3081667,133.8207472,"https://maps.google.com/?q=34.3081667,133.8207472",,,國學院大學「神道・神社史料集成（現代）」収録社。,KOKUGAKUIN_MODERN,54512,2
T2M54509,屋島神社,やしまじんじゃ,県社,,,,,香川県,,香川県高松市屋島中町,34.3450583,134.1078778,"https://maps.google.com/?q=34.3450583,134.1078778",,,國學院大學「神道・神社史料集成（現代）」収録社。,KOKUGAKUIN_MODERN,54509,2
T2M54513,水主神社,みずしじんじゃ,県社,式内社,,,,香川県,,香川県東かがわ市水主,34.2240028,134.2990250,"https://maps.google.com/?q=34.2240028,134.2990250",,,國學院大學「神道・神社史料集成（現代）」収録社。,KOKUGAKUIN_MODERN,54513,2
T2M54517,琴彈八幡宮,ことひきはちまんぐう,県社,,,,,香川県,,香川県観音寺市八幡町,34.1328306,133.6465472,"https://maps.google.com/?q=34.1328306,133.6465472",,,國學院大學「神道・神社史料集成（現代）」収録社。,KOKUGAKUIN_MODERN,54517,2
T2M53419,田村神社,たむらじんじゃ,国幣中社,式内社,,,,香川県,,香川県高松市一宮町,34.2863806,134.0275194,"https://maps.google.com/?q=34.2863806,134.0275194",,,國學院大學「神道・神社史料集成（現代）」収録社。,KOKUGAKUIN_MODERN,53419,2
T2M54506,白峰宮,しらみねぐう,県社,,,,,香川県,,香川県坂出市西庄町,34.3110778,133.8825833,"https://maps.google.com/?q=34.3110778,133.8825833",,,國學院大學「神道・神社史料集成（現代）」収録社。,KOKUGAKUIN_MODERN,54506,2
T2M54508,白鳥神社,しろとりじんじゃ,県社,,,,,香川県,,香川県東かがわ市松原,34.2459639,134.3637417,"https://maps.google.com/?q=34.2459639,134.3637417",,,國學院大學「神道・神社史料集成（現代）」収録社。,KOKUGAKUIN_MODERN,54508,2
T2M54507,石清尾八幡神社,いわせおはちまんじんじゃ,県社,,,,,香川県,,香川県高松市宮脇町,34.3373111,134.0347861,"https://maps.google.com/?q=34.3373111,134.0347861",,,國學院大學「神道・神社史料集成（現代）」収録社。,KOKUGAKUIN_MODERN,54507,2
T2M54511,粟井神社,あわいじんじゃ,県社,式内社,,,,香川県,,香川県観音寺市粟井町,34.0912056,133.7047361,"https://maps.google.com/?q=34.0912056,133.7047361",,,國學院大學「神道・神社史料集成（現代）」収録社。,KOKUGAKUIN_MODERN,54511,2
T2M54521,賀茂神社,かもじんじゃ,県社,,,,,香川県,,香川県三豊市仁尾町仁尾,34.2039861,133.6435167,"https://maps.google.com/?q=34.2039861,133.6435167",,,國學院大學「神道・神社史料集成（現代）」収録社。,KOKUGAKUIN_MODERN,54521,2
T2M53442,金刀比羅宮,ことひらぐう,国幣中社,,,,,香川県,,香川県仲多度郡琴平町,34.1840722,133.8095167,"https://maps.google.com/?q=34.1840722,133.8095167",,,國學院大學「神道・神社史料集成（現代）」収録社。,KOKUGAKUIN_MODERN,53442,2
T2M54516,飯神社,いいじんじゃ,県社,式内社,,,,香川県,,香川県丸亀市飯野町東二,34.2699222,133.8403722,"https://maps.google.com/?q=34.2699222,133.8403722",,,國學院大學「神道・神社史料集成（現代）」収録社。,KOKUGAKUIN_MODERN,54516,2
T2M54520,高屋神社,たかやじんじゃ,県社,式内社,,,,香川県,,香川県観音寺市室本町,34.1607028,133.6548583,"https://maps.google.com/?q=34.1607028,133.6548583",,,國學院大學「神道・神社史料集成（現代）」収録社。,KOKUGAKUIN_MODERN,54520,2
T2M54577,一條神社,いちじょうじんじゃ,県社,,,,,高知県,,高知県四万十市中村本町,32.9935333,132.9342083,"https://maps.google.com/?q=32.9935333,132.9342083",,,國學院大學「神道・神社史料集成（現代）」収録社。,KOKUGAKUIN_MODERN,54577,2
T2M54572,不破八幡宮,ふわはちまんぐう,県社,,,,,高知県,,高知県四万十市不破,32.9806306,132.9373611,"https://maps.google.com/?q=32.9806306,132.9373611",,,國學院大學「神道・神社史料集成（現代）」収録社。,KOKUGAKUIN_MODERN,54572,2
T2M54581,八幡宮,はちまんぐう,県社,,,,,高知県,,高知県高岡郡中土佐町久礼,33.3275972,133.2300611,"https://maps.google.com/?q=33.3275972,133.2300611",,,國學院大學「神道・神社史料集成（現代）」収録社。,KOKUGAKUIN_MODERN,54581,2
T2M54578,兼山神社,けんざんじんじゃ,県社,,,,,高知県,,高知県高知市吸江,33.5492200,133.5692700,"https://maps.google.com/?q=33.5492200,133.5692700",,,國學院大學「神道・神社史料集成（現代）」収録社。,KOKUGAKUIN_MODERN,54578,2
T2M53421,土佐神社,とさじんじゃ,国幣中社,式内社,,,,高知県,,高知県高知市一宮しなね,33.5924556,133.5772167,"https://maps.google.com/?q=33.5924556,133.5772167",,,國學院大學「神道・神社史料集成（現代）」収録社。,KOKUGAKUIN_MODERN,53421,2
T2M54570,大川上美良布神社,おおかわかみみらふじんじゃ,県社,式内社,,,,高知県,,高知県香美市香北町韮生野,33.6498139,133.7837750,"https://maps.google.com/?q=33.6498139,133.7837750",,,國學院大學「神道・神社史料集成（現代）」収録社。,KOKUGAKUIN_MODERN,54570,2
T2M54584,天忍穂別神社,あめのおしほわけじんじゃ,県社,,,,,高知県,,高知県香南市香我美町山川,33.5865250,133.7721972,"https://maps.google.com/?q=33.5865250,133.7721972",,,國學院大學「神道・神社史料集成（現代）」収録社。,KOKUGAKUIN_MODERN,54584,2
T2M54573,天満宮,てんまんぐう,県社,,,,,高知県,,高知県高知市天神町,33.5532028,133.5347333,"https://maps.google.com/?q=33.5532028,133.5347333",,,國學院大學「神道・神社史料集成（現代）」収録社。,KOKUGAKUIN_MODERN,54573,2
T2M54580,小村神社,おむらじんじゃ,県社,,,,,高知県,,高知県高岡郡日高村下分,33.5432278,133.3929917,"https://maps.google.com/?q=33.5432278,133.3929917",,,國學院大學「神道・神社史料集成（現代）」収録社。,KOKUGAKUIN_MODERN,54580,2
T2M53558,山内神社,やまうちじんじゃ,別格官幣社,,,,,高知県,,高知県高知市鷹匠町,33.5554397,133.5318847,"https://maps.google.com/?q=33.5554397,133.5318847",,,國學院大學「神道・神社史料集成（現代）」収録社。,KOKUGAKUIN_MODERN,53558,2
T2M54569,朝倉神社,あさくらじんじゃ,県社,式内社,,,,高知県,,高知県高知市朝倉,33.5533722,133.4817583,"https://maps.google.com/?q=33.5533722,133.4817583",,,國學院大學「神道・神社史料集成（現代）」収録社。,KOKUGAKUIN_MODERN,54569,2
T2M54583,椙本神社,すぎもとじんじゃ,県社,,,,,高知県,,高知県吾川郡いの町大国町,33.5505389,133.4209806,"https://maps.google.com/?q=33.5505389,133.4209806",,,國學院大學「神道・神社史料集成（現代）」収録社。,KOKUGAKUIN_MODERN,54583,2
T2M54575,深渕神社,ふかふちじんじゃ,県社,式内社,,,,高知県,,高知県香南市野市町西野,33.5691389,133.6892750,"https://maps.google.com/?q=33.5691389,133.6892750",,,國學院大學「神道・神社史料集成（現代）」収録社。,KOKUGAKUIN_MODERN,54575,2
T2M54568,神峯神社,こうのみねじんじゃ,県社,,,,,高知県,,高知県安芸郡安田町唐浜,33.4688194,133.9752083,"https://maps.google.com/?q=33.4688194,133.9752083",,,國學院大學「神道・神社史料集成（現代）」収録社。,KOKUGAKUIN_MODERN,54568,2
T2M54585,秦神社,はだじんじゃ,県社,,,,,高知県,,高知県高知市長浜,33.5014611,133.5432722,"https://maps.google.com/?q=33.5014611,133.5432722",,,國學院大學「神道・神社史料集成（現代）」収録社。,KOKUGAKUIN_MODERN,54585,2
T2M54579,若一王子宮,にゃくいちおうじぐう,県社,,,,,高知県,,高知県香南市香我美町徳王子,33.5567889,133.7346278,"https://maps.google.com/?q=33.5567889,133.7346278",,,國學院大學「神道・神社史料集成（現代）」収録社。,KOKUGAKUIN_MODERN,54579,2
T2M54582,若宮八幡宮,わかみやはちまんぐう,県社,,,,,高知県,,高知県高知市長浜,33.4950056,133.5435944,"https://maps.google.com/?q=33.4950056,133.5435944",,,國學院大學「神道・神社史料集成（現代）」収録社。,KOKUGAKUIN_MODERN,54582,2
T2M54574,藤並神社（山内神社）,ふじなみじんじゃ（やまうちじんじゃ）,県社,,,,,高知県,,高知県高知市鷹匠町,33.5554694,133.5318611,"https://maps.google.com/?q=33.5554694,133.5318611",,,國學院大學「神道・神社史料集成（現代）」収録社。,KOKUGAKUIN_MODERN,54574,2
T2M54571,高岡神社,たかおかじんじゃ,県社,,,,,高知県,,高知県高岡郡四万十町宮内,33.2339917,133.1505583,"https://maps.google.com/?q=33.2339917,133.1505583",,,國學院大學「神道・神社史料集成（現代）」収録社。,KOKUGAKUIN_MODERN,54571,2
T2M54576,高知八幡宮,こうちはちまんぐう,県社,,,,,高知県,,高知県高知市はりやま町,33.5637194,133.5448417,"https://maps.google.com/?q=33.5637194,133.5448417",,,國學院大學「神道・神社史料集成（現代）」収録社。,KOKUGAKUIN_MODERN,54576,2
T2M54361,倉田八幡宮,くらだはちまんぐう,県社,,,,,鳥取県,,鳥取県鳥取市馬場,35.4652278,134.2251917,"https://maps.google.com/?q=35.4652278,134.2251917",,,國學院大學「神道・神社史料集成（現代）」収録社。,KOKUGAKUIN_MODERN,54361,2
T2M53527,倭文神社,しとりじんじゃ,国幣小社,式内社,,,,鳥取県,,鳥取県東伯郡湯梨浜町宮内,35.4902825,133.9030033,"https://maps.google.com/?q=35.4902825,133.9030033",,,國學院大學「神道・神社史料集成（現代）」収録社。,KOKUGAKUIN_MODERN,53527,2
T2M54813,倭文神社,しどりじんじゃ,県社,式内社,,,,鳥取県,,鳥取県倉吉市志津,35.3936481,133.7559850,"https://maps.google.com/?q=35.3936481,133.7559850",,,國學院大學「神道・神社史料集成（現代）」収録社。,KOKUGAKUIN_MODERN,54813,2
T2M54356,加知彌神社,かちみじんじゃ,県社,式内社,,,,鳥取県,,鳥取県鳥取市鹿野町寺内,35.4784944,134.0521056,"https://maps.google.com/?q=35.4784944,134.0521056",,,國學院大學「神道・神社史料集成（現代）」収録社。,KOKUGAKUIN_MODERN,54356,2
T2M53539,名和神社,なわじんじゃ,別格官幣社,,,,,鳥取県,,鳥取県西伯郡大山町名和,35.5044436,133.4950072,"https://maps.google.com/?q=35.5044436,133.4950072",,,國學院大學「神道・神社史料集成（現代）」収録社。,KOKUGAKUIN_MODERN,53539,2
T2M54364,国庁裏神社,こくちょうりじんじゃ,県社,,,,,鳥取県,,鳥取県倉吉市国分寺,35.4314417,133.7864611,"https://maps.google.com/?q=35.4314417,133.7864611",,,國學院大學「神道・神社史料集成（現代）」収録社。,KOKUGAKUIN_MODERN,54364,2
T2M53437,大神山神社,おおがみやまじんじゃ,国幣小社,式内社,,,,鳥取県,,鳥取県米子市尾高,35.4176417,133.4059778,"https://maps.google.com/?q=35.4176417,133.4059778",,,國學院大學「神道・神社史料集成（現代）」収録社。,KOKUGAKUIN_MODERN,53437,2
T2M54363,松上神社,まつがみじんじゃ,県社,,,,,鳥取県,,鳥取県鳥取市松上,35.4321972,134.1304667,"https://maps.google.com/?q=35.4321972,134.1304667",,,國學院大學「神道・神社史料集成（現代）」収録社。,KOKUGAKUIN_MODERN,54363,2
T2M54358,樂樂福神社,ささふくじんじゃ,県社,,,,,鳥取県,,鳥取県日野郡日南町宮内,35.1428222,133.2561778,"https://maps.google.com/?q=35.1428222,133.2561778",,,國學院大學「神道・神社史料集成（現代）」収録社。,KOKUGAKUIN_MODERN,54358,2
T2M54359,樂樂福神社,ささふくじんじゃ,県社,,,,,鳥取県,,鳥取県日野郡日南町宮内,35.1432472,133.2493278,"https://maps.google.com/?q=35.1432472,133.2493278",,,國學院大學「神道・神社史料集成（現代）」収録社。,KOKUGAKUIN_MODERN,54359,2
T2M54360,樗谿神社,おうちだにじんじゃ,県社,,,,,鳥取県,,鳥取県鳥取市上町,35.5009972,134.2460444,"https://maps.google.com/?q=35.5009972,134.2460444",,,國學院大學「神道・神社史料集成（現代）」収録社。,KOKUGAKUIN_MODERN,54360,2
T2M54362,波波伎神社,ははきじんじゃ,県社,式内社,,,,鳥取県,,鳥取県倉吉市福庭,35.4652444,133.8542222,"https://maps.google.com/?q=35.4652444,133.8542222",,,國學院大學「神道・神社史料集成（現代）」収録社。,KOKUGAKUIN_MODERN,54362,2
T2M54357,賀露神社,かろじんじゃ,県社,,,,,鳥取県,,鳥取県鳥取市賀露町北,35.5349139,134.1908694,"https://maps.google.com/?q=35.5349139,134.1908694",,,國學院大學「神道・神社史料集成（現代）」収録社。,KOKUGAKUIN_MODERN,54357,2
T2M54355,長田神社,ながたじんじゃ,県社,,,,,鳥取県,,鳥取県鳥取市東町,35.5062639,134.2411028,"https://maps.google.com/?q=35.5062639,134.2411028",,,國學院大學「神道・神社史料集成（現代）」収録社。,KOKUGAKUIN_MODERN,54355,2
T2M54814,大穴持神社,おおなむぢじんじゃ,県社,式内社,,,,鹿児島,,鹿児島霧島市国分広瀬,31.7153000,130.7567639,"https://maps.google.com/?q=31.7153000,130.7567639",,,國學院大學「神道・神社史料集成（現代）」収録社。,KOKUGAKUIN_MODERN,54814,2
T2M54788,住吉神社,すみよしじんじゃ,県社,,,,,鹿児島県,,鹿児島県曽於市末吉町二之方,31.6306889,131.0384000,"https://maps.google.com/?q=31.6306889,131.0384000",,,國學院大學「神道・神社史料集成（現代）」収録社。,KOKUGAKUIN_MODERN,54788,2
T2M54775,加紫久利神社,かしくりじんじゃ,県社,式内社,,,,鹿児島県,,鹿児島県出水市下鯖町,32.1195833,130.3487472,"https://maps.google.com/?q=32.1195833,130.3487472",,,國學院大學「神道・神社史料集成（現代）」収録社。,KOKUGAKUIN_MODERN,54775,2
T2M54786,四十九所神社,しじゅうくしょじんじゃ,県社,,,,,鹿児島県,,鹿児島県肝属郡肝付町新富,31.3433333,130.9468306,"https://maps.google.com/?q=31.3433333,130.9468306",,,國學院大學「神道・神社史料集成（現代）」収録社。,KOKUGAKUIN_MODERN,54786,2
T2M54776,多布施神社,たぶせじんじゃ,県社,,,,,鹿児島県,,鹿児島県南さつま市金峰町尾下,31.4554750,130.3482806,"https://maps.google.com/?q=31.4554750,130.3482806",,,國學院大學「神道・神社史料集成（現代）」収録社。,KOKUGAKUIN_MODERN,54776,2
T2M54777,宮浦宮,みやのうらぐう,県社,式内社,,,,鹿児島県,,鹿児島県霧島市福山町福山,31.6710639,130.8194889,"https://maps.google.com/?q=31.6710639,130.8194889",,,國學院大學「神道・神社史料集成（現代）」収録社。,KOKUGAKUIN_MODERN,54777,2
T2M54783,徳重神社,とくしげじんじゃ,県社,,,,,鹿児島県,,鹿児島県日置市伊集院町徳重,31.6322333,130.3947000,"https://maps.google.com/?q=31.6322333,130.3947000",,,國學院大學「神道・神社史料集成（現代）」収録社。,KOKUGAKUIN_MODERN,54783,2
T2M54773,志奈尾神社,しなおじんじゃ,県社,,,,,鹿児島県,,鹿児島県薩摩川内市宮里町,31.8163639,130.2868639,"https://maps.google.com/?q=31.8163639,130.2868639",,,國學院大學「神道・神社史料集成（現代）」収録社。,KOKUGAKUIN_MODERN,54773,2
T2M54768,智賀尾神社,ちかおじんじゃ,県社,,,,,鹿児島県,,鹿児島県鹿児島市郡山岳町,31.7042556,130.4429056,"https://maps.google.com/?q=31.7042556,130.4429056",,,國學院大學「神道・神社史料集成（現代）」収録社。,KOKUGAKUIN_MODERN,54768,2
T2M54772,月讀神社,つきよみじんじゃ,県社,,,,,鹿児島県,,鹿児島県鹿児島市桜島横山町,31.5910778,130.6001750,"https://maps.google.com/?q=31.5910778,130.6001750",,,國學院大學「神道・神社史料集成（現代）」収録社。,KOKUGAKUIN_MODERN,54772,2
T2M54784,松原神社,まつばらじんじゃ,県社,,,,,鹿児島県,,鹿児島県鹿児島市松原町,31.5864472,130.5576361,"https://maps.google.com/?q=31.5864472,130.5576361",,,國學院大學「神道・神社史料集成（現代）」収録社。,KOKUGAKUIN_MODERN,54784,2
T2M53446,枚聞神社,ひらききじんじゃ,国幣小社,式内社,,,,鹿児島県,,鹿児島県指宿市開聞十町,31.2078778,130.5396944,"https://maps.google.com/?q=31.2078778,130.5396944",,,國學院大學「神道・神社史料集成（現代）」収録社。,KOKUGAKUIN_MODERN,53446,2
T2M53547,照國神社,てるくにじんじゃ,別格官幣社,,,,,鹿児島県,,鹿児島県鹿児島市照国町,31.5945681,130.5506417,"https://maps.google.com/?q=31.5945681,130.5506417",,,國學院大學「神道・神社史料集成（現代）」収録社。,KOKUGAKUIN_MODERN,53547,2
T2M54792,熊野神社,くまのじんじゃ,県社,,,,,鹿児島県,,鹿児島県熊毛郡中種子町坂井,30.4692639,130.9663806,"https://maps.google.com/?q=30.4692639,130.9663806",,,國學院大學「神道・神社史料集成（現代）」収録社。,KOKUGAKUIN_MODERN,54792,2
T2M54780,白羽火雷神社,しらはほのいかづちじんじゃ,県社,,,,,鹿児島県,,鹿児島県薩摩川内市平佐町,31.8206361,130.3136500,"https://maps.google.com/?q=31.8206361,130.3136500",,,國學院大學「神道・神社史料集成（現代）」収録社。,KOKUGAKUIN_MODERN,54780,2
T2M54778,益救神社,やくじんじゃ,県社,式内社,,,,鹿児島県,,鹿児島県熊毛郡上屋久町宮之浦,30.4271694,130.5718000,"https://maps.google.com/?q=30.4271694,130.5718000",,,國學院大學「神道・神社史料集成（現代）」収録社。,KOKUGAKUIN_MODERN,54778,2
T2M54774,竹屋神社,たけやじんじゃ,県社,,,,,鹿児島県,,鹿児島県南さつま市加世田宮原,31.4306917,130.3098889,"https://maps.google.com/?q=31.4306917,130.3098889",,,國學院大學「神道・神社史料集成（現代）」収録社。,KOKUGAKUIN_MODERN,54774,2
T2M54785,竹田神社,たけだじんじゃ,県社,,,,,鹿児島県,,鹿児島県南さつま市加世田武田,31.4104417,130.3157583,"https://maps.google.com/?q=31.4104417,130.3157583",,,國學院大學「神道・神社史料集成（現代）」収録社。,KOKUGAKUIN_MODERN,54785,2
T2M54782,精矛神社,くわしほこじんじゃ,県社,,,,,鹿児島県,,鹿児島県姶良市加治木町日木山,31.7405389,130.6769833,"https://maps.google.com/?q=31.7405389,130.6769833",,,國學院大學「神道・神社史料集成（現代）」収録社。,KOKUGAKUIN_MODERN,54782,2
T2M54766,紫尾神社,しびじんじゃ,県社,,,,,鹿児島県,,鹿児島県出水市高尾野町唐笠木,32.0709611,130.2990861,"https://maps.google.com/?q=32.0709611,130.2990861",,,國學院大學「神道・神社史料集成（現代）」収録社。,KOKUGAKUIN_MODERN,54766,2
T2M54770,紫尾神社,しびじんじゃ,県社,,,,,鹿児島県,,鹿児島県薩摩郡さつま町紫尾,31.9315889,130.4714750,"https://maps.google.com/?q=31.9315889,130.4714750",,,國學院大學「神道・神社史料集成（現代）」収録社。,KOKUGAKUIN_MODERN,54770,2
T2M54781,蒲生八幡神社,がもうはちまんじんじゃ,県社,,,,,鹿児島県,,鹿児島県姶良市蒲生町上久徳,31.7656944,130.5696889,"https://maps.google.com/?q=31.7656944,130.5696889",,,國學院大學「神道・神社史料集成（現代）」収録社。,KOKUGAKUIN_MODERN,54781,2
T2M54787,谷山神社,たにやまじんじゃ,県社,,,,,鹿児島県,,鹿児島県鹿児島市下福元町,31.5118167,130.5002417,"https://maps.google.com/?q=31.5118167,130.5002417",,,國學院大學「神道・神社史料集成（現代）」収録社。,KOKUGAKUIN_MODERN,54787,2
T2M54791,豊玉姫神社,とよたまひめじんじゃ,県社,,,,,鹿児島県,,鹿児島県南九州市知覧町郡,31.3727139,130.4307583,"https://maps.google.com/?q=31.3727139,130.4307583",,,國學院大學「神道・神社史料集成（現代）」収録社。,KOKUGAKUIN_MODERN,54791,2
T2M53449,霧島神宮,きりしまじんぐう,官幣大社,式内社,,,,鹿児島県,,鹿児島県霧島市霧島田口,31.8575211,130.8706347,"https://maps.google.com/?q=31.8575211,130.8706347",,,國學院大學「神道・神社史料集成（現代）」収録社。,KOKUGAKUIN_MODERN,53449,2
T2M54767,韓国宇豆峯神社,からくにうずみねじんじゃ,県社,式内社,,,,鹿児島県,,鹿児島県霧島市国分上井,31.7274389,130.7898889,"https://maps.google.com/?q=31.7274389,130.7898889",,,國學院大學「神道・神社史料集成（現代）」収録社。,KOKUGAKUIN_MODERN,54767,2
T2M54790,飯倉神社,いいくらじんじゃ,県社,,,,,鹿児島県,,鹿児島県南九州市川辺町宮,31.3795222,130.3911750,"https://maps.google.com/?q=31.3795222,130.3911750",,,國學院大學「神道・神社史料集成（現代）」収録社。,KOKUGAKUIN_MODERN,54790,2
T2M54789,高千穂神社,たかちほじんじゃ,県社,,,,,鹿児島県,,鹿児島県奄美市名瀬井根町,28.3751278,129.4899222,"https://maps.google.com/?q=28.3751278,129.4899222",,,國學院大學「神道・神社史料集成（現代）」収録社。,KOKUGAKUIN_MODERN,54789,2
T2M54779,鶴嶺神社,つるがねじんじゃ,県社,,,,,鹿児島県,,鹿児島県鹿児島市吉野町磯,31.6182167,130.5764111,"https://maps.google.com/?q=31.6182167,130.5764111",,,國學院大學「神道・神社史料集成（現代）」収録社。,KOKUGAKUIN_MODERN,54779,2
T2M53428,鹿児島神宮,かごしまじんぐう,官幣大社,式内社,,,,鹿児島県,,鹿児島県霧島市隼人町内,31.7535194,130.7378639,"https://maps.google.com/?q=31.7535194,130.7378639",,,國學院大學「神道・神社史料集成（現代）」収録社。,KOKUGAKUIN_MODERN,53428,2
T2M54769,鹿児島神社,かごしまじんじゃ,県社,,,,,鹿児島県,,鹿児島県鹿児島市草牟田,31.6097722,130.5395028,"https://maps.google.com/?q=31.6097722,130.5395028",,,國學院大學「神道・神社史料集成（現代）」収録社。,KOKUGAKUIN_MODERN,54769,2
